,prate,mrate,totpart,totelg,age,totemp,sole,ltotemp
0,26.1,0.21,1653.0,6322.0,8,8709.0,0,9.072112
1,100.0,1.42,262.0,262.0,6,315.0,1,5.7525725
2,97.6,0.91,166.0,170.0,10,275.0,1,5.616771
3,100.0,0.42,257.0,257.0,7,500.0,0,6.214608
4,82.5,0.53,591.0,716.0,28,933.0,1,6.838405
5,100.0,1.82,92.0,92.0,7,143.0,1,4.962845
6,100.0,0.53,399.0,399.0,31,628.0,1,6.44254
7,92.5,0.34,210.0,227.0,13,823.0,0,6.7129564
8,100.0,0.22,234.0,234.0,21,279.0,1,5.6312118
9,96.8,0.6,120.0,124.0,10,141.0,1,4.94876
10,83.0,0.5,156.0,188.0,5,252.0,0,5.529429
11,100.0,1.11,187.0,187.0,20,237.0,1,5.46806
12,65.5,0.43,350.0,534.0,5,681.0,1,6.5235624
13,84.9,0.51,1519.0,1790.0,10,2557.0,0,7.84659
14,100.0,0.19,150.0,150.0,7,187.0,1,5.2311087
15,100.0,0.41,160.0,160.0,7,188.0,1,5.236442
16,100.0,0.84,3448.0,3448.0,13,4120.0,0,8.323608
17,77.6,0.46,225.0,290.0,15,341.0,0,5.8318825
18,100.0,0.45,519.0,519.0,15,598.0,0,6.393591
19,100.0,1.13,176.0,176.0,8,273.0,1,5.609472
20,66.9,0.48,79.0,118.0,5,224.0,1,5.411646
21,100.0,0.39,270.0,270.0,7,415.0,0,6.0282784
22,70.3,0.21,201.0,286.0,7,361.0,0,5.888878
23,100.0,0.95,381.0,381.0,23,422.0,0,6.0450053
24,51.3,0.34,284.0,554.0,9,797.0,1,6.680855
25,61.3,0.36,171.0,279.0,15,2102.0,1,7.650645
26,88.3,0.96,3858.0,4371.0,28,4371.0,0,8.382747
27,100.0,0.87,143.0,143.0,8,143.0,1,4.962845
28,82.9,4.2,107.0,129.0,7,131.0,1,4.8751974
29,77.8,0.08,770.0,990.0,6,1042.0,0,6.9488974
30,100.0,0.91,179.0,179.0,6,312.0,1,5.7430034
31,90.1,0.44,2803.0,3110.0,6,3543.0,0,8.1727295
32,85.3,0.62,93.0,109.0,13,158.0,0,5.062595
33,100.0,0.28,425.0,425.0,7,458.0,0,6.126869
34,100.0,0.59,2027.0,2027.0,7,2442.0,0,7.800573
35,75.6,0.3,438.0,579.0,11,1721.0,0,7.4506607
36,100.0,0.56,584.0,584.0,7,685.0,1,6.529419
37,100.0,0.65,1284.0,1284.0,5,1559.0,0,7.3518
38,100.0,1.31,109.0,109.0,37,297.0,1,5.6937323
39,78.2,0.21,1017.0,1301.0,7,2125.0,0,7.661527
40,77.4,0.41,209.0,270.0,7,381.0,1,5.9427996
41,100.0,0.23,145.0,145.0,6,405.0,0,6.003887
42,77.0,0.41,612.0,795.0,12,1125.0,0,7.0255384
43,100.0,2.03,133.0,133.0,35,206.0,1,5.327876
44,98.9,0.52,275.0,278.0,42,297.0,0,5.6937323
45,75.3,0.39,192.0,255.0,6,1024.0,0,6.931472
46,77.2,0.16,464.0,601.0,6,636.0,0,6.455199
47,100.0,0.99,542.0,542.0,9,622.0,0,6.43294
48,88.5,0.1,3107.0,3510.0,5,6428.0,0,8.768418
49,100.0,0.02,732.0,732.0,7,2284.0,0,7.7336836
50,100.0,0.88,173.0,173.0,7,322.0,1,5.7745514
51,42.5,0.29,316.0,744.0,37,775.0,0,6.652863
52,100.0,0.13,122.0,122.0,11,157.0,1,5.056246
53,100.0,1.59,390.0,390.0,32,446.0,0,6.100319
54,74.7,0.58,2307.0,3089.0,36,4067.0,1,8.310661
55,37.5,0.29,1136.0,3033.0,6,3351.0,0,8.117014
56,78.0,0.14,2332.0,2990.0,9,9080.0,1,9.11383
57,84.0,0.65,905.0,1078.0,31,1253.0,1,7.133296
58,100.0,2.39,179.0,179.0,6,179.0,1,5.187386
59,100.0,1.14,307.0,307.0,20,411.0,1,6.0185933
60,84.9,0.41,686.0,808.0,7,1404.0,1,7.247081
61,79.5,0.22,1634.0,2055.0,5,2304.0,0,7.742402
62,100.0,0.45,118.0,118.0,5,149.0,1,5.0039463
63,100.0,1.1,337.0,337.0,14,720.0,1,6.5792513
64,95.8,0.63,113.0,118.0,6,130.0,0,4.8675346
65,99.3,0.49,599.0,603.0,28,665.0,0,6.499787
66,81.2,0.15,108.0,133.0,7,231.0,1,5.4424176
67,93.6,0.11,162.0,173.0,27,211.0,1,5.351858
68,88.1,0.24,222.0,252.0,8,425.0,1,6.052089
69,100.0,0.65,150.0,150.0,16,198.0,1,5.288267
70,100.0,1.35,285.0,285.0,10,287.0,0,5.659482
71,100.0,0.2,2311.0,2311.0,5,3062.0,0,8.026824
72,81.0,0.18,102.0,126.0,27,151.0,1,5.0172796
73,100.0,1.17,101.0,101.0,8,247.0,0,5.5093884
74,73.8,1.12,357.0,484.0,20,24656.0,1,10.112776
75,65.7,0.15,334.0,508.0,6,808.0,0,6.694562
76,94.9,1.66,1330.0,1402.0,27,2437.0,0,7.798523
77,38.1,0.2,69.0,181.0,6,529.0,1,6.2709885
78,91.9,0.2,148.0,161.0,11,575.0,0,6.35437
79,35.6,0.19,678.0,1904.0,9,5102.0,0,8.537388
80,71.9,0.22,1252.0,1741.0,5,2896.0,0,7.9710855
81,77.4,2.24,212.0,274.0,6,379.0,0,5.9375362
82,100.0,0.62,163.0,163.0,11,253.0,1,5.5333896
83,93.2,0.44,1915.0,2054.0,8,3400.0,1,8.131531
84,84.6,0.44,312.0,369.0,7,591.0,0,6.381816
85,90.3,0.47,940.0,1041.0,8,1102.0,0,7.004882
86,73.0,0.12,92.0,126.0,8,138.0,1,4.9272537
87,86.3,0.44,320.0,371.0,7,482.0,0,6.177944
88,95.6,0.44,259.0,271.0,7,3661.0,1,8.205492
89,80.5,4.66,24772.0,30767.0,16,31973.0,0,10.372647
90,65.6,0.26,80.0,122.0,7,306.0,1,5.723585
91,37.7,0.35,251.0,665.0,8,1395.0,0,7.2406497
92,78.4,0.23,254.0,324.0,6,391.0,0,5.9687076
93,61.7,0.23,463.0,750.0,10,926.0,1,6.8308744
94,58.7,0.25,2371.0,4039.0,14,4838.0,0,8.484257
95,81.1,0.41,189.0,233.0,8,424.0,1,6.0497336
96,100.0,0.69,427.0,427.0,10,3209.0,1,8.073714
97,58.4,0.34,108.0,185.0,5,273.0,1,5.609472
98,34.2,0.21,230.0,672.0,5,798.0,1,6.6821084
99,100.0,1.1,381.0,381.0,7,478.0,1,6.1696105
100,100.0,0.51,203.0,203.0,9,597.0,1,6.391917
101,96.0,0.5,25828.0,26906.0,23,93165.0,0,11.442127
102,100.0,0.23,753.0,753.0,7,945.0,1,6.851185
103,100.0,0.9,934.0,934.0,7,989.0,0,6.896694
104,100.0,0.84,595.0,595.0,5,3076.0,0,8.031385
105,100.0,1.07,801.0,801.0,7,8546.0,0,9.053219
106,76.4,0.44,1794.0,2347.0,8,4230.0,1,8.349957
107,100.0,0.35,202.0,202.0,6,267.0,1,5.587249
108,92.7,0.32,127.0,137.0,7,162.0,0,5.0875964
109,56.7,0.29,161.0,284.0,8,1588.0,0,7.3702307
110,100.0,1.99,208.0,208.0,6,208.0,1,5.3375382
111,78.7,0.13,207.0,263.0,7,359.0,1,5.8833222
112,74.1,0.43,235.0,317.0,6,949.0,1,6.8554087
113,45.5,0.07,276.0,606.0,7,710.0,1,6.565265
114,87.4,0.33,188.0,215.0,8,1162.0,1,7.057898
115,100.0,0.94,156.0,156.0,7,1249.0,1,7.1300983
116,86.4,0.37,10149.0,11753.0,5,15602.0,0,9.655154
117,64.6,0.37,148.0,229.0,13,4228.0,1,8.349484
118,93.0,1.0,251.0,270.0,10,996.0,1,6.903747
119,89.5,0.53,213.0,238.0,15,377.0,1,5.9322453
120,100.0,1.6,580.0,580.0,33,889.0,1,6.790097
121,100.0,2.4,154.0,154.0,40,199.0,1,5.293305
122,100.0,0.76,416.0,416.0,24,435.0,1,6.075346
123,68.6,0.45,177.0,258.0,18,301.0,0,5.7071104
124,63.3,0.28,927.0,1465.0,8,2468.0,0,7.8111634
125,100.0,0.7,1147.0,1147.0,25,2174.0,1,7.6843243
126,89.6,0.38,7843.0,8756.0,19,19871.0,0,9.897017
127,88.8,0.4,4402.0,4956.0,10,19871.0,0,9.897017
128,58.6,0.18,184.0,314.0,7,644.0,0,6.4676986
129,100.0,1.07,356.0,356.0,6,593.0,1,6.3851943
130,100.0,0.2,3701.0,3701.0,33,6769.0,0,8.820108
131,100.0,0.62,241.0,241.0,7,373.0,1,5.9215784
132,56.2,0.18,406.0,723.0,6,1035.0,0,6.942157
133,100.0,0.85,122.0,122.0,35,196.0,1,5.278115
134,61.8,0.45,792.0,1281.0,6,1843.0,0,7.51915
135,75.7,0.3,184.0,243.0,7,271.0,0,5.602119
136,100.0,0.39,104.0,104.0,27,207.0,1,5.332719
137,100.0,0.47,2014.0,2014.0,8,3511.0,0,8.163656
138,100.0,0.11,114.0,114.0,7,134.0,1,4.89784
139,100.0,0.83,206.0,206.0,31,290.0,1,5.669881
140,61.2,0.74,8322.0,13591.0,7,17986.0,0,9.797349
141,100.0,1.15,411.0,411.0,26,690.0,1,6.5366917
142,100.0,0.6,556.0,556.0,16,891.0,0,6.7923446
143,100.0,0.18,125.0,125.0,5,204.0,0,5.31812
144,68.0,0.25,385.0,566.0,5,879.0,0,6.7787848
145,79.8,0.36,285.0,357.0,6,639.0,0,6.4599047
146,59.4,0.3,368.0,620.0,5,903.0,0,6.8057227
147,100.0,1.41,149.0,149.0,8,250.0,1,5.521461
148,61.6,0.2,178.0,289.0,8,599.0,0,6.395262
149,81.0,0.78,328.0,405.0,20,609.0,0,6.4118185
150,33.5,0.46,85.0,254.0,9,425.0,1,6.052089
151,65.1,0.11,10327.0,15857.0,8,41926.0,0,10.6436615
152,100.0,1.08,277.0,277.0,26,465.0,1,6.1420374
153,83.7,0.31,1626.0,1943.0,24,2364.0,0,7.7681103
154,89.8,0.17,115.0,128.0,7,225.0,0,5.4161005
155,100.0,0.38,174.0,174.0,7,545.0,1,6.300786
156,75.8,0.26,424.0,559.0,7,780.0,0,6.659294
157,66.6,0.15,702.0,1054.0,9,1145.0,0,7.04316
158,85.1,0.1,549.0,645.0,29,1053.0,1,6.9593987
159,100.0,0.53,231.0,231.0,5,278.0,0,5.627621
160,100.0,0.82,148.0,148.0,5,189.0,1,5.241747
161,90.5,0.44,344.0,380.0,19,479.0,1,6.1717005
162,100.0,0.99,76.0,76.0,7,4198.0,1,8.342363
163,67.6,0.77,583.0,863.0,8,978.0,0,6.8855095
164,100.0,4.06,343.0,343.0,7,3290.0,1,8.098643
165,75.0,0.2,645.0,860.0,11,1015.0,0,6.9226437
166,100.0,0.74,250.0,250.0,25,441.0,1,6.089045
167,89.9,0.39,116.0,129.0,7,177.0,0,5.17615
168,100.0,0.43,596.0,596.0,11,781.0,1,6.660575
169,100.0,0.13,412.0,412.0,8,412.0,0,6.0210233
170,100.0,0.21,235.0,235.0,20,768.0,0,6.64379
171,66.9,0.68,113.0,169.0,5,176.0,1,5.170484
172,89.3,0.53,536.0,600.0,18,790.0,1,6.672033
173,100.0,1.9,126.0,126.0,15,750.0,1,6.6200733
174,81.5,0.84,4432.0,5440.0,8,10683.0,0,9.276409
175,80.9,0.42,5138.0,6353.0,13,7428.0,0,8.913012
176,87.6,0.63,99.0,113.0,20,154.0,1,5.0369525
177,77.0,0.55,151.0,196.0,12,221.0,0,5.398163
178,99.5,0.96,219.0,220.0,7,256.0,1,5.5451775
179,97.7,0.52,213.0,218.0,6,250.0,1,5.521461
180,100.0,4.31,292.0,292.0,23,429.0,0,6.061457
181,100.0,1.27,165.0,165.0,5,214.0,1,5.365976
182,58.8,0.32,1096.0,1864.0,9,8470.0,0,9.044286
183,100.0,0.56,293.0,293.0,6,412.0,1,6.0210233
184,100.0,0.29,65.0,65.0,20,118.0,1,4.7706847
185,93.1,0.57,511.0,549.0,9,584.0,1,6.369901
186,100.0,1.27,165.0,165.0,13,207.0,1,5.332719
187,100.0,0.35,175.0,175.0,19,207.0,1,5.332719
188,100.0,0.38,146.0,146.0,5,192.0,1,5.2574954
189,100.0,0.66,121.0,121.0,19,207.0,0,5.332719
190,56.4,0.2,472.0,837.0,12,1522.0,1,7.3277807
191,87.3,0.28,1832.0,2098.0,10,3450.0,1,8.14613
192,100.0,0.67,249.0,249.0,16,764.0,1,6.638568
193,22.1,0.11,166.0,752.0,7,3537.0,1,8.171034
194,48.6,0.19,402.0,828.0,5,1200.0,0,7.090077
195,100.0,0.5,166.0,166.0,7,247.0,1,5.5093884
196,65.1,0.63,3205.0,4926.0,10,31859.0,0,10.369075
197,100.0,0.47,534.0,534.0,7,860.0,1,6.7569323
198,83.4,0.44,2495.0,2991.0,32,5277.0,0,8.571113
199,100.0,0.78,152.0,152.0,11,389.0,1,5.963579
200,100.0,0.47,198.0,198.0,8,308.0,1,5.7300997
201,55.7,0.2,141.0,253.0,6,307.0,0,5.7268476
202,100.0,0.43,215.0,215.0,8,600.0,1,6.3969297
203,100.0,1.8,139.0,139.0,12,204.0,1,5.31812
204,100.0,1.24,360.0,360.0,8,783.0,1,6.6631327
205,100.0,3.16,247.0,247.0,11,268.0,1,5.590987
206,55.1,0.21,102.0,185.0,7,237.0,1,5.46806
207,100.0,1.25,99.0,99.0,9,151.0,0,5.0172796
208,71.4,0.62,267.0,374.0,5,416.0,1,6.0306854
209,78.3,0.5,382.0,488.0,7,654.0,1,6.4831076
210,100.0,0.51,574.0,574.0,13,831.0,1,6.72263
211,100.0,0.77,306.0,306.0,11,545.0,1,6.300786
212,100.0,0.4,3030.0,3030.0,6,4075.0,0,8.312626
213,99.1,0.28,111.0,112.0,11,144.0,1,4.9698133
214,100.0,1.02,560.0,560.0,8,2409.0,0,7.786967
215,78.5,0.34,197.0,251.0,9,264.0,1,5.575949
216,64.9,0.47,181.0,279.0,5,309.0,1,5.733341
217,77.5,0.6,110.0,142.0,7,190.0,1,5.247024
218,58.6,0.37,140.0,239.0,7,695.0,0,6.543912
219,100.0,0.19,142.0,142.0,5,171.0,1,5.1416636
220,80.0,0.2,557.0,696.0,6,889.0,0,6.790097
221,100.0,0.47,409.0,409.0,6,796.0,1,6.6795993
222,100.0,0.69,161.0,161.0,5,323.0,1,5.7776523
223,100.0,1.23,265.0,265.0,6,265.0,1,5.57973
224,42.1,0.19,1217.0,2892.0,6,5036.0,0,8.524367
225,100.0,2.89,247.0,247.0,8,333.0,1,5.8081427
226,73.4,0.4,91.0,124.0,5,173.0,1,5.1532917
227,77.5,0.1,179.0,231.0,5,409.0,1,6.0137153
228,100.0,0.55,852.0,852.0,5,852.0,1,6.7475867
229,59.1,0.42,272.0,460.0,8,1521.0,1,7.327123
230,75.3,0.47,440.0,584.0,6,753.0,1,6.6240654
231,92.2,0.62,379.0,411.0,17,468.0,1,6.1484685
232,82.6,0.64,176.0,213.0,30,254.0,0,5.5373344
233,89.8,0.23,132.0,147.0,24,540.0,0,6.291569
234,95.3,0.41,123.0,129.0,5,491.0,0,6.196444
235,47.3,0.42,156.0,330.0,7,384.0,0,5.9506426
236,78.6,0.2,971.0,1236.0,5,4195.0,0,8.341649
237,75.5,0.24,880.0,1165.0,20,1306.0,0,7.174724
238,100.0,0.82,470.0,470.0,16,569.0,0,6.3438807
239,90.7,0.4,165.0,182.0,10,268.0,0,5.590987
240,97.2,0.24,106.0,109.0,10,124.0,0,4.8202815
241,60.6,0.19,197.0,325.0,6,975.0,1,6.8824377
242,87.1,0.23,546.0,627.0,6,694.0,0,6.542472
243,100.0,0.96,93.0,93.0,15,104.0,1,4.644391
244,79.0,0.16,454.0,575.0,8,880.0,0,6.779922
245,100.0,1.7,257.0,257.0,7,307.0,1,5.7268476
246,100.0,0.7,213.0,213.0,7,720.0,1,6.5792513
247,100.0,0.67,104.0,104.0,7,116.0,1,4.75359
248,48.6,0.47,134.0,276.0,6,287.0,1,5.659482
249,100.0,1.34,115.0,115.0,23,194.0,1,5.267858
250,100.0,1.02,123.0,123.0,15,244.0,1,5.497168
251,92.7,0.22,102.0,110.0,9,174.0,1,5.159055
252,100.0,2.6,132.0,132.0,20,205.0,1,5.32301
253,100.0,0.17,163.0,163.0,23,394.0,0,5.976351
254,100.0,1.32,119.0,119.0,8,244.0,1,5.497168
255,68.7,0.07,572.0,833.0,22,833.0,0,6.7250338
256,100.0,1.33,156.0,156.0,23,227.0,0,5.42495
257,100.0,1.44,97.0,97.0,16,306.0,1,5.723585
258,100.0,1.23,2097.0,2097.0,10,2868.0,0,7.96137
259,100.0,2.34,138.0,138.0,5,237.0,1,5.46806
260,100.0,2.62,51200.0,51200.0,17,51200.0,1,10.843494
261,100.0,0.39,136.0,136.0,14,334.0,1,5.811141
262,100.0,1.43,210.0,210.0,8,256.0,1,5.5451775
263,100.0,0.05,234.0,234.0,17,1107.0,1,7.009409
264,100.0,4.64,114.0,114.0,6,185.0,1,5.220356
265,100.0,0.26,161.0,161.0,6,737.0,0,6.6025877
266,100.0,2.51,244.0,244.0,5,244.0,1,5.497168
267,100.0,0.64,355.0,355.0,5,440.0,0,6.086775
268,100.0,0.88,403.0,403.0,5,437.0,0,6.079933
269,100.0,1.3,203.0,203.0,8,253.0,1,5.5333896
270,100.0,0.59,159.0,159.0,5,183.0,1,5.209486
271,94.5,0.29,596.0,631.0,7,631.0,0,6.4473057
272,100.0,0.52,257.0,257.0,7,259.0,1,5.556828
273,100.0,0.17,2972.0,2972.0,6,4197.0,0,8.342125
274,100.0,0.47,389.0,389.0,5,531.0,1,6.274762
275,78.0,0.56,568.0,728.0,12,3924.0,0,8.274867
276,88.5,0.43,1899.0,2146.0,6,2153.0,0,7.6746173
277,100.0,0.15,261.0,261.0,7,739.0,0,6.605298
278,99.9,0.36,847.0,848.0,8,976.0,1,6.8834624
279,100.0,0.37,637.0,637.0,22,751.0,0,6.6214056
280,100.0,0.2,100.0,100.0,5,147.0,1,4.9904327
281,75.7,0.22,2572.0,3399.0,9,14204.0,0,9.561279
282,100.0,1.66,224.0,224.0,21,332.0,0,5.805135
283,66.6,0.37,251.0,377.0,7,1524.0,0,7.329094
284,75.9,0.42,472.0,622.0,7,812.0,0,6.6995006
285,93.8,0.2,105.0,112.0,6,142.0,0,4.955827
286,86.6,0.11,596.0,688.0,10,919.0,0,6.823286
287,100.0,1.07,103.0,103.0,9,106.0,1,4.6634393
288,100.0,0.37,437.0,437.0,7,446.0,0,6.100319
289,100.0,0.73,616.0,616.0,7,639.0,1,6.4599047
290,64.9,0.42,96.0,148.0,20,225.0,1,5.4161005
291,100.0,2.53,134.0,134.0,9,191.0,1,5.2522736
292,100.0,0.3,2851.0,2851.0,7,4044.0,0,8.30499
293,100.0,0.39,381.0,381.0,7,561.0,0,6.329721
294,75.3,0.43,290.0,385.0,24,1108.0,0,7.010312
295,96.8,0.18,274.0,283.0,8,315.0,0,5.7525725
296,100.0,0.29,433.0,433.0,9,471.0,0,6.154858
297,49.6,1.45,137.0,276.0,11,328.0,0,5.7930136
298,42.4,0.64,772.0,1821.0,8,2048.0,0,7.624619
299,100.0,0.25,182.0,182.0,21,635.0,1,6.453625
300,100.0,0.63,214.0,214.0,20,268.0,0,5.590987
301,100.0,0.32,249.0,249.0,7,308.0,1,5.7300997
302,83.7,0.15,431.0,515.0,15,600.0,0,6.3969297
303,83.5,0.67,71.0,85.0,6,101.0,1,4.6151204
304,85.1,0.23,131.0,154.0,4,285.0,1,5.652489
305,80.6,0.42,1409.0,1748.0,14,3138.0,0,8.051341
306,100.0,0.03,255.0,255.0,25,266.0,0,5.583496
307,100.0,0.87,126.0,126.0,7,233.0,1,5.4510384
308,77.4,0.22,702.0,907.0,6,1334.0,0,7.195937
309,82.5,3.99,2492.0,3022.0,9,3904.0,0,8.269757
310,100.0,1.11,4252.0,4252.0,33,4483.0,0,8.408048
311,100.0,0.09,483.0,483.0,9,546.0,1,6.302619
312,48.8,0.23,690.0,1413.0,5,4100.0,1,8.318742
313,100.0,0.08,105.0,105.0,5,156.0,1,5.049856
314,73.5,0.31,186.0,253.0,13,260.0,0,5.560682
315,100.0,0.68,1051.0,1051.0,5,1094.0,0,6.997596
316,82.0,0.41,937.0,1142.0,28,6179.0,0,8.728911
317,100.0,0.8,547.0,547.0,20,869.0,1,6.767343
318,77.2,0.74,982.0,1272.0,10,1719.0,0,7.449498
319,100.0,1.42,104.0,104.0,8,141.0,1,4.94876
320,90.7,0.36,411.0,453.0,5,1380.0,1,7.229839
321,100.0,0.89,1275.0,1275.0,8,2473.0,1,7.813187
322,83.6,0.21,138.0,165.0,7,1990.0,1,7.59589
323,100.0,1.09,252.0,252.0,7,254.0,0,5.5373344
324,46.9,0.25,345.0,736.0,7,1131.0,1,7.0308576
325,91.2,0.67,198.0,217.0,9,313.0,0,5.7462034
326,76.5,0.47,297.0,388.0,5,703.0,0,6.555357
327,72.3,0.46,427.0,591.0,8,663.0,1,6.496775
328,96.5,0.72,245.0,254.0,9,348.0,1,5.8522024
329,82.2,0.27,245.0,298.0,7,469.0,1,6.150603
330,100.0,0.44,87.0,87.0,16,117.0,0,4.762174
331,100.0,1.58,123.0,123.0,10,123.0,1,4.8121843
332,100.0,0.33,109.0,109.0,7,161.0,1,5.081404
333,100.0,0.92,108.0,108.0,7,278.0,1,5.627621
334,100.0,0.71,174.0,174.0,7,241.0,1,5.484797
335,100.0,0.55,460.0,460.0,5,705.0,1,6.558198
336,100.0,2.18,826.0,826.0,7,2262.0,1,7.7240047
337,100.0,0.37,246.0,246.0,6,309.0,0,5.733341
338,89.4,1.4,152.0,170.0,6,181.0,1,5.198497
339,100.0,1.48,129.0,129.0,7,795.0,1,6.6783423
340,96.0,2.0,753.0,784.0,16,1003.0,0,6.910751
341,100.0,0.82,380.0,380.0,6,1929.0,0,7.564757
342,100.0,3.81,1989.0,1989.0,6,3924.0,0,8.274867
343,100.0,0.42,155.0,155.0,8,210.0,1,5.3471074
344,100.0,0.53,93.0,93.0,9,262.0,1,5.5683446
345,100.0,1.07,892.0,892.0,16,1334.0,1,7.195937
346,100.0,0.97,884.0,884.0,39,1191.0,0,7.0825486
347,97.4,0.5,518.0,532.0,35,1922.0,0,7.5611215
348,100.0,0.49,1320.0,1320.0,7,1888.0,0,7.5432734
349,93.7,0.36,699.0,746.0,7,1011.0,0,6.9186954
350,74.0,0.24,1232.0,1664.0,6,3733.0,1,8.224967
351,91.6,0.75,536.0,585.0,5,894.0,0,6.795706
352,100.0,0.25,262.0,262.0,6,305.0,0,5.7203116
353,98.6,0.37,207.0,210.0,21,312.0,1,5.7430034
354,77.9,0.37,1170.0,1501.0,6,1782.0,0,7.4854918
355,92.3,0.73,322.0,349.0,37,492.0,1,6.1984787
356,100.0,0.41,634.0,634.0,7,2839.0,0,7.951207
357,100.0,2.0,188.0,188.0,29,283.0,1,5.645447
358,100.0,0.39,178.0,178.0,36,178.0,1,5.1817837
359,91.7,0.11,210.0,229.0,29,783.0,1,6.6631327
360,99.8,1.54,475.0,476.0,16,681.0,1,6.5235624
361,98.7,1.23,155.0,157.0,16,231.0,1,5.4424176
362,100.0,1.46,971.0,971.0,8,12210.0,1,9.41001
363,59.8,0.26,974.0,1629.0,9,1826.0,1,7.509883
364,100.0,0.89,908.0,908.0,14,995.0,0,6.902743
365,21.0,0.17,2577.0,12291.0,24,20928.0,0,9.948843
366,100.0,0.22,251.0,251.0,22,363.0,1,5.894403
367,100.0,0.12,131.0,131.0,9,922.0,1,6.8265452
368,78.0,0.17,213.0,273.0,5,287.0,1,5.659482
369,72.0,0.22,683.0,949.0,7,2977.0,0,7.9986715
370,100.0,0.24,114.0,114.0,6,247.0,1,5.5093884
371,90.8,1.27,128.0,141.0,6,141.0,1,4.94876
372,100.0,1.03,102.0,102.0,9,119.0,1,4.7791233
373,100.0,3.45,212.0,212.0,6,232.0,1,5.4467373
374,100.0,1.99,190.0,190.0,8,211.0,1,5.351858
375,73.7,0.35,168.0,228.0,7,349.0,1,5.855072
376,100.0,1.68,555.0,555.0,18,2691.0,1,7.8976684
377,100.0,0.14,1655.0,1655.0,6,2555.0,0,7.8458076
378,100.0,0.33,148.0,148.0,5,233.0,1,5.4510384
379,100.0,0.1,105.0,105.0,7,105.0,1,4.65396
380,76.3,0.3,161.0,211.0,8,856.0,0,6.75227
381,54.1,0.22,482.0,891.0,6,3277.0,0,8.094684
382,76.5,0.25,127.0,166.0,5,225.0,0,5.4161005
383,95.2,0.52,99.0,104.0,6,317.0,1,5.7589016
384,92.0,0.06,613.0,666.0,15,1368.0,0,7.221105
385,100.0,0.51,284.0,284.0,6,340.0,0,5.8289456
386,100.0,0.87,183.0,183.0,9,221.0,1,5.398163
387,74.4,0.18,232.0,312.0,7,925.0,0,6.829794
388,48.9,0.01,116.0,237.0,7,2114.0,1,7.6563373
389,100.0,1.7,231.0,231.0,8,231.0,1,5.4424176
390,100.0,1.87,333.0,333.0,6,1687.0,1,7.430707
391,100.0,0.53,201.0,201.0,7,607.0,1,6.408529
392,32.5,0.23,50.0,154.0,6,173.0,1,5.1532917
393,59.2,0.2,177.0,299.0,34,404.0,0,6.001415
394,100.0,0.51,340.0,340.0,27,399.0,0,5.988961
395,100.0,2.45,143.0,143.0,23,207.0,0,5.332719
396,74.5,1.65,602.0,808.0,8,1116.0,0,7.017506
397,100.0,0.33,2325.0,2325.0,21,5158.0,1,8.548305
398,87.8,0.46,201.0,229.0,8,511.0,0,6.2363696
399,73.7,0.66,435.0,590.0,10,831.0,0,6.72263
400,87.1,0.56,1169.0,1342.0,10,1706.0,0,7.441907
401,75.2,0.3,465.0,618.0,19,673.0,0,6.5117455
402,99.0,0.62,104.0,105.0,10,117.0,1,4.762174
403,100.0,0.39,213.0,213.0,14,848.0,0,6.742881
404,89.8,0.43,202.0,225.0,6,570.0,1,6.3456364
405,81.0,0.36,383.0,473.0,22,623.0,1,6.4345465
406,63.7,0.4,135.0,212.0,5,274.0,1,5.613128
407,100.0,1.15,1691.0,1691.0,7,2465.0,0,7.809947
408,100.0,0.28,651.0,651.0,21,741.0,1,6.6080008
409,100.0,1.1,238.0,238.0,17,266.0,1,5.583496
410,100.0,0.1,384.0,384.0,7,798.0,0,6.6821084
411,100.0,0.21,232.0,232.0,7,396.0,0,5.9814143
412,100.0,1.41,317.0,317.0,15,1331.0,1,7.193686
413,100.0,0.98,327.0,327.0,7,640.0,1,6.461468
414,100.0,0.43,250.0,250.0,5,533.0,1,6.2785215
415,95.9,0.72,844.0,880.0,8,1040.0,1,6.946976
416,100.0,0.53,172.0,172.0,8,233.0,0,5.4510384
417,80.7,0.69,384.0,476.0,6,626.0,1,6.4393506
418,96.3,0.22,363.0,377.0,5,658.0,1,6.489205
419,95.7,1.76,179.0,187.0,6,1241.0,0,7.123673
420,100.0,1.26,108.0,108.0,9,185.0,1,5.220356
421,83.9,0.34,302.0,360.0,8,731.0,0,6.5944133
422,100.0,0.28,558.0,558.0,6,1939.0,1,7.5699277
423,61.2,0.39,161.0,263.0,7,364.0,0,5.897154
424,100.0,0.21,252.0,252.0,5,278.0,0,5.627621
425,98.1,1.35,259.0,264.0,9,316.0,0,5.755742
426,75.3,0.62,731.0,971.0,11,1142.0,0,7.0405364
427,100.0,4.36,109.0,109.0,29,139.0,1,4.934474
428,99.1,0.48,108.0,109.0,10,117.0,1,4.762174
429,38.7,0.52,118.0,305.0,7,341.0,1,5.8318825
430,84.5,0.81,163.0,193.0,14,323.0,1,5.7776523
431,74.0,0.22,344.0,465.0,7,913.0,0,6.8167357
432,100.0,0.04,125.0,125.0,8,185.0,1,5.220356
433,100.0,0.03,220.0,220.0,6,412.0,0,6.0210233
434,96.1,0.67,442.0,460.0,24,1175.0,1,7.0690236
435,100.0,2.11,1960.0,1960.0,12,5155.0,1,8.547723
436,92.3,0.44,192.0,208.0,7,223.0,0,5.4071717
437,100.0,1.0,11008.0,11008.0,27,31886.0,0,10.369923
438,94.4,0.69,168.0,178.0,10,364.0,1,5.897154
439,39.4,0.27,263.0,667.0,5,944.0,0,6.8501263
440,96.2,0.32,254.0,264.0,7,1697.0,0,7.4366174
441,100.0,0.19,552.0,552.0,16,999.0,0,6.906755
442,73.9,0.6,266.0,360.0,16,516.0,1,6.2461066
443,89.0,0.46,938.0,1054.0,36,1064.0,0,6.9697905
444,100.0,0.47,1174.0,1174.0,6,1380.0,0,7.229839
445,99.9,0.83,3655.0,3659.0,15,3725.0,0,8.222822
446,59.1,1.12,198.0,335.0,36,411.0,0,6.0185933
447,68.5,0.45,304.0,444.0,6,505.0,0,6.2245584
448,89.9,0.47,402.0,447.0,6,561.0,0,6.329721
449,88.0,0.18,191.0,217.0,7,302.0,1,5.710427
450,92.9,0.77,105.0,113.0,11,180.0,1,5.192957
451,100.0,0.79,3333.0,3333.0,7,5062.0,0,8.529517
452,100.0,0.12,269.0,269.0,8,340.0,1,5.8289456
453,85.1,0.42,114.0,134.0,7,144.0,0,4.9698133
454,100.0,1.87,938.0,938.0,7,1652.0,0,7.409742
455,100.0,0.41,198.0,198.0,5,244.0,0,5.497168
456,100.0,0.73,3941.0,3941.0,24,5349.0,1,8.584665
457,59.0,0.87,1136.0,1926.0,35,3566.0,0,8.1792
458,97.8,0.58,616.0,630.0,15,630.0,0,6.4457197
459,78.8,0.82,215.0,273.0,5,358.0,0,5.880533
460,65.5,0.41,116.0,177.0,7,191.0,0,5.2522736
461,92.9,0.83,117.0,126.0,13,208.0,1,5.3375382
462,85.6,0.16,255.0,298.0,7,63681.0,1,11.061642
463,66.6,0.49,613.0,920.0,6,4628.0,1,8.43988
464,83.7,0.3,642.0,767.0,26,2617.0,0,7.869784
465,87.4,0.45,118.0,135.0,7,212.0,0,5.3565865
466,100.0,0.06,667.0,667.0,7,737.0,0,6.6025877
467,100.0,0.97,110.0,110.0,19,111.0,1,4.7095304
468,85.5,0.67,2294.0,2683.0,10,2683.0,0,7.894691
469,39.6,0.26,593.0,1498.0,6,1580.0,0,7.36518
470,66.6,0.69,383.0,575.0,16,626.0,1,6.4393506
471,64.6,0.15,73.0,113.0,5,201.0,1,5.3033047
472,98.9,0.48,1397.0,1413.0,11,1877.0,1,7.53743
473,100.0,1.54,597.0,597.0,20,642.0,0,6.464588
474,100.0,0.4,198.0,198.0,19,279.0,0,5.6312118
475,92.5,0.23,2091.0,2261.0,6,2442.0,0,7.800573
476,95.6,0.57,2177.0,2278.0,7,2309.0,0,7.74457
477,100.0,0.81,99.0,99.0,5,100.0,1,4.6051702
478,97.7,0.63,171.0,175.0,8,232.0,1,5.4467373
479,88.1,2.0,297.0,337.0,7,395.0,0,5.9788857
480,100.0,0.16,100.0,100.0,19,121.0,1,4.7957907
481,100.0,1.21,300.0,300.0,7,5928.0,1,8.687442
482,74.6,0.39,209.0,280.0,22,294.0,0,5.68358
483,76.5,0.8,1823.0,2383.0,6,3374.0,0,8.123855
484,99.0,1.48,197.0,199.0,5,219.0,1,5.389072
485,100.0,0.58,4066.0,4066.0,7,5800.0,0,8.665613
486,72.8,0.52,209.0,287.0,13,291.0,1,5.673323
487,93.0,0.49,239.0,257.0,19,257.0,1,5.549076
488,100.0,0.93,96.0,96.0,8,121.0,1,4.7957907
489,100.0,0.43,686.0,686.0,7,821.0,0,6.710523
490,100.0,0.55,12060.0,12060.0,48,43436.0,0,10.679044
491,85.7,0.14,240.0,280.0,16,511.0,1,6.2363696
492,100.0,0.5,6524.0,6524.0,16,7373.0,0,8.90558
493,100.0,0.91,239.0,239.0,6,428.0,1,6.059123
494,73.2,0.9,235.0,321.0,9,321.0,0,5.771441
495,97.8,0.48,3649.0,3731.0,10,3742.0,0,8.227375
496,87.7,0.73,1808.0,2061.0,36,2136.0,0,7.6666903
497,43.1,0.42,889.0,2061.0,8,2136.0,0,7.6666903
498,100.0,0.41,381.0,381.0,16,403.0,0,5.9989367
499,81.1,2.21,13635.0,16812.0,39,21524.0,0,9.976924
500,85.5,0.44,189.0,221.0,8,714.0,1,6.570883
501,72.9,0.22,164.0,225.0,14,225.0,0,5.4161005
502,91.0,0.12,352.0,387.0,7,599.0,0,6.395262
503,100.0,0.16,106.0,106.0,18,156.0,1,5.049856
504,94.0,1.0,249.0,265.0,31,359.0,1,5.8833222
505,100.0,1.77,366.0,366.0,8,427.0,1,6.056784
506,77.3,0.75,2171.0,2807.0,25,3929.0,0,8.27614
507,78.5,0.61,175.0,223.0,7,3929.0,0,8.27614
508,56.3,0.31,426.0,756.0,16,834.0,1,6.7262335
509,89.7,0.68,87.0,97.0,24,115.0,0,4.744932
510,92.2,0.31,341.0,370.0,31,419.0,1,6.037871
511,100.0,0.39,535.0,535.0,12,1649.0,0,7.407924
512,100.0,0.46,642.0,642.0,8,1521.0,0,7.327123
513,70.7,0.57,289.0,409.0,8,737.0,0,6.6025877
514,100.0,0.04,178.0,178.0,33,199.0,1,5.293305
515,65.0,0.55,748.0,1150.0,18,1198.0,0,7.088409
516,75.7,0.33,1212.0,1601.0,5,1765.0,0,7.475906
517,100.0,0.03,6925.0,6925.0,8,8291.0,0,9.022926
518,71.7,0.96,104.0,145.0,7,291.0,1,5.673323
519,91.6,2.09,120.0,131.0,5,195.0,1,5.273
520,100.0,0.34,236.0,236.0,11,258.0,0,5.5529594
521,57.8,0.04,63.0,109.0,8,355.0,1,5.872118
522,84.2,0.22,218.0,259.0,19,2843.0,1,7.9526153
523,94.2,1.03,114.0,121.0,7,141.0,1,4.94876
524,95.0,0.66,1088.0,1145.0,25,1352.0,0,7.20934
525,100.0,2.79,134.0,134.0,23,147.0,1,4.9904327
526,19.3,0.54,51.0,264.0,25,290.0,0,5.669881
527,86.1,0.6,118.0,137.0,20,160.0,0,5.075174
528,82.0,0.17,273.0,333.0,7,456.0,0,6.122493
529,68.8,0.57,106.0,154.0,6,252.0,0,5.529429
530,83.2,0.17,129.0,155.0,7,199.0,1,5.293305
531,85.2,0.88,167.0,196.0,13,271.0,1,5.602119
532,100.0,0.83,1152.0,1152.0,7,5064.0,0,8.529912
533,100.0,0.44,143.0,143.0,12,184.0,0,5.214936
534,77.2,0.57,700.0,907.0,7,1324.0,1,7.1884127
535,77.3,0.92,279.0,361.0,8,441.0,0,6.089045
536,100.0,1.37,125.0,125.0,13,259.0,1,5.556828
537,95.0,0.75,680.0,716.0,7,716.0,0,6.5736804
538,99.6,0.4,222.0,223.0,9,553.0,1,6.315358
539,74.7,0.78,148.0,198.0,7,249.0,1,5.5174527
540,75.9,0.97,82.0,108.0,12,146.0,0,4.983607
541,81.3,0.38,61.0,75.0,5,219.0,1,5.389072
542,91.4,1.12,1564.0,1711.0,5,3480.0,0,8.154788
543,100.0,0.04,281.0,281.0,9,369.0,0,5.9107966
544,70.6,0.17,89.0,126.0,6,202.0,1,5.3082676
545,100.0,0.39,376.0,376.0,7,1100.0,1,7.0030656
546,80.9,0.15,933.0,1153.0,8,1337.0,0,7.1981835
547,88.8,0.65,1154.0,1300.0,8,1792.0,0,7.4910874
548,100.0,0.79,285.0,285.0,7,372.0,1,5.918894
549,100.0,0.06,208.0,208.0,7,250.0,1,5.521461
550,100.0,1.69,2074.0,2074.0,13,2358.0,0,7.765569
551,47.7,0.32,145.0,304.0,5,305.0,0,5.7203116
552,100.0,1.65,768.0,768.0,10,1177.0,0,7.070724
553,60.1,0.09,196.0,326.0,7,369.0,0,5.9107966
554,67.3,0.69,230.0,342.0,24,410.0,1,6.016157
555,100.0,0.03,15107.0,15107.0,33,43436.0,1,10.679044
556,100.0,0.36,1544.0,1544.0,18,5356.0,0,8.585973
557,82.5,0.23,680.0,824.0,8,5356.0,0,8.585973
558,100.0,3.39,171.0,171.0,14,187.0,1,5.2311087
559,87.2,0.44,3994.0,4578.0,35,4886.0,0,8.494129
560,80.1,0.42,1069.0,1335.0,33,1997.0,0,7.5994015
561,95.0,0.37,113.0,119.0,31,145.0,0,4.9767337
562,100.0,0.67,518.0,518.0,6,628.0,0,6.44254
563,100.0,0.84,216.0,216.0,13,217.0,0,5.379897
564,91.6,0.48,163.0,178.0,7,197.0,1,5.2832036
565,85.8,0.19,512.0,597.0,48,872.0,0,6.7707896
566,97.8,0.64,394.0,403.0,14,435.0,0,6.075346
567,93.4,0.28,1556.0,1666.0,17,5105.0,0,8.537975
568,75.3,0.44,694.0,922.0,6,1218.0,0,7.104965
569,79.7,3.05,656.0,823.0,37,2102.0,0,7.650645
570,100.0,2.79,277.0,277.0,37,331.0,0,5.8021183
571,100.0,0.3,875.0,875.0,6,2986.0,0,8.00169
572,82.1,0.36,193.0,235.0,14,258.0,1,5.5529594
573,86.7,0.69,8252.0,9517.0,24,9556.0,0,9.164925
574,84.3,1.12,118.0,140.0,30,200.0,1,5.2983174
575,73.5,0.59,202.0,275.0,5,302.0,1,5.710427
576,82.8,0.1,425.0,513.0,28,693.0,0,6.54103
577,100.0,2.44,304.0,304.0,24,514.0,0,6.2422233
578,80.5,0.56,1439.0,1788.0,20,2036.0,0,7.6187425
579,65.1,0.17,861.0,1322.0,17,2380.0,0,7.7748556
580,95.7,0.08,134.0,140.0,15,161.0,0,5.081404
581,99.2,0.02,122.0,123.0,36,301.0,1,5.7071104
582,100.0,0.87,105.0,105.0,35,120.0,1,4.787492
583,88.3,0.53,203.0,230.0,10,286.0,0,5.655992
584,100.0,2.49,119.0,119.0,12,291.0,1,5.673323
585,100.0,2.52,396.0,396.0,13,429.0,0,6.061457
586,100.0,0.46,248.0,248.0,6,350.0,0,5.857933
587,92.6,1.9,729.0,787.0,8,1028.0,0,6.9353704
588,57.6,0.37,345.0,599.0,8,1178.0,0,7.0715733
589,77.3,0.32,75.0,97.0,25,162.0,0,5.0875964
590,78.0,0.33,78.0,100.0,25,165.0,0,5.1059456
591,94.4,0.82,1832.0,1941.0,29,2016.0,0,7.6088705
592,100.0,0.78,153.0,153.0,8,309.0,1,5.733341
593,69.2,0.37,229.0,331.0,5,401.0,0,5.9939613
594,100.0,1.9,499.0,499.0,11,43436.0,1,10.679044
595,94.8,0.08,184.0,194.0,32,221.0,1,5.398163
596,100.0,0.44,14869.0,14869.0,26,19591.0,0,9.882826
597,100.0,0.1,2242.0,2242.0,23,7196.0,0,8.881281
598,79.7,0.13,165.0,207.0,27,236.0,0,5.463832
599,83.6,0.57,17794.0,21283.0,10,32179.0,0,10.379069
600,100.0,0.44,178.0,178.0,10,310.0,0,5.7365723
601,100.0,1.26,252.0,252.0,5,276.0,1,5.620401
602,100.0,0.96,105.0,105.0,20,154.0,1,5.0369525
603,93.9,1.59,2001.0,2131.0,20,3287.0,1,8.097731
604,100.0,0.36,126.0,126.0,16,249.0,1,5.5174527
605,80.9,0.9,621.0,768.0,8,1591.0,0,7.372118
606,81.8,0.12,4934.0,6035.0,7,14694.0,1,9.595195
607,100.0,1.05,375.0,375.0,8,655.0,1,6.4846354
608,88.1,0.69,207.0,235.0,23,295.0,0,5.6869755
609,100.0,0.76,96.0,96.0,15,100.0,1,4.6051702
610,75.2,0.4,121.0,161.0,8,1301.0,0,7.1708884
611,82.5,1.0,3396.0,4115.0,6,6115.0,0,8.7185
612,99.8,2.53,449.0,450.0,11,662.0,1,6.4952655
613,98.8,0.41,160.0,162.0,23,167.0,0,5.117994
614,48.9,0.12,200.0,409.0,10,2581.0,1,7.855932
615,89.4,0.76,101.0,113.0,14,113.0,0,4.727388
616,100.0,0.3,135.0,135.0,34,237.0,1,5.46806
617,100.0,0.71,122.0,122.0,18,149.0,1,5.0039463
618,100.0,0.22,5899.0,5899.0,12,18200.0,0,9.809176
619,67.1,0.2,2075.0,3093.0,6,9574.0,0,9.166806
620,81.8,0.31,2018.0,2466.0,8,2776.0,0,7.9287663
621,75.4,0.8,184.0,244.0,8,1220.0,0,7.106606
622,59.6,0.16,895.0,1501.0,13,1770.0,0,7.478735
623,100.0,0.44,889.0,889.0,8,2068.0,0,7.6343374
624,86.1,0.97,6824.0,7925.0,29,19754.0,0,9.891111
625,54.2,0.43,846.0,1561.0,35,2208.0,0,7.6998425
626,56.3,0.43,672.0,1193.0,7,2743.0,0,7.9168077
627,94.8,0.27,128.0,135.0,11,136.0,0,4.912655
628,94.0,0.78,708.0,753.0,5,876.0,1,6.7753663
629,96.3,0.26,211.0,219.0,17,365.0,0,5.8998976
630,73.6,0.48,78.0,106.0,8,245.0,0,5.5012584
631,29.0,0.25,152.0,524.0,8,633.0,0,6.4504704
632,100.0,1.34,257.0,257.0,7,291.0,1,5.673323
633,95.7,0.76,4412.0,4608.0,31,40378.0,0,10.60604
634,73.5,0.09,164.0,223.0,5,290.0,1,5.669881
635,96.5,1.45,414.0,429.0,18,718.0,0,6.5764694
636,94.6,0.54,194.0,205.0,16,718.0,0,6.5764694
637,85.6,2.93,740.0,864.0,15,3285.0,1,8.097122
638,100.0,1.26,154.0,154.0,7,230.0,1,5.4380794
639,69.4,0.42,468.0,674.0,39,1136.0,1,7.035269
640,97.0,0.77,289.0,298.0,14,413.0,1,6.0234475
641,93.5,0.7,1990.0,2128.0,18,2380.0,0,7.7748556
642,88.2,0.49,9596.0,10885.0,19,11666.0,0,9.364434
643,100.0,0.14,469.0,469.0,14,800.0,0,6.684612
644,63.0,0.49,269.0,427.0,5,427.0,0,6.056784
645,54.9,0.02,374.0,681.0,9,681.0,1,6.5235624
646,100.0,0.45,230.0,230.0,7,923.0,0,6.827629
647,89.8,1.01,469.0,522.0,18,781.0,1,6.660575
648,100.0,1.16,83.0,83.0,10,88.0,1,4.477337
649,73.8,0.21,149.0,202.0,12,310.0,1,5.7365723
650,93.8,0.74,767.0,818.0,8,1342.0,1,7.201916
651,100.0,1.11,274.0,274.0,6,551.0,0,6.3117347
652,72.0,0.3,201.0,279.0,7,628.0,1,6.44254
653,92.0,0.72,3431.0,3728.0,29,3806.0,0,8.244334
654,100.0,0.13,2345.0,2345.0,27,4467.0,1,8.404472
655,100.0,0.25,103.0,103.0,7,103.0,1,4.634729
656,100.0,2.17,357.0,357.0,7,480.0,1,6.173786
657,75.3,0.45,320.0,425.0,7,466.0,0,6.1441855
658,76.4,0.1,146.0,191.0,4,409.0,1,6.0137153
659,79.7,0.11,1567.0,1967.0,5,3780.0,0,8.237479
660,85.1,0.66,5303.0,6233.0,24,7473.0,0,8.919052
661,92.1,0.51,2358.0,2561.0,14,3806.0,0,8.244334
662,100.0,1.08,233.0,233.0,7,306.0,1,5.723585
663,99.6,0.56,946.0,950.0,35,1032.0,0,6.939254
664,57.8,0.35,2382.0,4123.0,5,6875.0,0,8.835647
665,100.0,3.67,51567.0,51567.0,19,77984.0,0,11.264259
666,100.0,0.37,4144.0,4144.0,39,5108.0,1,8.538563
667,100.0,0.97,1511.0,1511.0,8,2168.0,1,7.6815605
668,56.2,0.14,599.0,1065.0,22,1065.0,0,6.9707303
669,98.6,0.1,1922.0,1950.0,7,2137.0,0,7.667158
670,100.0,1.85,7665.0,7665.0,41,9761.0,0,9.186151
671,100.0,0.18,254.0,254.0,13,292.0,1,5.676754
672,100.0,0.67,149.0,149.0,10,176.0,0,5.170484
673,100.0,0.67,109.0,109.0,33,511.0,0,6.2363696
674,100.0,1.87,274.0,274.0,16,325.0,1,5.7838254
675,85.7,0.19,873.0,1019.0,5,1362.0,0,7.2167096
676,93.5,0.94,116.0,124.0,6,124.0,0,4.8202815
677,100.0,0.2,123.0,123.0,20,131.0,1,4.8751974
678,100.0,2.28,1173.0,1173.0,38,1474.0,1,7.295735
679,79.8,0.39,75.0,94.0,37,94.0,0,4.543295
680,100.0,0.67,107.0,107.0,24,107.0,1,4.6728287
681,57.6,0.07,182.0,316.0,9,824.0,0,6.7141705
682,86.9,0.51,226.0,260.0,31,260.0,1,5.560682
683,86.0,0.17,4534.0,5273.0,32,6093.0,0,8.714896
684,100.0,0.96,178.0,178.0,9,254.0,1,5.5373344
685,97.7,0.01,212.0,217.0,8,463.0,0,6.1377273
686,96.8,0.37,1431.0,1479.0,9,1479.0,0,7.2991214
687,99.1,3.73,218.0,220.0,7,291.0,0,5.673323
688,52.3,0.47,114.0,218.0,6,305.0,0,5.7203116
689,63.0,0.11,384.0,610.0,7,3894.0,1,8.267192
690,74.3,0.36,575.0,774.0,5,1651.0,0,7.4091363
691,90.8,0.53,1881.0,2072.0,15,2072.0,0,7.6362696
692,87.4,1.62,139.0,159.0,6,193.0,0,5.26269
693,62.7,0.62,937.0,1495.0,8,2614.0,0,7.868637
694,50.2,0.77,6218.0,12391.0,10,34854.0,0,10.458923
695,58.2,0.2,301.0,517.0,11,868.0,0,6.7661915
696,100.0,1.44,394.0,394.0,16,940.0,1,6.84588
697,49.6,0.03,282.0,568.0,7,6610.0,0,8.796339
698,73.5,0.59,25007.0,34004.0,43,65471.0,0,11.089362
699,100.0,1.03,1610.0,1610.0,30,3680.0,1,8.210668
700,100.0,0.21,134.0,134.0,6,160.0,1,5.075174
701,100.0,4.37,1250.0,1250.0,27,1250.0,0,7.130899
702,100.0,0.71,549.0,549.0,39,639.0,1,6.4599047
703,100.0,0.6,14087.0,14087.0,19,15464.0,0,9.64627
704,100.0,0.03,122.0,122.0,10,196.0,1,5.278115
705,85.7,0.92,132.0,154.0,22,232.0,0,5.4467373
706,100.0,0.32,312.0,312.0,9,365.0,1,5.8998976
707,95.1,0.2,195.0,205.0,13,230.0,1,5.4380794
708,67.3,0.51,111.0,165.0,15,165.0,0,5.1059456
709,100.0,0.33,146.0,146.0,15,171.0,1,5.1416636
710,100.0,2.11,529.0,529.0,19,962.0,1,6.8690143
711,100.0,3.52,1024.0,1024.0,8,2439.0,1,7.7993436
712,75.9,0.11,630.0,830.0,7,1010.0,1,6.9177055
713,100.0,0.28,6937.0,6937.0,31,15663.0,0,9.659057
714,70.9,0.23,3586.0,5057.0,42,15245.0,0,9.632007
715,100.0,0.65,973.0,973.0,7,991.0,1,6.8987145
716,100.0,4.0,147.0,147.0,8,430.0,0,6.063785
717,100.0,0.27,357.0,357.0,19,749.0,1,6.618739
718,100.0,0.86,63.0,63.0,17,93.0,0,4.5325994
719,100.0,0.38,146.0,146.0,17,147.0,1,4.9904327
720,57.7,0.33,150.0,260.0,7,344.0,1,5.8406415
721,86.3,0.58,3022.0,3500.0,8,11628.0,0,9.361172
722,88.8,0.54,213.0,240.0,15,240.0,0,5.480639
723,64.4,0.42,65.0,101.0,15,101.0,0,4.6151204
724,86.3,0.33,5444.0,6306.0,8,10506.0,0,9.259702
725,70.0,0.11,175.0,250.0,6,465.0,0,6.1420374
726,94.2,0.85,97.0,103.0,5,115.0,0,4.744932
727,100.0,0.47,190.0,190.0,20,197.0,1,5.2832036
728,100.0,1.68,129.0,129.0,10,185.0,1,5.220356
729,74.3,0.09,202.0,272.0,5,352.0,0,5.8636312
730,85.8,3.5,133.0,155.0,17,390.0,0,5.966147
731,79.3,0.24,562.0,709.0,8,813.0,1,6.7007313
732,66.2,0.7,1017.0,1536.0,13,4343.0,1,8.376321
733,41.5,0.16,90.0,217.0,8,243.0,1,5.4930615
734,100.0,0.49,131.0,131.0,11,153.0,1,5.030438
735,67.3,0.74,222.0,330.0,13,423.0,1,6.0473723
736,57.0,0.56,1415.0,2484.0,5,2484.0,0,7.8176255
737,57.0,0.56,1415.0,2484.0,5,2484.0,0,7.8176255
738,85.8,0.76,163.0,190.0,11,193.0,1,5.26269
739,51.0,0.57,985.0,1932.0,6,6631.0,1,8.799511
740,95.7,0.34,379.0,396.0,19,2176.0,0,7.6852436
741,86.8,0.64,770.0,887.0,8,944.0,0,6.8501263
742,98.1,0.83,155.0,158.0,8,341.0,1,5.8318825
743,100.0,0.35,229.0,229.0,12,439.0,0,6.0844994
744,100.0,0.4,700.0,700.0,20,2872.0,1,7.962764
745,30.5,0.25,53.0,174.0,7,518.0,1,6.249975
746,75.1,0.88,997.0,1327.0,5,1930.0,0,7.565275
747,100.0,0.55,101.0,101.0,6,105.0,1,4.65396
748,95.0,0.75,190.0,200.0,15,200.0,0,5.2983174
749,89.8,0.49,272.0,303.0,15,303.0,0,5.7137327
750,93.9,0.53,1038.0,1106.0,17,1160.0,0,7.056175
751,61.1,0.35,88.0,144.0,7,144.0,1,4.9698133
752,100.0,0.61,786.0,786.0,22,1016.0,1,6.923629
753,85.3,0.42,475.0,557.0,6,2145.0,0,7.6708946
754,95.7,0.61,199.0,208.0,7,234.0,1,5.4553213
755,100.0,0.81,250.0,250.0,5,483.0,1,6.1800165
756,100.0,0.36,1543.0,1543.0,35,3867.0,1,8.260234
757,93.7,0.51,59.0,63.0,7,78.0,1,4.356709
758,82.2,0.72,822.0,1000.0,8,1231.0,0,7.115582
759,90.5,0.37,152.0,168.0,5,368.0,1,5.908083
760,100.0,0.24,58.0,58.0,8,58.0,1,4.060443
761,100.0,3.21,196.0,196.0,19,393.0,1,5.9738097
762,75.1,0.69,1429.0,1904.0,7,3245.0,1,8.08487
763,96.1,0.93,1401.0,1458.0,7,1806.0,0,7.49887
764,63.0,0.44,648.0,1029.0,26,1616.0,1,7.387709
765,44.7,0.16,123.0,275.0,16,942.0,1,6.8480053
766,83.5,0.68,1378.0,1651.0,8,1671.0,0,7.4211774
767,100.0,0.12,404.0,404.0,7,664.0,0,6.498282
768,100.0,0.31,205.0,205.0,7,232.0,1,5.4467373
769,58.3,0.31,401.0,688.0,7,3357.0,0,8.118803
770,75.4,0.06,150.0,199.0,9,377.0,1,5.9322453
771,100.0,0.44,153.0,153.0,6,231.0,1,5.4424176
772,90.2,0.62,184.0,204.0,7,495.0,0,6.204558
773,96.1,0.66,1091.0,1135.0,5,1746.0,1,7.4650826
774,25.1,0.63,104.0,414.0,6,630.0,1,6.4457197
775,80.4,0.6,501.0,623.0,25,2066.0,0,7.6333694
776,100.0,0.09,155.0,155.0,8,251.0,0,5.525453
777,95.3,0.35,81.0,85.0,12,296.0,0,5.6903596
778,100.0,1.11,941.0,941.0,5,2051.0,1,7.626083
779,100.0,4.38,1050.0,1050.0,5,1601.0,1,7.3783836
780,60.4,0.41,162.0,268.0,6,968.0,1,6.875232
781,84.7,0.37,133.0,157.0,9,187.0,0,5.2311087
782,78.2,1.2,1016.0,1299.0,6,2812.0,1,7.9416513
783,100.0,0.19,1614.0,1614.0,19,2419.0,1,7.7911096
784,100.0,0.14,527.0,527.0,16,883.0,0,6.783325
785,100.0,0.19,596.0,596.0,6,859.0,0,6.755769
786,100.0,0.81,215.0,215.0,20,215.0,0,5.370638
787,100.0,1.66,794.0,794.0,5,794.0,0,6.6770835
788,84.5,0.36,142.0,168.0,6,3762.0,0,8.232706
789,60.8,0.38,234.0,385.0,6,3762.0,0,8.232706
790,82.1,0.52,366.0,446.0,9,564.0,0,6.3350544
791,98.8,0.5,158.0,160.0,7,290.0,1,5.669881
792,84.6,0.44,154.0,182.0,6,3762.0,0,8.232706
793,100.0,3.08,321.0,321.0,5,321.0,1,5.771441
794,100.0,0.38,385.0,385.0,5,385.0,1,5.9532433
795,79.3,0.36,5390.0,6801.0,28,20419.0,0,9.924221
796,88.2,0.55,1335.0,1514.0,18,1572.0,0,7.360104
797,89.9,0.28,1542.0,1715.0,19,7127.0,0,8.871646
798,89.6,0.34,250.0,279.0,30,327.0,1,5.7899604
799,100.0,1.78,173.0,173.0,10,224.0,1,5.411646
800,73.0,0.89,100.0,137.0,21,157.0,1,5.056246
801,100.0,1.08,243.0,243.0,20,244.0,1,5.497168
802,100.0,1.24,159.0,159.0,7,275.0,1,5.616771
803,98.3,0.34,1401.0,1425.0,27,2619.0,0,7.870548
804,100.0,0.83,128.0,128.0,24,176.0,1,5.170484
805,100.0,0.18,334.0,334.0,7,482.0,0,6.177944
806,100.0,0.83,171.0,171.0,10,268.0,1,5.590987
807,90.8,0.5,177.0,195.0,16,247.0,1,5.5093884
808,72.5,0.9,153.0,211.0,16,673.0,0,6.5117455
809,71.5,0.38,241.0,337.0,7,580.0,0,6.363028
810,100.0,0.88,266.0,266.0,7,560.0,1,6.3279366
811,90.4,0.34,123.0,136.0,7,167.0,1,5.117994
812,79.2,0.35,282.0,356.0,7,438.0,0,6.082219
813,95.7,0.6,110.0,115.0,8,194.0,0,5.267858
814,93.3,0.72,750.0,804.0,8,1980.0,0,7.5908523
815,80.2,0.17,93.0,116.0,7,135.0,1,4.905275
816,96.6,0.46,338.0,350.0,8,1135.0,0,7.034388
817,73.9,0.18,283.0,383.0,7,509.0,0,6.232448
818,96.0,0.19,9270.0,9655.0,18,10156.0,0,9.22582
819,64.4,0.13,530.0,823.0,5,1615.0,0,7.38709
820,69.6,0.16,546.0,785.0,15,1715.0,0,7.4471684
821,69.9,0.45,95.0,136.0,9,214.0,0,5.365976
822,80.0,0.4,220.0,275.0,16,325.0,0,5.7838254
823,87.3,0.55,96.0,110.0,7,139.0,0,4.934474
824,100.0,0.71,135.0,135.0,11,179.0,1,5.187386
825,58.0,0.07,94.0,162.0,14,162.0,0,5.0875964
826,100.0,0.74,244.0,244.0,21,278.0,1,5.627621
827,74.8,0.39,178.0,238.0,7,312.0,1,5.7430034
828,100.0,0.39,2848.0,2848.0,24,14884.0,1,9.608042
829,82.9,0.74,175.0,211.0,14,2598.0,1,7.8624973
830,100.0,0.3,195.0,195.0,8,310.0,1,5.7365723
831,100.0,0.15,180.0,180.0,7,180.0,0,5.192957
832,100.0,1.02,798.0,798.0,7,2191.0,0,7.6921134
833,100.0,2.0,111.0,111.0,15,163.0,1,5.09375
834,81.5,0.44,462.0,567.0,14,2662.0,1,7.886833
835,65.6,1.0,897.0,1368.0,10,1433.0,0,7.267525
836,100.0,2.26,1163.0,1163.0,10,1433.0,0,7.267525
837,46.9,0.95,206.0,439.0,8,506.0,1,6.2265368
838,79.2,0.41,1497.0,1890.0,23,2552.0,0,7.8446326
839,100.0,0.77,126.0,126.0,19,158.0,1,5.062595
840,53.3,0.97,2156.0,4048.0,15,6197.0,1,8.73182
841,77.3,0.15,1395.0,1805.0,20,2375.0,0,7.772753
842,77.9,0.63,109.0,140.0,7,1134.0,1,7.0335064
843,61.8,0.09,320.0,518.0,8,688.0,0,6.5337887
844,84.1,0.21,1335.0,1588.0,9,2467.0,1,7.810758
845,100.0,0.39,197.0,197.0,7,323.0,0,5.7776523
846,100.0,0.42,128.0,128.0,9,166.0,1,5.1119876
847,89.9,0.36,349.0,388.0,7,408.0,0,6.011267
848,100.0,0.24,834.0,834.0,8,1023.0,0,6.930495
849,100.0,3.06,247.0,247.0,6,674.0,1,6.5132303
850,100.0,0.15,811.0,811.0,7,1840.0,1,7.517521
851,79.0,0.71,113.0,143.0,5,198.0,1,5.288267
852,100.0,0.23,87.0,87.0,11,157.0,1,5.056246
853,89.2,0.91,190.0,213.0,21,250.0,1,5.521461
854,100.0,0.49,241.0,241.0,12,281.0,1,5.638355
855,100.0,0.33,1509.0,1509.0,9,2570.0,0,7.851661
856,100.0,0.13,452.0,452.0,8,786.0,1,6.666957
857,100.0,0.26,150.0,150.0,11,150.0,0,5.0106354
858,50.9,1.92,112.0,220.0,9,282.0,1,5.641907
859,74.1,0.33,537.0,725.0,8,1117.0,0,7.0184016
860,100.0,2.18,730.0,730.0,9,847.0,1,6.7417006
861,100.0,1.94,193.0,193.0,25,193.0,1,5.26269
862,80.7,0.54,138.0,171.0,7,2002.0,0,7.601902
863,91.2,0.44,18794.0,20599.0,8,70969.0,0,11.169998
864,71.9,0.42,31800.0,44221.0,8,70969.0,0,11.169998
865,91.8,0.3,212.0,231.0,7,4549.0,0,8.422663
866,100.0,3.74,340.0,340.0,7,1750.0,1,7.467371
867,20.1,0.2,283.0,1408.0,5,1408.0,1,7.2499256
868,100.0,2.0,188.0,188.0,13,195.0,1,5.273
869,78.7,0.48,2780.0,3533.0,19,4158.0,0,8.332789
870,92.3,0.33,854.0,925.0,23,1277.0,0,7.152269
871,86.0,4.63,584.0,679.0,7,869.0,0,6.767343
872,100.0,0.71,92.0,92.0,30,111.0,1,4.7095304
873,100.0,0.66,142.0,142.0,7,186.0,1,5.2257466
874,90.1,0.11,649.0,720.0,20,1733.0,1,7.457609
875,91.5,0.82,355.0,388.0,25,456.0,1,6.122493
876,100.0,0.39,441.0,441.0,9,708.0,0,6.562444
877,72.5,0.86,1376.0,1898.0,20,2247.0,0,7.7173514
878,82.8,0.57,202.0,244.0,7,301.0,0,5.7071104
879,48.9,0.99,331.0,677.0,10,677.0,1,6.517671
880,100.0,3.4,165.0,165.0,14,174.0,1,5.159055
881,100.0,0.19,322.0,322.0,7,454.0,0,6.1180973
882,100.0,1.37,107.0,107.0,17,145.0,1,4.9767337
883,86.2,0.41,581.0,674.0,6,1380.0,0,7.229839
884,75.7,0.21,171.0,226.0,7,305.0,0,5.7203116
885,100.0,0.3,182.0,182.0,7,182.0,0,5.2040067
886,100.0,0.91,188.0,188.0,7,216.0,1,5.3752785
887,100.0,0.53,109.0,109.0,8,177.0,1,5.17615
888,100.0,0.32,408.0,408.0,8,548.0,0,6.3062754
889,65.3,0.39,252.0,386.0,8,604.0,1,6.403574
890,100.0,1.56,1203.0,1203.0,44,2304.0,0,7.742402
891,85.5,0.3,2291.0,2679.0,19,5819.0,0,8.668883
892,20.6,0.04,1151.0,5586.0,7,5819.0,0,8.668883
893,89.8,0.42,336.0,374.0,7,1081.0,0,6.985642
894,83.8,0.42,325.0,388.0,7,583.0,0,6.368187
895,100.0,0.48,6888.0,6888.0,48,7830.0,0,8.965717
896,53.8,0.45,820.0,1524.0,8,2629.0,0,7.8743587
897,61.2,0.2,290.0,474.0,5,818.0,0,6.7068624
898,100.0,0.8,148.0,148.0,11,193.0,0,5.26269
899,100.0,0.14,221.0,221.0,8,234.0,1,5.4553213
900,48.2,0.11,520.0,1079.0,5,2071.0,0,7.635787
901,66.3,0.42,450.0,679.0,7,759.0,0,6.632002
902,69.9,0.54,1817.0,2600.0,8,4270.0,1,8.359369
903,100.0,0.38,175.0,175.0,37,511.0,1,6.2363696
904,100.0,0.66,96.0,96.0,7,132.0,1,4.882802
905,100.0,0.61,186.0,186.0,6,260.0,1,5.560682
906,78.0,0.27,184.0,236.0,5,274.0,1,5.613128
907,100.0,0.52,259.0,259.0,12,484.0,1,6.182085
908,50.0,0.41,168.0,336.0,15,478.0,1,6.1696105
909,100.0,0.57,2567.0,2567.0,5,6500.0,0,8.779557
910,100.0,4.35,127.0,127.0,15,230.0,1,5.4380794
911,100.0,3.46,100.0,100.0,20,201.0,0,5.3033047
912,100.0,0.72,132.0,132.0,16,234.0,1,5.4553213
913,100.0,1.02,268.0,268.0,8,457.0,1,6.1246834
914,100.0,1.44,78.0,78.0,10,528.0,1,6.2690964
915,100.0,0.62,136.0,136.0,16,379.0,0,5.9375362
916,100.0,0.25,214.0,214.0,11,242.0,0,5.488938
917,88.0,0.43,16236.0,18442.0,7,30308.0,0,10.319167
918,99.7,0.58,301.0,302.0,8,478.0,1,6.1696105
919,59.9,0.17,124.0,207.0,7,389.0,1,5.963579
920,100.0,3.71,8449.0,8449.0,7,21963.0,1,9.997114
921,59.6,0.53,161.0,270.0,5,820.0,0,6.7093043
922,100.0,1.21,126.0,126.0,9,232.0,1,5.4467373
923,100.0,0.25,970.0,970.0,26,1030.0,0,6.937314
924,100.0,0.55,238.0,238.0,6,371.0,1,5.916202
925,100.0,1.0,105.0,105.0,7,122.0,1,4.804021
926,100.0,0.16,166.0,166.0,7,346.0,1,5.846439
927,68.9,0.12,73.0,106.0,6,125.0,1,4.828314
928,79.0,0.21,147.0,186.0,7,205.0,0,5.32301
929,87.0,0.62,100.0,115.0,7,124.0,1,4.8202815
930,100.0,0.34,281.0,281.0,7,656.0,1,6.4861608
931,95.9,0.51,4394.0,4584.0,24,5105.0,0,8.537975
932,77.2,0.17,404.0,523.0,6,645.0,0,6.46925
933,100.0,1.24,79.0,79.0,7,1090.0,0,6.993933
934,100.0,1.13,48777.0,48777.0,7,144387.0,0,11.880253
935,91.7,0.43,199.0,217.0,5,356.0,0,5.874931
936,77.7,0.48,87.0,112.0,34,146.0,1,4.983607
937,100.0,0.43,349.0,349.0,7,555.0,0,6.3189683
938,8.8,0.5,142.0,1605.0,14,2215.0,0,7.7030077
939,60.9,0.37,978.0,1605.0,8,2215.0,0,7.7030077
940,100.0,1.69,289.0,289.0,28,497.0,0,6.20859
941,100.0,2.36,207.0,207.0,5,226.0,1,5.420535
942,100.0,1.5,284.0,284.0,9,321.0,1,5.771441
943,62.6,0.39,555.0,886.0,5,1201.0,0,7.09091
944,100.0,0.18,113.0,113.0,9,186.0,0,5.2257466
945,100.0,1.07,748.0,748.0,20,931.0,1,6.8362594
946,65.5,0.46,525.0,802.0,7,822.0,0,6.7117405
947,99.0,0.14,307.0,310.0,15,1077.0,1,6.9819345
948,78.5,1.11,299.0,381.0,5,531.0,1,6.274762
949,100.0,1.73,107.0,107.0,7,237.0,1,5.46806
950,100.0,0.53,98.0,98.0,18,111.0,1,4.7095304
951,97.0,0.16,96.0,99.0,7,121.0,1,4.7957907
952,89.9,0.39,321.0,357.0,8,587.0,1,6.375025
953,77.9,0.48,116.0,149.0,6,184.0,0,5.214936
954,100.0,0.66,65.0,65.0,33,80.0,0,4.3820267
955,100.0,0.41,105.0,105.0,13,166.0,1,5.1119876
956,73.4,0.28,259.0,353.0,6,424.0,0,6.0497336
957,100.0,1.8,165.0,165.0,8,219.0,1,5.389072
958,100.0,0.74,272.0,272.0,8,555.0,0,6.3189683
959,89.0,0.77,1896.0,2130.0,29,2774.0,0,7.9280457
960,64.7,0.07,311.0,481.0,7,1181.0,0,7.0741167
961,100.0,0.67,220.0,220.0,6,220.0,1,5.3936276
962,89.4,0.37,447.0,500.0,5,544.0,0,6.2989492
963,78.7,0.12,573.0,728.0,6,769.0,0,6.645091
964,76.9,0.4,681.0,885.0,8,1941.0,0,7.5709586
965,64.6,0.28,747.0,1157.0,7,3018.0,1,8.01235
966,78.8,1.15,178.0,226.0,20,451.0,1,6.1114674
967,100.0,0.5,131.0,131.0,17,160.0,1,5.075174
968,83.9,0.41,1787.0,2129.0,27,2312.0,0,7.745868
969,100.0,0.1,182.0,182.0,11,183.0,1,5.209486
970,43.6,0.1,3464.0,7948.0,8,13072.0,0,9.478228
971,95.4,0.3,187.0,196.0,7,235.0,0,5.4595857
972,95.8,0.32,182.0,190.0,5,261.0,1,5.5645204
973,100.0,0.69,134.0,134.0,8,169.0,1,5.1298985
974,73.5,0.17,114.0,155.0,6,332.0,0,5.805135
975,100.0,0.68,394.0,394.0,45,420.0,0,6.0402546
976,91.3,0.32,158.0,173.0,21,628.0,1,6.44254
977,82.6,4.13,90.0,109.0,6,383.0,1,5.948035
978,100.0,0.72,115.0,115.0,32,518.0,0,6.249975
979,63.4,0.09,4877.0,7696.0,9,12539.0,0,9.436599
980,50.3,0.1,1110.0,2208.0,5,3928.0,0,8.275886
981,100.0,0.14,283.0,283.0,7,354.0,0,5.869297
982,93.7,0.45,208.0,222.0,16,419.0,0,6.037871
983,99.1,1.46,111.0,112.0,37,199.0,1,5.293305
984,93.1,0.27,764.0,821.0,15,3463.0,0,8.149891
985,67.6,0.21,3188.0,4716.0,15,6489.0,0,8.7778635
986,73.4,0.18,370.0,504.0,7,628.0,0,6.44254
987,85.0,0.37,713.0,839.0,27,976.0,0,6.8834624
988,77.0,0.42,3357.0,4357.0,37,11120.0,0,9.316501
989,90.4,0.37,2305.0,2549.0,22,2549.0,0,7.8434563
990,37.0,0.22,80.0,216.0,7,261.0,1,5.5645204
991,100.0,0.95,576.0,576.0,7,705.0,1,6.558198
992,100.0,0.89,531.0,531.0,6,1561.0,1,7.3530817
993,100.0,0.29,278.0,278.0,12,2112.0,0,7.6553907
994,86.4,0.32,445.0,515.0,7,693.0,0,6.54103
995,49.7,0.18,279.0,561.0,7,1162.0,0,7.057898
996,100.0,3.73,105.0,105.0,20,284.0,1,5.6489744
997,73.0,0.37,27935.0,38276.0,27,53942.0,0,10.895664
998,83.5,0.37,58811.0,70429.0,27,89177.0,0,11.398378
999,100.0,0.15,110.0,110.0,30,182.0,1,5.2040067
1000,100.0,0.65,1268.0,1268.0,19,1921.0,0,7.560601
1001,100.0,0.53,353.0,353.0,7,677.0,1,6.517671
1002,100.0,0.19,1390.0,1390.0,7,1729.0,0,7.4552984
1003,74.0,0.32,368.0,497.0,7,608.0,0,6.410175
1004,100.0,0.83,125.0,125.0,11,132.0,1,4.882802
1005,72.7,0.82,112.0,154.0,16,224.0,0,5.411646
1006,75.5,0.37,1058.0,1402.0,16,1760.0,0,7.473069
1007,72.6,0.52,191.0,263.0,17,744.0,0,6.612041
1008,99.2,0.69,238.0,240.0,28,240.0,1,5.480639
1009,100.0,0.2,2239.0,2239.0,11,2291.0,0,7.7367435
1010,82.6,0.33,314.0,380.0,8,1685.0,0,7.4295206
1011,100.0,0.37,132.0,132.0,19,138.0,0,4.9272537
1012,98.9,0.65,90.0,91.0,7,231.0,1,5.4424176
1013,89.8,0.36,1069.0,1190.0,11,3799.0,0,8.242494
1014,100.0,0.28,113.0,113.0,9,3799.0,0,8.242494
1015,72.9,0.4,194.0,266.0,4,363.0,0,5.894403
1016,100.0,2.16,529.0,529.0,30,680.0,0,6.522093
1017,85.3,1.18,924.0,1083.0,8,26052.0,0,10.16785
1018,96.4,0.32,400.0,415.0,11,1301.0,0,7.1708884
1019,100.0,0.29,206.0,206.0,8,205.0,1,5.32301
1020,60.2,0.13,711.0,1182.0,8,1529.0,0,7.3323693
1021,100.0,0.66,126.0,126.0,5,168.0,1,5.123964
1022,76.2,0.41,179.0,235.0,7,1337.0,0,7.1981835
1023,100.0,1.77,152.0,152.0,16,230.0,1,5.4380794
1024,100.0,0.94,356.0,356.0,9,366.0,1,5.902633
1025,89.6,3.78,180.0,201.0,14,350.0,0,5.857933
1026,71.6,4.18,154.0,215.0,5,384.0,1,5.9506426
1027,99.6,1.0,280.0,281.0,14,328.0,1,5.7930136
1028,100.0,0.92,310.0,310.0,24,385.0,1,5.9532433
1029,100.0,0.57,2749.0,2749.0,21,6948.0,0,8.84621
1030,100.0,0.29,322.0,322.0,20,388.0,1,5.961005
1031,82.5,0.25,950.0,1151.0,20,1567.0,1,7.3569183
1032,100.0,0.33,228.0,228.0,8,489.0,0,6.1923623
1033,100.0,0.08,1435.0,1435.0,15,1719.0,1,7.449498
1034,44.3,0.11,258.0,582.0,5,1013.0,1,6.9206715
1035,100.0,0.58,261.0,261.0,6,734.0,0,6.598509
1036,100.0,0.23,114.0,114.0,21,175.0,0,5.164786
1037,100.0,0.33,223.0,223.0,13,322.0,1,5.7745514
1038,100.0,0.2,240.0,240.0,7,371.0,1,5.916202
1039,100.0,1.28,114.0,114.0,17,134.0,1,4.89784
1040,100.0,1.09,67.0,67.0,15,168.0,1,5.123964
1041,100.0,0.56,102.0,102.0,9,130.0,1,4.8675346
1042,94.6,0.37,5243.0,5541.0,27,6685.0,0,8.807622
1043,100.0,1.49,416.0,416.0,16,1295.0,0,7.166266
1044,100.0,0.77,117.0,117.0,9,150.0,1,5.0106354
1045,74.0,0.18,142.0,192.0,15,436.0,0,6.0776424
1046,87.9,0.37,343.0,390.0,9,1228.0,0,7.113142
1047,92.8,0.38,308.0,332.0,14,635.0,0,6.453625
1048,79.5,0.42,454.0,571.0,14,962.0,1,6.8690143
1049,100.0,0.4,78.0,78.0,12,82.0,1,4.406719
1050,100.0,4.12,441.0,441.0,6,12000.0,1,9.392662
1051,100.0,0.44,99.0,99.0,6,99.0,1,4.59512
1052,87.2,0.41,170.0,195.0,6,202.0,1,5.3082676
1053,100.0,2.0,212.0,212.0,7,327.0,1,5.7899604
1054,89.1,0.5,1099.0,1233.0,7,1997.0,1,7.5994015
1055,100.0,0.08,226.0,226.0,6,449.0,1,6.107023
1056,100.0,0.23,157.0,157.0,5,185.0,1,5.220356
1057,100.0,1.27,773.0,773.0,30,923.0,1,6.827629
1058,44.7,1.0,519.0,1162.0,6,6358.0,1,8.757469
1059,100.0,0.33,106.0,106.0,7,119.0,1,4.7791233
1060,87.6,0.41,254.0,290.0,9,338.0,1,5.8230457
1061,66.3,0.61,1202.0,1813.0,9,8208.0,0,9.012864
1062,100.0,0.16,488.0,488.0,5,503.0,1,6.22059
1063,100.0,0.44,127.0,127.0,29,214.0,1,5.365976
1064,100.0,0.74,131.0,131.0,5,159.0,0,5.0689044
1065,38.4,0.03,2234.0,5815.0,6,9266.0,0,9.134107
1066,100.0,4.64,150.0,150.0,24,356.0,1,5.874931
1067,39.8,3.0,882.0,2218.0,5,2218.0,0,7.704361
1068,100.0,0.34,561.0,561.0,5,1613.0,1,7.385851
1069,85.2,0.55,276.0,324.0,14,331.0,0,5.8021183
1070,99.9,1.67,722.0,723.0,29,758.0,1,6.6306834
1071,96.3,0.31,5502.0,5712.0,5,10216.0,0,9.23171
1072,97.6,0.41,820.0,840.0,16,877.0,0,6.776507
1073,99.3,1.24,150.0,151.0,7,163.0,1,5.09375
1074,100.0,1.16,373.0,373.0,7,607.0,1,6.408529
1075,71.7,0.43,195.0,272.0,13,461.0,1,6.133398
1076,100.0,4.25,144.0,144.0,6,148.0,1,4.9972124
1077,100.0,0.41,90.0,90.0,33,197.0,1,5.2832036
1078,87.0,0.55,114.0,131.0,22,1229.0,0,7.113956
1079,84.6,0.5,838.0,990.0,8,1582.0,0,7.366445
1080,75.5,0.37,1516.0,2008.0,7,4273.0,0,8.360071
1081,62.9,0.2,1368.0,2176.0,7,4273.0,0,8.360071
1082,100.0,3.03,625.0,625.0,28,2685.0,0,7.895436
1083,100.0,0.37,830.0,830.0,7,939.0,0,6.8448153
1084,89.0,0.2,291.0,327.0,7,1170.0,0,7.0647593
1085,83.3,0.31,2319.0,2784.0,10,3154.0,0,8.056427
1086,82.7,0.33,234.0,283.0,7,1153.0,0,7.0501227
1087,100.0,0.41,461.0,461.0,6,6938.0,0,8.844769
1088,100.0,0.41,200.0,200.0,6,6938.0,0,8.844769
1089,100.0,0.41,756.0,756.0,6,6938.0,0,8.844769
1090,100.0,0.41,303.0,303.0,6,6938.0,0,8.844769
1091,87.5,1.0,1633.0,1867.0,20,8686.0,0,9.069468
1092,100.0,2.94,303.0,303.0,8,539.0,0,6.289716
1093,73.9,0.45,133.0,180.0,7,302.0,0,5.710427
1094,64.0,0.84,304.0,475.0,5,517.0,0,6.248043
1095,100.0,0.96,387.0,387.0,9,482.0,1,6.177944
1096,74.6,0.1,4597.0,6162.0,7,11649.0,0,9.362976
1097,84.3,0.88,70.0,83.0,7,180.0,1,5.192957
1098,100.0,1.19,241.0,241.0,27,503.0,1,6.22059
1099,75.1,0.13,368.0,490.0,24,987.0,0,6.89467
1100,100.0,1.53,420.0,420.0,14,2964.0,0,7.994295
1101,100.0,1.85,2103.0,2103.0,5,2964.0,0,7.994295
1102,100.0,1.43,51.0,51.0,16,146.0,1,4.983607
1103,100.0,0.4,176.0,176.0,5,176.0,1,5.170484
1104,100.0,0.66,231.0,231.0,5,488.0,1,6.1903152
1105,100.0,1.66,205.0,205.0,9,209.0,0,5.3423343
1106,100.0,0.84,214.0,214.0,25,258.0,1,5.5529594
1107,100.0,0.46,4474.0,4474.0,27,6512.0,0,8.781402
1108,95.0,0.37,515.0,542.0,14,894.0,1,6.795706
1109,100.0,3.59,193.0,193.0,5,309.0,1,5.733341
1110,99.4,0.58,174.0,175.0,7,508.0,0,6.2304816
1111,93.2,0.68,204.0,219.0,7,295.0,1,5.6869755
1112,91.6,0.19,327.0,357.0,9,500.0,1,6.214608
1113,100.0,0.58,246.0,246.0,6,246.0,0,5.5053315
1114,100.0,0.6,2667.0,2667.0,23,17865.0,1,9.790599
1115,50.7,0.08,336.0,663.0,5,705.0,0,6.558198
1116,91.4,0.56,159.0,174.0,6,206.0,0,5.327876
1117,100.0,0.09,143.0,143.0,6,503.0,1,6.22059
1118,89.9,1.02,240.0,267.0,33,895.0,0,6.7968235
1119,71.7,0.34,803.0,1120.0,9,1801.0,0,7.4960976
1120,67.8,0.33,99.0,146.0,7,203.0,1,5.313206
1121,66.6,0.41,1116.0,1676.0,9,1850.0,0,7.522941
1122,91.9,0.4,375.0,408.0,10,408.0,0,6.011267
1123,99.2,0.36,122.0,123.0,10,123.0,0,4.8121843
1124,88.0,0.54,191.0,217.0,8,232.0,0,5.4467373
1125,59.2,0.23,12083.0,20394.0,39,27000.0,0,10.203592
1126,89.0,0.44,12305.0,13822.0,31,24510.0,0,10.106836
1127,100.0,0.95,432.0,432.0,41,613.0,1,6.418365
1128,75.3,0.13,374.0,497.0,10,517.0,0,6.248043
1129,81.3,0.43,883.0,1086.0,39,1481.0,0,7.3004727
1130,100.0,0.44,162.0,162.0,15,212.0,1,5.3565865
1131,100.0,2.84,482.0,482.0,32,716.0,0,6.5736804
1132,95.4,0.48,7124.0,7469.0,33,29131.0,0,10.279558
1133,91.7,0.33,17636.0,19242.0,33,29131.0,0,10.279558
1134,97.2,0.49,172.0,177.0,38,689.0,0,6.535241
1135,79.7,0.5,247.0,310.0,24,338.0,0,5.8230457
1136,79.0,0.51,452.0,572.0,18,906.0,1,6.809039
1137,93.3,0.39,181.0,194.0,23,239.0,0,5.4764633
1138,94.2,0.54,36552.0,38798.0,40,60916.0,0,11.017251
1139,76.3,0.52,8723.0,11430.0,28,19116.0,0,9.858281
1140,100.0,2.98,957.0,957.0,27,3225.0,1,8.078689
1141,100.0,3.14,1515.0,1515.0,40,4838.0,0,8.484257
1142,77.7,0.46,3262.0,4199.0,36,6874.0,0,8.835502
1143,82.3,0.18,116.0,141.0,5,160.0,0,5.075174
1144,76.1,0.25,38977.0,51189.0,9,57279.0,0,10.955689
1145,82.5,0.53,255.0,309.0,7,324.0,1,5.7807436
1146,100.0,0.33,306.0,306.0,33,522.0,0,6.2576675
1147,82.7,0.41,1084.0,1310.0,25,2388.0,0,7.7782116
1148,91.5,1.32,929.0,1015.0,38,2388.0,0,7.7782116
1149,84.2,0.43,133.0,158.0,32,2156.0,0,7.67601
1150,78.0,0.36,578.0,741.0,37,979.0,0,6.886532
1151,100.0,0.55,750.0,750.0,13,924.0,1,6.828712
1152,93.9,0.42,139.0,148.0,32,165.0,1,5.1059456
1153,91.1,0.39,2220.0,2437.0,16,4036.0,0,8.303009
1154,100.0,0.64,99.0,99.0,16,271.0,1,5.602119
1155,100.0,1.63,103.0,103.0,23,591.0,0,6.381816
1156,100.0,2.3,89.0,89.0,33,456.0,1,6.122493
1157,100.0,3.98,176.0,176.0,24,428.0,0,6.059123
1158,100.0,1.7,1349.0,1349.0,16,2548.0,1,7.843064
1159,81.3,0.81,87.0,107.0,23,243.0,0,5.4930615
1160,100.0,4.38,197.0,197.0,19,589.0,0,6.378426
1161,83.8,0.38,358.0,427.0,7,3980.0,0,8.289037
1162,71.6,1.91,682.0,953.0,40,1312.0,0,7.179308
1163,100.0,0.34,61.0,61.0,16,69.0,1,4.2341065
1164,100.0,1.61,1121.0,1121.0,25,1745.0,1,7.46451
1165,99.9,0.95,1004.0,1005.0,22,1094.0,1,6.997596
1166,100.0,0.03,1570.0,1570.0,31,31853.0,1,10.368887
1167,100.0,1.63,582.0,582.0,41,12811.0,0,9.458059
1168,99.8,0.71,2726.0,2731.0,25,3133.0,1,8.0497465
1169,90.3,0.53,215.0,238.0,6,342.0,1,5.8348107
1170,100.0,0.97,88.0,88.0,20,284.0,1,5.6489744
1171,100.0,2.75,378.0,378.0,29,477.0,1,6.1675167
1172,90.3,0.35,243.0,269.0,29,399.0,0,5.988961
1173,100.0,1.5,92.0,92.0,32,165.0,1,5.1059456
1174,100.0,2.36,135.0,135.0,21,135.0,0,4.905275
1175,100.0,1.79,264.0,264.0,21,264.0,0,5.575949
1176,100.0,0.8,680.0,680.0,24,858.0,0,6.754604
1177,100.0,0.17,4439.0,4439.0,7,5179.0,0,8.552367
1178,70.3,0.45,473.0,673.0,9,2549.0,0,7.8434563
1179,100.0,0.44,529.0,529.0,7,529.0,1,6.2709885
1180,100.0,1.02,171.0,171.0,19,492.0,1,6.1984787
1181,100.0,0.12,330.0,330.0,19,330.0,1,5.799093
1182,91.6,0.75,4511.0,4926.0,22,9417.0,0,9.150271
1183,100.0,1.11,2706.0,2706.0,24,3068.0,1,8.028781
1184,44.1,0.38,1067.0,2422.0,7,3473.0,0,8.152774
1185,100.0,0.57,1251.0,1251.0,13,1300.0,1,7.17012
1186,86.9,0.25,126.0,145.0,11,230.0,0,5.4380794
1187,100.0,0.67,270.0,270.0,23,474.0,1,6.161207
1188,100.0,1.66,1167.0,1167.0,25,1602.0,1,7.3790083
1189,62.2,0.16,634.0,1020.0,7,1020.0,0,6.927558
1190,77.3,0.35,656.0,849.0,7,36962.0,0,10.517646
1191,76.9,0.19,100.0,130.0,7,195.0,1,5.273
1192,53.1,0.22,220.0,414.0,8,1460.0,0,7.286192
1193,66.5,0.25,179.0,269.0,7,269.0,1,5.5947113
1194,100.0,0.29,13518.0,13518.0,21,18677.0,0,9.835048
1195,100.0,2.45,10518.0,10518.0,13,19055.0,1,9.855084
1196,100.0,0.71,43410.0,43410.0,42,65151.0,0,11.084463
1197,100.0,0.28,1539.0,1539.0,14,1539.0,1,7.338888
1198,70.5,0.45,308.0,437.0,5,476.0,1,6.1654177
1199,61.5,0.71,2057.0,3343.0,19,22026.0,1,9.999979
1200,90.0,0.45,955.0,1061.0,14,1223.0,1,7.109062
1201,100.0,0.26,492.0,492.0,9,526.0,0,6.265301
1202,100.0,0.53,108.0,108.0,8,144.0,1,4.9698133
1203,63.3,0.2,1774.0,2804.0,9,8546.0,0,9.053219
1204,56.7,0.16,2707.0,4775.0,7,6740.0,1,8.815815
1205,100.0,0.96,579.0,579.0,16,844.0,1,6.7381525
1206,100.0,1.33,123.0,123.0,19,171.0,1,5.1416636
1207,100.0,0.42,111.0,111.0,7,158.0,1,5.062595
1208,68.7,0.16,491.0,715.0,7,1012.0,0,6.919684
1209,93.2,0.5,11420.0,12249.0,27,29557.0,0,10.294076
1210,100.0,0.05,583.0,583.0,8,666.0,1,6.50129
1211,76.4,2.05,223.0,292.0,11,333.0,1,5.8081427
1212,88.6,1.28,1640.0,1852.0,6,4094.0,0,8.317278
1213,100.0,1.03,155.0,155.0,10,240.0,1,5.480639
1214,80.6,0.2,228.0,283.0,7,385.0,1,5.9532433
1215,100.0,2.31,283.0,283.0,8,341.0,0,5.8318825
1216,84.9,0.41,118.0,139.0,7,405.0,1,6.003887
1217,90.5,0.37,12981.0,14339.0,40,50697.0,0,10.833622
1218,100.0,0.27,704.0,704.0,17,50697.0,0,10.833622
1219,100.0,0.08,613.0,613.0,22,50697.0,0,10.833622
1220,100.0,0.37,1075.0,1075.0,22,50697.0,0,10.833622
1221,78.8,0.43,216.0,274.0,8,370.0,1,5.913503
1222,46.9,0.23,307.0,655.0,8,655.0,1,6.4846354
1223,91.7,0.16,7673.0,8364.0,37,11930.0,0,9.386811
1224,100.0,1.78,129.0,129.0,15,286.0,0,5.655992
1225,100.0,0.34,119.0,119.0,11,152.0,0,5.0238805
1226,88.2,0.4,240.0,272.0,16,338.0,1,5.8230457
1227,100.0,0.43,127.0,127.0,7,334.0,1,5.811141
1228,86.3,0.8,594.0,688.0,6,929.0,0,6.834109
1229,61.4,0.21,89.0,145.0,8,186.0,1,5.2257466
1230,97.1,0.42,167.0,172.0,18,196.0,1,5.278115
1231,76.3,0.3,297.0,389.0,9,569.0,0,6.3438807
1232,86.5,0.4,147.0,170.0,23,205.0,0,5.32301
1233,35.8,0.17,435.0,1215.0,5,1517.0,1,7.32449
1234,74.7,1.13,515.0,689.0,6,26052.0,1,10.16785
1235,100.0,0.86,684.0,684.0,13,859.0,0,6.755769
1236,51.9,0.11,309.0,595.0,6,603.0,1,6.401917
1237,62.0,0.12,455.0,734.0,5,910.0,1,6.8134446
1238,78.6,0.54,869.0,1105.0,5,1396.0,1,7.2413664
1239,81.8,0.8,270.0,330.0,12,398.0,1,5.986452
1240,28.6,0.18,1172.0,4101.0,9,4688.0,0,8.452762
1241,100.0,0.11,600.0,600.0,8,935.0,0,6.8405466
1242,100.0,0.5,446.0,446.0,6,468.0,0,6.1484685
1243,100.0,2.41,119.0,119.0,12,119.0,1,4.7791233
1244,100.0,0.35,600.0,600.0,6,856.0,1,6.75227
1245,100.0,0.26,199.0,199.0,12,661.0,0,6.493754
1246,100.0,0.24,197.0,197.0,30,450.0,1,6.1092477
1247,80.9,0.36,8975.0,11099.0,42,12721.0,0,9.45101
1248,49.2,0.41,493.0,1003.0,18,1599.0,0,7.377134
1249,100.0,2.3,127.0,127.0,25,589.0,1,6.378426
1250,100.0,0.67,202.0,202.0,8,202.0,1,5.3082676
1251,75.2,0.39,2949.0,3921.0,11,6584.0,0,8.7923975
1252,100.0,1.04,149.0,149.0,15,232.0,1,5.4467373
1253,87.4,0.4,209.0,239.0,7,1605.0,0,7.380879
1254,3.0,0.38,1049.0,34547.0,8,88975.0,0,11.396111
1255,84.6,0.44,126.0,149.0,9,155.0,1,5.043425
1256,93.3,0.47,16579.0,17766.0,8,70707.0,0,11.1663
1257,67.2,0.19,240.0,357.0,8,2384.0,0,7.776535
1258,59.9,0.18,1195.0,1994.0,8,2384.0,0,7.776535
1259,100.0,0.4,128.0,128.0,15,138.0,1,4.9272537
1260,86.5,0.5,587.0,679.0,5,694.0,0,6.542472
1261,100.0,0.34,126.0,126.0,7,241.0,1,5.484797
1262,100.0,0.19,514.0,514.0,9,756.0,0,6.6280413
1263,100.0,4.78,358.0,358.0,7,661.0,1,6.493754
1264,100.0,3.85,237.0,237.0,8,317.0,1,5.7589016
1265,100.0,0.31,309.0,309.0,33,355.0,0,5.872118
1266,62.0,0.19,325.0,524.0,12,718.0,0,6.5764694
1267,100.0,1.25,2667.0,2667.0,16,6344.0,0,8.755265
1268,98.9,1.27,177.0,179.0,5,208.0,1,5.3375382
1269,64.6,0.3,363.0,562.0,5,639.0,1,6.4599047
1270,84.1,0.44,143.0,170.0,8,279.0,1,5.6312118
1271,14.9,0.22,1011.0,6801.0,7,9188.0,1,9.125653
1272,81.7,0.47,3168.0,3879.0,7,10526.0,0,9.261603
1273,68.3,0.42,112.0,164.0,16,262.0,1,5.5683446
1274,100.0,0.4,136.0,136.0,12,320.0,1,5.768321
1275,100.0,2.89,765.0,765.0,36,3625.0,0,8.195609
1276,80.4,0.05,234.0,291.0,8,389.0,1,5.963579
1277,72.6,0.32,3349.0,4615.0,8,41406.0,0,10.631181
1278,100.0,0.61,813.0,813.0,7,2413.0,0,7.788626
1279,90.5,0.39,3261.0,3603.0,27,3915.0,0,8.272571
1280,100.0,0.32,77.0,77.0,13,181.0,0,5.198497
1281,80.6,0.17,489.0,607.0,7,1944.0,0,7.572503
1282,64.4,0.32,2013.0,3128.0,7,4561.0,0,8.425297
1283,73.0,0.33,712.0,975.0,13,1148.0,0,7.0457764
1284,85.4,0.48,164.0,192.0,27,327.0,1,5.7899604
1285,70.2,0.12,335.0,477.0,14,2679.0,0,7.893199
1286,86.5,0.37,38493.0,44517.0,27,88975.0,0,11.396111
1287,76.4,0.38,26405.0,34547.0,27,88975.0,0,11.396111
1288,100.0,0.87,222.0,222.0,28,231.0,0,5.4424176
1289,100.0,0.97,72.0,72.0,33,98.0,1,4.5849676
1290,90.8,0.69,45288.0,49893.0,26,117414.0,0,11.673461
1291,77.0,0.44,33430.0,43428.0,30,54497.0,0,10.905901
1292,81.2,1.14,613.0,755.0,10,1170.0,1,7.0647593
1293,58.2,0.56,318.0,546.0,6,912.0,1,6.81564
1294,60.9,0.32,227.0,373.0,17,434.0,0,6.0730443
1295,94.4,0.12,135.0,143.0,6,226.0,1,5.420535
1296,71.1,0.38,1590.0,2235.0,8,9741.0,1,9.184099
1297,69.8,0.43,268.0,384.0,7,492.0,0,6.1984787
1298,65.0,0.36,2456.0,3776.0,5,7360.0,1,8.903815
1299,89.0,0.34,3942.0,4428.0,31,4549.0,0,8.422663
1300,67.0,0.53,293.0,437.0,7,628.0,1,6.44254
1301,87.6,0.36,14890.0,16996.0,28,18364.0,0,9.818148
1302,100.0,0.38,10881.0,10881.0,9,29203.0,0,10.282026
1303,100.0,0.21,5378.0,5378.0,48,6561.0,0,8.788898
1304,100.0,0.54,448.0,448.0,6,494.0,0,6.2025356
1305,100.0,3.33,155.0,155.0,17,539.0,1,6.289716
1306,97.9,0.36,5154.0,5266.0,16,7324.0,0,8.898911
1307,72.8,0.46,107.0,147.0,8,174.0,0,5.159055
1308,100.0,1.16,210.0,210.0,21,359.0,0,5.8833222
1309,100.0,0.19,117.0,117.0,41,135.0,1,4.905275
1310,100.0,1.86,491.0,491.0,34,1171.0,1,7.0656133
1311,100.0,2.76,387.0,387.0,40,482.0,1,6.177944
1312,100.0,0.79,2168.0,2168.0,9,2515.0,0,7.830028
1313,100.0,4.91,102.0,102.0,17,154.0,1,5.0369525
1314,87.5,0.29,4298.0,4911.0,26,11047.0,0,9.309915
1315,100.0,0.55,1940.0,1940.0,15,2843.0,0,7.9526153
1316,80.6,0.22,150.0,186.0,7,289.0,0,5.6664267
1317,60.8,1.25,146.0,240.0,8,347.0,0,5.8493247
1318,73.8,0.25,459.0,622.0,40,846.0,0,6.7405195
1319,100.0,1.15,806.0,806.0,9,1645.0,1,7.4054956
1320,73.7,0.35,143.0,194.0,7,505.0,0,6.2245584
1321,92.4,0.35,219.0,237.0,33,340.0,1,5.8289456
1322,100.0,1.47,93.0,93.0,5,122.0,0,4.804021
1323,85.0,0.39,734.0,864.0,7,986.0,0,6.8936563
1324,100.0,0.99,204.0,204.0,9,253.0,1,5.5333896
1325,85.3,0.39,5507.0,6459.0,14,28544.0,0,10.259202
1326,85.8,0.5,11623.0,13553.0,24,78182.0,0,11.266795
1327,89.0,0.5,50985.0,57288.0,24,78183.0,0,11.266808
1328,79.4,0.51,2532.0,3188.0,7,78182.0,0,11.266795
1329,64.3,0.12,2861.0,4452.0,11,6359.0,0,8.757627
1330,91.8,0.31,191.0,208.0,10,337.0,0,5.820083
1331,100.0,0.46,246.0,246.0,38,300.0,1,5.7037826
1332,98.4,0.33,932.0,947.0,8,1137.0,1,7.0361485
1333,82.6,0.43,152.0,184.0,5,223.0,1,5.4071717
1334,84.3,0.94,698.0,828.0,16,859.0,0,6.755769
1335,100.0,1.86,134.0,134.0,8,179.0,1,5.187386
1336,100.0,0.69,7087.0,7087.0,18,11643.0,0,9.36246
1337,70.2,0.5,708.0,1009.0,15,1442.0,1,7.2737865
1338,100.0,1.48,108.0,108.0,27,365.0,0,5.8998976
1339,95.8,0.4,2184.0,2280.0,15,3544.0,0,8.173012
1340,100.0,0.2,229.0,229.0,7,232.0,1,5.4467373
1341,100.0,2.08,94.0,94.0,5,147.0,1,4.9904327
1342,100.0,0.76,113.0,113.0,9,407.0,1,6.0088134
1343,100.0,0.32,161.0,161.0,26,220.0,1,5.3936276
1344,100.0,1.77,126.0,126.0,6,216.0,1,5.3752785
1345,79.8,0.42,1769.0,2218.0,22,2571.0,0,7.8520503
1346,58.4,0.21,9276.0,15881.0,25,18404.0,0,9.820323
1347,100.0,1.0,176.0,176.0,5,650.0,0,6.4769726
1348,100.0,0.4,153.0,153.0,8,186.0,0,5.2257466
1349,79.6,0.49,180.0,226.0,24,255.0,0,5.5412636
1350,100.0,0.3,1172.0,1172.0,12,1384.0,0,7.2327332
1351,100.0,0.79,1172.0,1172.0,11,1384.0,0,7.2327332
1352,81.7,0.41,250.0,306.0,7,382.0,0,5.9454207
1353,100.0,0.17,232.0,232.0,8,385.0,1,5.9532433
1354,100.0,0.17,134.0,134.0,7,174.0,1,5.159055
1355,100.0,0.03,95.0,95.0,19,146.0,1,4.983607
1356,100.0,1.3,129.0,129.0,30,236.0,0,5.463832
1357,100.0,2.18,157.0,157.0,8,193.0,1,5.26269
1358,100.0,0.69,560.0,560.0,16,625.0,1,6.437752
1359,100.0,0.63,23000.0,23000.0,9,44450.0,0,10.70212
1360,100.0,0.64,190.0,190.0,9,907.0,1,6.8101425
1361,100.0,0.59,129.0,129.0,26,185.0,1,5.220356
1362,100.0,0.26,254.0,254.0,21,295.0,1,5.6869755
1363,100.0,1.6,1542.0,1542.0,9,2508.0,0,7.827241
1364,100.0,0.2,234.0,234.0,5,290.0,1,5.669881
1365,31.4,0.03,922.0,2933.0,6,4212.0,0,8.345693
1366,98.5,0.59,128.0,130.0,7,130.0,1,4.8675346
1367,100.0,1.25,770.0,770.0,26,823.0,1,6.7129564
1368,100.0,3.7,640.0,640.0,8,825.0,0,6.7153835
1369,100.0,0.03,190.0,190.0,6,480.0,1,6.173786
1370,100.0,0.58,402.0,402.0,7,629.0,1,6.4441314
1371,73.9,0.18,677.0,916.0,6,1026.0,0,6.933423
1372,100.0,1.0,150.0,150.0,9,240.0,1,5.480639
1373,79.3,0.38,571.0,720.0,19,5802.0,1,8.665958
1374,70.6,0.4,173.0,245.0,40,870.0,1,6.768493
1375,100.0,0.22,102.0,102.0,22,115.0,0,4.744932
1376,69.3,0.76,280.0,404.0,27,909.0,1,6.812345
1377,93.4,0.07,576.0,617.0,7,617.0,0,6.424869
1378,100.0,2.32,318.0,318.0,27,319.0,0,5.765191
1379,84.7,0.38,149.0,176.0,7,196.0,1,5.278115
1380,100.0,0.04,196.0,196.0,9,303.0,1,5.7137327
1381,100.0,0.34,1224.0,1224.0,12,1805.0,0,7.498316
1382,100.0,0.14,168.0,168.0,19,176.0,1,5.170484
1383,100.0,0.72,138.0,138.0,20,157.0,1,5.056246
1384,100.0,0.46,186.0,186.0,15,212.0,1,5.3565865
1385,94.4,1.51,84.0,89.0,12,124.0,0,4.8202815
1386,100.0,0.53,644.0,644.0,8,727.0,0,6.5889263
1387,62.5,0.4,95.0,152.0,7,315.0,1,5.7525725
1388,53.7,0.09,440.0,820.0,8,965.0,0,6.872128
1389,100.0,0.64,241.0,241.0,25,392.0,1,5.971262
1390,100.0,1.13,268.0,268.0,15,464.0,1,6.1398845
1391,100.0,1.06,417.0,417.0,24,419.0,0,6.037871
1392,87.7,1.9,408.0,465.0,18,702.0,0,6.5539336
1393,85.7,0.51,180.0,210.0,8,214.0,0,5.365976
1394,100.0,0.38,123.0,123.0,6,459.0,0,6.1290503
1395,62.9,1.21,1415.0,2251.0,19,18700.0,1,9.836279
1396,100.0,0.71,240.0,240.0,10,318.0,1,5.7620516
1397,100.0,1.34,169.0,169.0,21,280.0,1,5.6347895
1398,56.7,0.09,135.0,238.0,8,288.0,1,5.6629605
1399,100.0,0.14,640.0,640.0,5,837.0,0,6.729824
1400,100.0,1.93,284.0,284.0,18,284.0,1,5.6489744
1401,100.0,0.18,469.0,469.0,19,475.0,0,6.163315
1402,60.3,0.27,232.0,385.0,12,423.0,1,6.0473723
1403,21.3,0.38,766.0,3600.0,6,4500.0,1,8.411833
1404,85.7,0.4,699.0,816.0,7,1504.0,0,7.3158836
1405,100.0,0.39,225.0,225.0,8,519.0,0,6.251904
1406,100.0,0.72,149.0,149.0,16,170.0,1,5.1357985
1407,71.7,0.79,266.0,371.0,31,543.0,0,6.297109
1408,91.7,0.27,144.0,157.0,9,505.0,1,6.2245584
1409,100.0,0.69,2351.0,2351.0,8,2351.0,1,7.762596
1410,55.9,0.39,243.0,435.0,7,625.0,0,6.437752
1411,94.2,0.16,373.0,396.0,18,608.0,1,6.410175
1412,100.0,1.61,110.0,110.0,21,178.0,1,5.1817837
1413,96.5,0.51,750.0,777.0,5,873.0,0,6.7719355
1414,100.0,0.12,100.0,100.0,22,186.0,1,5.2257466
1415,87.6,0.66,106.0,121.0,5,398.0,1,5.986452
1416,77.3,0.32,1482.0,1916.0,9,22023.0,0,9.999843
1417,100.0,0.42,103.0,103.0,7,417.0,0,6.0330863
1418,100.0,1.88,72.0,72.0,19,138.0,1,4.9272537
1419,62.7,0.36,16545.0,26395.0,22,39378.0,0,10.580962
1420,100.0,0.48,256.0,256.0,7,431.0,1,6.066108
1421,100.0,0.32,336.0,336.0,7,359.0,0,5.8833222
1422,89.7,0.36,2313.0,2578.0,12,4540.0,0,8.420682
1423,100.0,0.23,621.0,621.0,8,720.0,1,6.5792513
1424,100.0,2.37,131.0,131.0,13,166.0,1,5.1119876
1425,100.0,0.2,449.0,449.0,6,19744.0,1,9.890605
1426,77.7,0.14,290.0,373.0,5,978.0,1,6.8855095
1427,56.8,0.26,643.0,1132.0,6,1281.0,0,7.1553965
1428,58.2,0.36,185.0,318.0,11,332.0,1,5.805135
1429,100.0,0.36,240.0,240.0,9,300.0,0,5.7037826
1430,100.0,0.94,2031.0,2031.0,6,2898.0,1,7.971776
1431,70.0,0.31,91.0,130.0,6,252.0,1,5.529429
1432,60.1,1.77,101.0,168.0,5,359.0,1,5.8833222
1433,100.0,1.16,168.0,168.0,21,168.0,1,5.123964
1434,100.0,1.35,137.0,137.0,11,163.0,1,5.09375
1435,78.1,0.31,3703.0,4743.0,5,6994.0,0,8.852808
1436,78.1,0.31,3703.0,4743.0,5,6994.0,0,8.852808
1437,100.0,0.49,166.0,166.0,6,264.0,1,5.575949
1438,100.0,0.54,100.0,100.0,6,124.0,0,4.8202815
1439,100.0,0.59,475.0,475.0,8,562.0,0,6.331502
1440,100.0,0.79,571.0,571.0,7,926.0,0,6.8308744
1441,100.0,0.66,764.0,764.0,9,830.0,1,6.7214255
1442,92.6,2.31,100.0,108.0,8,160.0,1,5.075174
1443,100.0,1.86,157.0,157.0,6,157.0,1,5.056246
1444,61.7,0.41,513.0,832.0,6,979.0,1,6.886532
1445,55.5,0.09,161.0,290.0,5,493.0,1,6.200509
1446,100.0,0.93,190.0,190.0,12,190.0,1,5.247024
1447,100.0,0.07,128.0,128.0,7,182.0,1,5.2040067
1448,100.0,1.96,175.0,175.0,9,214.0,1,5.365976
1449,100.0,1.99,427.0,427.0,13,627.0,1,6.4409466
1450,17.4,0.29,265.0,1524.0,5,1549.0,0,7.345365
1451,100.0,0.12,254.0,254.0,7,345.0,1,5.8435445
1452,90.8,1.18,1448.0,1594.0,21,26052.0,1,10.16785
1453,100.0,0.28,108.0,108.0,6,325.0,1,5.7838254
1454,99.6,0.24,229.0,230.0,13,230.0,1,5.4380794
1455,76.4,0.4,2652.0,3469.0,8,60258.0,0,11.006391
1456,43.8,0.2,1372.0,3130.0,6,10990.0,1,9.304741
1457,100.0,0.39,191.0,191.0,13,393.0,1,5.9738097
1458,100.0,0.58,110.0,110.0,5,211.0,1,5.351858
1459,79.3,0.43,318.0,401.0,9,57065.0,1,10.951946
1460,100.0,0.9,617.0,617.0,10,938.0,1,6.84375
1461,100.0,0.76,180.0,180.0,10,242.0,1,5.488938
1462,51.5,0.23,177.0,344.0,7,419.0,1,6.037871
1463,88.4,1.26,61.0,69.0,8,210.0,0,5.3471074
1464,79.9,0.67,147.0,184.0,51,309.0,0,5.733341
1465,80.8,0.69,101.0,125.0,29,309.0,0,5.733341
1466,92.6,0.59,261.0,282.0,6,510.0,0,6.234411
1467,100.0,1.29,694.0,694.0,10,1289.0,1,7.161622
1468,92.5,0.52,297.0,321.0,22,364.0,1,5.897154
1469,43.3,0.15,384.0,886.0,7,1191.0,1,7.0825486
1470,45.8,0.44,1690.0,3691.0,7,5865.0,1,8.676758
1471,67.2,0.19,117.0,174.0,6,305.0,1,5.7203116
1472,100.0,0.12,3565.0,3565.0,9,3565.0,1,8.17892
1473,79.3,0.71,107.0,135.0,5,216.0,1,5.3752785
1474,78.8,0.46,761.0,966.0,8,980.0,0,6.8875527
1475,100.0,0.29,764.0,764.0,6,962.0,0,6.8690143
1476,100.0,0.38,113.0,113.0,8,185.0,0,5.220356
1477,50.9,0.52,144.0,283.0,9,796.0,1,6.6795993
1478,81.6,0.42,142.0,174.0,8,177.0,1,5.17615
1479,77.6,0.36,222.0,286.0,7,381.0,0,5.9427996
1480,93.9,0.5,400.0,426.0,8,457.0,1,6.1246834
1481,80.9,0.47,555.0,686.0,16,1399.0,0,7.243513
1482,100.0,0.21,159.0,159.0,6,189.0,1,5.241747
1483,85.8,0.16,1138.0,1327.0,18,1328.0,0,7.191429
1484,100.0,1.01,121.0,121.0,6,537.0,1,6.285998
1485,100.0,0.29,184.0,184.0,7,231.0,1,5.4424176
1486,100.0,2.64,207.0,207.0,6,259.0,1,5.556828
1487,100.0,0.52,3405.0,3405.0,8,4792.0,0,8.474703
1488,70.9,0.41,100.0,141.0,8,141.0,1,4.94876
1489,100.0,0.95,183.0,183.0,5,223.0,1,5.4071717
1490,100.0,1.04,1590.0,1590.0,12,1612.0,0,7.385231
1491,91.8,0.97,167.0,182.0,9,525.0,1,6.263398
1492,72.1,0.12,202.0,280.0,6,1564.0,0,7.355002
1493,100.0,0.43,98.0,98.0,12,167.0,1,5.117994
1494,74.7,0.39,74.0,99.0,8,170.0,1,5.1357985
1495,72.9,0.81,3601.0,4937.0,6,7061.0,0,8.862342
1496,100.0,2.9,110.0,110.0,8,129.0,0,4.8598123
1497,63.6,0.34,673.0,1059.0,9,2700.0,1,7.901007
1498,52.7,0.45,196.0,372.0,12,486.0,0,6.1862087
1499,83.3,0.03,209.0,251.0,8,520.0,0,6.253829
1500,84.9,0.27,118.0,139.0,18,148.0,0,4.9972124
1501,100.0,0.1,129.0,129.0,10,132.0,0,4.882802
1502,70.9,0.5,280.0,395.0,5,1777.0,0,7.4826818
1503,68.8,0.38,350.0,509.0,5,577.0,1,6.3578424
1504,82.6,0.56,2282.0,2763.0,24,4090.0,0,8.3163
1505,100.0,0.78,15923.0,15923.0,26,45000.0,0,10.714417
1506,100.0,3.1,92.0,92.0,26,108.0,1,4.6821313
1507,99.5,0.71,5097.0,5123.0,41,8331.0,1,9.027739
1508,91.9,0.21,203.0,221.0,14,241.0,1,5.484797
1509,68.7,0.19,1762.0,2566.0,7,3894.0,1,8.267192
1510,73.8,0.35,107.0,145.0,7,215.0,0,5.370638
1511,100.0,2.67,1376.0,1376.0,13,1376.0,1,7.226936
1512,78.5,0.31,1772.0,2256.0,6,2332.0,0,7.7544813
1513,99.2,0.4,2254.0,2273.0,36,18706.0,0,9.836599
1514,100.0,0.87,193.0,193.0,8,193.0,0,5.26269
1515,79.1,0.51,121.0,153.0,8,6951.0,0,8.846641
1516,81.0,0.98,162.0,200.0,7,236.0,0,5.463832
1517,93.1,0.65,256.0,275.0,7,398.0,0,5.986452
1518,100.0,0.8,417.0,417.0,8,459.0,1,6.1290503
1519,68.9,0.6,665.0,965.0,6,1603.0,1,7.379632
1520,100.0,1.73,1086.0,1086.0,9,2817.0,0,7.9434276
1521,59.6,0.05,271.0,455.0,8,507.0,0,6.228511
1522,100.0,3.24,2477.0,2477.0,30,3523.0,0,8.1670685
1523,52.4,0.31,1392.0,2659.0,8,34393.0,0,10.445608
1524,100.0,0.99,325.0,325.0,39,439.0,1,6.0844994
1525,54.9,0.4,203.0,370.0,7,521.0,0,6.25575
1526,100.0,4.02,432.0,432.0,34,660.0,0,6.49224
1527,89.1,1.4,212.0,238.0,31,469.0,1,6.150603
1528,60.6,0.06,829.0,1367.0,7,1828.0,0,7.5109777
1529,85.1,0.33,553.0,650.0,24,907.0,0,6.8101425
1530,100.0,2.52,142.0,142.0,17,197.0,1,5.2832036
1531,100.0,2.27,1928.0,1928.0,35,2171.0,0,7.6829433
1532,100.0,0.58,166.0,166.0,8,931.0,1,6.8362594
1533,100.0,0.45,2179.0,2179.0,24,3187.0,0,8.066835
