,wage,lwage,belavg,abvavg,exper,looks,union,goodhlth,black,female,married,south,bigcity,smllcity,service,expersq,educ
0,5.73,1.7457155,0,1,30,4,0,1,0,1,1,0,0,1,1,900,14
1,4.28,1.453953,0,0,28,3,0,1,0,1,1,1,0,1,0,784,12
2,7.96,2.074429,0,1,35,4,0,1,0,1,0,0,0,1,0,1225,10
3,11.57,2.4484155,0,0,38,3,0,1,0,0,1,0,1,0,1,1444,16
4,11.42,2.4353662,0,0,27,3,0,1,0,0,1,0,0,1,0,729,16
5,3.91,1.3635374,0,0,20,3,0,0,0,1,1,0,1,0,0,400,12
6,8.76,2.1701958,0,0,12,3,0,1,0,0,1,0,1,0,0,144,16
7,7.69,2.0399208,0,1,5,4,1,1,0,0,0,0,0,1,0,25,16
8,5.0,1.609438,0,0,5,3,0,1,0,1,0,0,0,0,0,25,16
9,3.89,1.3584092,0,0,12,3,0,1,0,1,0,0,0,1,0,144,12
10,3.45,1.2383742,0,1,3,4,0,1,0,1,0,0,1,0,0,9,12
11,4.03,1.3937664,0,1,6,4,0,1,0,0,1,0,0,1,0,36,16
12,5.14,1.637053,1,0,19,2,0,1,0,0,1,0,0,1,1,361,17
13,3.0,1.0986123,0,0,8,3,0,1,0,0,0,0,0,1,1,64,16
14,7.99,2.0781908,0,1,12,4,0,1,0,0,1,0,0,0,0,144,16
15,6.01,1.7934248,0,1,17,4,0,1,0,0,1,0,0,1,0,289,16
16,5.16,1.6409365,0,0,7,3,0,1,0,0,1,0,0,0,0,49,17
17,11.54,2.4458191,0,1,12,4,0,1,0,0,1,1,0,1,1,144,17
18,10.44,2.3456445,0,1,10,4,0,1,0,1,0,0,1,0,0,100,17
19,7.69,2.0399208,0,0,7,3,0,1,0,1,1,0,0,0,1,49,16
20,7.69,2.0399208,0,1,7,4,1,1,0,0,0,0,0,1,0,49,17
21,6.79,1.9154509,0,0,19,3,0,1,0,0,1,0,0,1,1,361,14
22,6.87,1.9271641,0,0,33,3,0,1,0,0,1,0,1,0,1,1089,12
23,17.03,2.8349764,0,0,32,3,0,1,0,0,1,0,1,0,0,1024,13
24,10.05,2.3075726,0,1,12,4,0,1,0,0,1,0,1,0,0,144,13
25,15.81,2.7606428,0,1,24,4,0,1,0,0,1,1,0,1,1,576,17
26,14.84,2.6973262,0,1,29,5,0,1,0,0,0,1,1,0,1,841,13
27,19.08,2.9486406,0,1,17,5,0,1,0,0,0,0,1,0,0,289,17
28,8.35,2.1222615,1,0,41,1,0,0,0,0,1,1,1,0,1,1681,16
29,9.62,2.2638443,0,0,40,3,0,0,0,0,1,0,0,1,0,1600,16
30,5.96,1.7850705,0,0,10,3,0,1,0,0,1,0,0,1,0,100,14
31,5.73,1.7457155,0,0,43,3,0,0,0,0,1,0,0,1,0,1849,10
32,6.73,1.9065752,0,1,41,4,0,1,0,0,1,0,0,1,0,1681,10
33,8.17,2.1004689,1,0,18,2,0,1,0,0,1,0,0,1,0,324,16
34,12.39,2.5168898,0,1,28,4,0,1,0,0,1,0,1,0,0,784,12
35,9.62,2.2638443,1,0,37,2,0,1,0,0,1,0,1,0,0,1369,13
36,4.83,1.5748465,0,1,20,4,0,1,1,0,1,0,0,1,0,400,16
37,7.69,2.0399208,1,0,10,2,1,1,0,0,1,0,0,1,0,100,13
38,12.5,2.5257287,0,0,31,3,0,1,0,0,1,1,0,1,0,961,16
39,2.82,1.0367368,0,0,18,3,0,1,0,0,1,0,0,0,1,324,12
40,12.31,2.510412,0,0,9,3,1,1,0,0,0,0,1,0,0,81,17
41,13.22,2.5817308,0,0,42,3,0,1,0,0,1,0,1,0,0,1764,16
42,16.83,2.823163,0,1,14,4,0,1,0,0,1,1,1,0,0,196,16
43,11.54,2.4458191,0,0,27,3,0,1,0,0,1,0,1,0,0,729,16
44,4.95,1.5993875,0,0,20,3,0,1,1,1,0,1,1,0,1,400,14
45,7.21,1.975469,0,0,14,3,0,1,0,0,1,0,1,0,0,196,17
46,11.58,2.4492795,0,0,4,3,0,1,0,0,1,0,1,0,0,16,17
47,15.38,2.733068,0,0,13,3,0,1,0,0,1,0,1,0,0,169,17
48,6.1,1.8082888,0,0,5,3,0,1,0,0,1,0,0,1,1,25,17
49,7.93,2.070653,0,0,32,3,0,1,0,0,1,0,1,0,1,1024,17
50,9.16,2.2148461,0,1,19,4,1,1,0,1,1,0,1,0,1,361,17
51,6.91,1.9329696,0,1,14,4,0,1,0,1,0,1,1,0,1,196,17
52,20.18,3.004692,0,0,28,3,0,1,0,0,1,0,1,0,1,784,17
53,9.93,2.2955606,0,0,31,3,1,1,0,0,1,1,0,1,0,961,17
54,7.79,2.052841,0,1,18,4,0,1,0,0,1,0,0,1,0,324,13
55,5.13,1.6351057,0,0,23,3,0,1,0,0,1,0,0,0,1,529,5
56,10.99,2.3969858,0,1,14,4,0,1,0,0,1,1,0,1,0,196,16
57,6.56,1.8809906,1,0,17,2,0,1,0,0,1,0,0,1,0,289,13
58,10.1,2.3125355,0,0,16,3,0,1,0,0,1,0,1,0,0,256,13
59,10.74,2.373975,0,0,19,3,0,1,0,0,1,0,0,0,0,361,16
60,16.35,2.7942278,0,0,26,3,0,1,0,0,1,0,1,0,0,676,17
61,4.62,1.5303947,0,1,20,4,0,1,0,1,1,1,0,1,1,400,12
62,7.49,2.0135689,0,0,18,3,0,1,0,0,1,0,0,0,0,324,17
63,19.23,2.9564714,0,0,35,3,0,1,0,0,1,0,1,0,0,1225,17
64,4.77,1.5623463,0,1,9,4,0,1,0,1,0,1,0,1,1,81,17
65,7.14,1.9657128,1,0,20,2,0,1,0,1,0,0,1,0,1,400,17
66,14.42,2.668616,0,1,7,4,0,1,0,0,1,1,0,0,1,49,17
67,9.28,2.2278614,0,1,40,4,0,1,0,0,0,1,0,0,1,1600,17
68,29.98,3.4005306,0,0,12,3,0,1,0,0,1,0,0,1,1,144,17
69,32.79,3.4901235,0,1,33,4,0,1,0,0,1,0,0,1,1,1089,16
70,9.62,2.2638443,0,0,16,3,0,1,0,0,1,0,0,1,0,256,16
71,8.36,2.1234584,0,0,15,3,0,1,0,1,1,0,1,0,0,225,16
72,21.63,3.0740812,0,0,11,3,0,1,0,0,1,0,0,1,1,121,17
73,15.9,2.766319,0,1,24,4,0,1,0,0,1,0,0,1,1,576,17
74,5.77,1.7526721,1,0,6,2,0,1,0,0,1,1,1,0,1,36,17
75,20.99,3.0440462,1,0,40,2,0,1,0,0,1,1,1,0,1,1600,17
76,23.32,3.1493113,0,1,15,5,0,1,0,0,1,1,0,0,1,225,17
77,4.97,1.6034198,0,1,9,4,0,1,0,0,1,0,0,1,1,81,17
78,6.89,1.9300711,1,0,16,2,0,1,0,0,1,1,0,0,0,256,17
79,5.73,1.7457155,1,0,12,2,0,1,0,1,0,1,1,0,1,144,13
80,5.19,1.6467338,0,0,8,3,0,1,0,0,1,0,0,1,1,64,17
81,7.79,2.052841,0,0,25,3,1,1,0,1,0,0,0,1,1,625,17
82,8.79,2.1736147,0,0,24,3,1,1,0,1,1,0,0,0,1,576,16
83,9.32,2.2321627,0,1,25,4,1,1,0,1,0,1,0,1,0,625,17
84,8.33,2.1198635,0,1,7,4,0,1,0,1,0,1,1,0,1,49,17
85,10.12,2.3145137,0,0,40,3,0,1,1,1,0,0,0,1,1,1600,10
86,1.98,0.6830968,0,0,29,3,0,0,0,1,0,0,0,0,1,841,8
87,8.24,2.1090002,0,1,13,4,0,1,0,1,1,0,1,0,1,169,17
88,5.05,1.6193882,0,1,5,4,0,1,0,1,0,0,0,0,1,25,14
89,6.55,1.8794651,0,0,10,3,0,1,0,1,1,0,0,0,0,100,16
90,4.47,1.4973884,0,0,25,3,1,1,0,0,1,0,0,0,1,625,13
91,7.96,2.074429,0,0,10,3,0,1,0,1,1,0,1,0,1,100,16
92,6.25,1.8325815,1,0,20,2,0,1,0,0,0,0,0,0,1,400,17
93,4.13,1.4182774,0,0,7,3,0,1,0,0,0,0,0,0,0,49,16
94,6.73,1.9065752,1,0,25,2,0,1,0,1,1,1,0,0,1,625,13
95,7.69,2.0399208,0,0,8,3,0,1,0,1,0,0,0,1,1,64,17
96,4.35,1.4701759,1,0,8,2,0,1,0,1,1,0,0,1,1,64,14
97,7.69,2.0399208,0,0,28,3,0,1,0,0,1,0,0,1,0,784,14
98,4.81,1.5706971,1,0,37,2,0,1,0,0,1,1,0,1,1,1369,16
99,5.24,1.6563214,0,0,31,3,0,1,0,0,1,0,0,0,1,961,17
100,2.14,0.7608059,0,1,24,4,0,1,0,0,1,0,0,0,1,576,16
101,4.49,1.5018526,0,1,33,4,0,1,0,0,1,0,0,0,1,1089,17
102,3.61,1.2837077,0,1,8,4,0,1,0,0,1,0,0,1,1,64,17
103,5.45,1.6956155,0,0,33,3,0,1,0,0,1,0,0,1,1,1089,17
104,5.0,1.609438,0,0,30,3,0,1,0,0,1,0,0,0,1,900,17
105,6.73,1.9065752,0,0,23,3,0,1,0,0,1,0,0,1,1,529,17
106,10.05,2.3075726,0,0,24,3,0,1,0,0,1,0,0,0,0,576,16
107,6.54,1.8779372,0,1,4,4,0,1,0,0,1,0,0,1,0,16,17
108,9.2,2.2192035,0,0,40,3,0,1,0,1,0,0,0,0,1,1600,17
109,4.62,1.5303947,0,0,1,3,0,1,0,1,0,0,0,1,1,1,16
110,3.37,1.2149127,0,0,36,3,0,1,1,1,0,0,1,0,1,1296,13
111,5.54,1.7119945,0,1,7,4,0,1,0,1,0,0,0,1,1,49,17
112,6.11,1.8099267,0,1,7,5,0,1,0,1,1,0,0,0,0,49,12
113,4.99,1.6074358,0,0,14,3,0,1,0,1,0,0,0,1,1,196,13
114,5.88,1.7715567,0,0,7,3,0,1,0,1,1,0,0,1,1,49,17
115,5.66,1.7334238,0,1,11,4,1,1,0,1,0,1,0,1,1,121,16
116,4.0,1.3862944,0,0,6,3,0,1,0,0,1,0,0,1,1,36,16
117,6.87,1.9271641,0,0,23,3,0,1,0,1,1,0,0,0,1,529,16
118,4.37,1.474763,1,0,19,2,0,1,0,1,0,0,0,0,1,361,17
119,5.77,1.7526721,0,0,30,3,0,1,0,0,1,1,0,1,0,900,13
120,5.77,1.7526721,0,1,21,4,0,1,0,0,1,1,0,0,1,441,17
121,12.31,2.510412,0,1,9,4,0,1,0,0,1,0,1,0,1,81,17
122,19.08,2.9486406,0,0,29,3,1,1,0,0,1,1,0,1,1,841,17
123,7.55,2.0215476,0,0,9,3,0,1,0,1,0,0,0,0,1,81,17
124,5.9,1.7749524,0,1,18,4,0,1,0,1,0,0,0,0,1,324,17
125,6.37,1.8515995,0,0,26,3,0,1,0,1,0,1,0,0,1,676,17
126,6.15,1.8164521,0,1,21,4,1,1,0,0,1,0,0,0,1,441,17
127,1.92,0.65232515,1,0,12,2,1,1,0,1,1,1,0,1,1,144,17
128,3.27,1.18479,0,0,11,3,0,1,0,0,0,0,0,1,1,121,17
129,2.18,0.7793249,0,1,18,4,0,1,0,0,0,0,0,1,1,324,17
130,5.62,1.7263316,0,0,22,3,0,1,0,0,1,0,0,1,1,484,17
131,9.29,2.2289386,0,1,38,4,0,1,0,1,0,0,0,0,1,1444,17
132,6.41,1.8578593,0,0,10,3,1,1,0,1,1,0,0,1,1,100,17
133,7.46,2.0095553,0,0,22,3,1,1,0,1,1,0,0,1,1,484,16
134,6.59,1.8855534,1,0,16,2,1,1,0,1,0,0,1,0,1,256,17
135,6.73,1.9065752,1,0,20,2,1,1,0,1,1,1,0,1,1,400,17
136,5.61,1.7245507,0,0,14,3,1,1,0,1,1,1,0,1,1,196,16
137,3.65,1.2947272,0,1,14,4,0,1,0,1,1,0,1,0,1,196,16
138,13.01,2.5657184,0,1,15,4,1,1,0,0,1,0,1,0,1,225,17
139,6.97,1.9416152,0,0,18,3,1,1,0,0,0,0,0,0,1,324,17
140,7.69,2.0399208,0,0,21,3,1,1,0,1,1,1,0,1,1,441,17
141,6.73,1.9065752,0,0,15,3,0,1,0,0,1,1,0,1,1,225,16
142,5.13,1.6351057,0,0,10,3,1,1,0,1,0,0,0,0,1,100,17
143,2.14,0.7608059,0,1,6,4,0,1,0,1,1,0,0,1,1,36,16
144,4.53,1.510722,1,0,8,2,1,1,0,1,1,0,0,1,1,64,14
145,9.1,2.2082744,1,0,18,2,0,1,0,1,0,1,1,0,1,324,17
146,9.78,2.2803395,0,0,15,3,1,1,0,1,0,0,0,1,1,225,17
147,3.63,1.2892327,0,1,11,4,0,1,0,1,1,0,1,0,1,121,13
148,7.21,1.975469,0,0,20,3,1,0,1,1,1,0,1,0,1,400,17
149,10.62,2.362739,0,0,18,3,1,1,0,1,1,0,0,1,1,324,17
150,4.62,1.5303947,0,0,10,3,1,1,0,1,1,0,0,1,1,100,17
151,6.54,1.8779372,0,0,26,3,1,1,0,1,0,1,0,0,1,676,14
152,12.12,2.494857,0,0,35,3,1,0,0,1,0,0,1,0,1,1225,17
153,7.21,1.975469,0,1,30,4,1,1,0,1,1,0,0,1,1,900,16
154,6.25,1.8325815,0,1,6,4,1,0,0,1,0,0,0,1,1,36,16
155,3.85,1.3480731,0,0,13,3,1,1,0,1,1,0,0,1,1,169,17
156,3.03,1.1085626,0,0,10,3,0,0,0,1,1,0,0,1,1,100,16
157,2.01,0.6981347,0,0,16,3,0,1,0,1,1,0,1,0,1,256,16
158,3.9,1.3609766,0,1,5,4,1,1,0,1,1,0,0,0,1,25,17
159,6.35,1.8484548,0,0,11,3,1,1,0,1,0,0,1,0,1,121,17
160,2.0,0.6931472,0,1,6,4,0,1,0,1,1,0,0,0,1,36,14
161,7.69,2.0399208,0,0,22,3,1,1,0,0,1,1,0,1,1,484,17
162,2.63,0.9669839,0,0,4,3,0,1,0,1,0,0,1,0,1,16,12
163,5.0,1.609438,0,1,15,4,1,1,0,1,1,1,1,0,1,225,17
164,6.54,1.8779372,0,0,7,3,0,1,0,1,0,0,1,0,1,49,17
165,5.19,1.6467338,0,0,10,3,0,1,0,1,1,0,0,1,1,100,16
166,9.75,2.2772672,0,0,8,3,1,1,0,1,1,0,1,0,1,64,16
167,2.81,1.0331844,0,0,14,3,0,1,1,1,1,0,1,0,0,196,13
168,4.62,1.5303947,0,0,11,3,1,1,0,0,1,0,0,1,1,121,17
169,7.33,1.9919755,0,0,34,3,1,1,0,0,1,0,0,1,1,1156,17
170,7.69,2.0399208,0,1,12,4,1,1,0,0,1,0,0,0,1,144,17
171,3.26,1.1817272,0,0,10,3,1,1,0,0,1,0,0,0,1,100,17
172,5.77,1.7526721,1,0,11,2,0,1,0,1,0,0,0,1,1,121,17
173,5.59,1.7209793,0,1,8,4,1,1,0,0,0,0,0,1,1,64,17
174,5.13,1.6351057,0,0,28,3,0,1,1,0,0,0,0,0,1,784,16
175,14.74,2.6905649,1,0,24,2,1,1,0,0,1,0,1,0,1,576,17
176,3.67,1.3001916,0,0,8,3,1,1,0,1,0,0,0,0,1,64,17
177,9.73,2.275214,0,1,13,4,0,1,0,0,1,0,0,0,1,169,17
178,3.46,1.2412686,0,0,4,3,1,1,0,0,1,0,0,0,1,16,13
179,6.37,1.8515995,0,1,43,4,1,1,0,0,1,0,0,1,1,1849,17
180,6.58,1.8840348,0,0,30,3,0,1,0,1,1,0,0,1,1,900,16
181,10.15,2.3174736,0,0,16,3,1,1,1,0,0,0,1,0,1,256,16
182,9.23,2.222459,0,0,19,3,1,1,0,0,1,1,0,0,1,361,17
183,6.75,1.9095426,0,0,21,3,0,0,0,0,1,1,0,1,1,441,17
184,10.22,2.3243465,0,0,26,3,0,1,0,1,0,0,1,0,1,676,17
185,4.76,1.5602477,0,0,8,3,1,1,0,0,1,0,0,1,1,64,16
186,1.76,0.5653138,0,0,24,3,0,1,0,1,0,0,1,0,1,576,17
187,12.73,2.5439613,0,1,15,4,1,1,0,0,1,0,0,1,1,225,17
188,5.85,1.7664417,0,0,26,3,1,1,0,0,1,0,0,0,0,676,12
189,3.17,1.1537316,0,0,6,3,0,0,0,0,1,0,0,0,0,36,16
190,5.99,1.7900914,1,0,19,2,0,1,0,0,1,0,0,1,0,361,12
191,4.62,1.5303947,0,0,4,3,0,1,0,0,1,0,1,0,0,16,12
192,1.8,0.5877866,0,1,23,4,0,1,0,0,1,1,0,0,1,529,13
193,5.95,1.7833912,0,1,25,4,0,1,0,0,1,0,0,1,1,625,13
194,7.46,2.0095553,0,0,18,3,0,1,0,0,1,0,1,0,0,324,12
195,8.7,2.163323,1,0,27,2,0,1,0,0,1,0,0,1,0,729,13
196,3.75,1.3217559,0,0,16,3,0,1,0,0,1,0,0,0,0,256,10
197,7.69,2.0399208,0,0,20,3,0,1,0,0,1,0,0,1,1,400,12
198,5.24,1.6563214,0,0,12,3,0,0,0,0,1,0,0,0,0,144,14
199,10.1,2.3125355,0,1,35,4,0,1,0,0,1,0,1,0,0,1225,12
200,3.75,1.3217559,1,0,36,1,0,1,0,0,0,0,0,1,0,1296,12
201,5.79,1.7561322,0,0,35,3,0,1,0,0,1,0,0,1,0,1225,13
202,5.06,1.6213665,0,0,5,3,0,1,0,0,1,0,0,1,1,25,17
203,7.96,2.074429,0,1,15,4,1,1,0,0,1,0,0,1,0,225,13
204,12.82,2.5510063,0,0,44,3,1,1,0,0,1,0,1,0,0,1936,12
205,8.46,2.1353493,0,0,28,3,0,1,0,0,1,1,0,1,0,784,13
206,3.76,1.3244189,0,1,2,4,1,1,0,1,0,1,1,0,1,4,13
207,2.86,1.0508215,0,0,43,3,0,1,0,0,1,0,0,1,1,1849,12
208,11.81,2.4689467,0,0,30,3,1,1,0,0,1,0,1,0,0,900,10
209,7.69,2.0399208,0,0,26,3,0,1,0,0,1,0,0,1,0,676,12
210,7.21,1.975469,0,0,40,3,1,0,0,0,1,0,1,0,0,1600,12
211,2.88,1.0577903,0,1,7,4,0,1,1,1,0,0,0,1,1,49,13
212,5.73,1.7457155,0,0,10,3,1,1,0,1,0,1,0,1,0,100,12
213,4.49,1.5018526,1,0,37,2,0,1,0,0,1,0,0,0,1,1369,12
214,9.57,2.2586331,0,1,27,4,1,1,0,0,1,0,0,1,1,729,17
215,3.61,1.2837077,0,0,5,3,0,1,0,0,1,0,1,0,1,25,17
216,7.77,2.05027,1,0,14,2,0,1,0,0,1,0,0,0,0,196,13
217,9.23,2.222459,1,0,16,2,0,1,0,0,0,0,1,0,0,256,16
218,5.58,1.7191888,0,0,4,3,0,1,0,0,1,0,0,1,0,16,17
219,5.34,1.6752257,0,0,39,3,0,1,0,0,1,0,1,0,1,1521,16
220,5.17,1.6428727,0,0,32,3,1,1,0,0,1,1,0,1,1,1024,12
221,6.41,1.8578593,0,1,16,4,0,1,0,0,1,1,0,0,1,256,17
222,7.4,2.00148,0,1,10,4,0,1,0,1,0,0,0,1,1,100,17
223,6.75,1.9095426,0,1,15,4,0,1,0,0,1,0,0,1,0,225,17
224,8.46,2.1353493,0,1,10,4,0,1,0,0,1,1,0,1,1,100,17
225,4.61,1.5282279,0,0,10,3,0,1,0,1,0,0,0,0,0,100,13
226,8.61,2.1529243,0,0,12,3,0,0,0,1,1,1,0,1,0,144,12
227,5.24,1.6563214,0,1,4,4,0,1,0,0,0,0,0,0,0,16,16
228,15.38,2.733068,0,0,12,3,0,1,0,0,0,1,1,0,0,144,17
229,2.37,0.8628899,0,1,15,4,0,1,0,1,1,0,0,1,0,225,12
230,6.72,1.9050881,0,1,37,4,0,1,0,1,0,1,1,0,0,1369,12
231,9.4,2.2407095,0,1,23,4,0,1,0,0,1,0,0,1,0,529,14
232,7.84,2.059239,0,0,15,3,0,1,0,0,1,0,0,1,0,225,16
233,15.0,2.7080503,0,1,10,4,0,1,0,0,0,0,1,0,0,100,17
234,4.7,1.5475625,0,1,14,4,0,1,0,1,1,0,0,1,0,196,12
235,11.28,2.4230313,0,0,17,3,0,1,0,0,0,1,1,0,0,289,13
236,11.97,2.4824035,0,0,24,3,0,1,0,0,1,0,0,1,0,576,16
237,13.99,2.6383429,0,1,13,4,0,1,0,0,1,1,0,0,0,169,17
238,3.0,1.0986123,0,0,5,3,0,1,0,1,1,1,0,1,0,25,13
239,3.41,1.2267123,0,0,20,3,0,1,0,1,1,0,0,1,0,400,12
240,9.62,2.2638443,0,1,29,4,0,1,0,0,1,0,0,1,0,841,14
241,6.73,1.9065752,0,1,10,4,0,1,0,0,0,0,1,0,0,100,16
242,9.62,2.2638443,0,0,36,3,0,1,0,0,1,1,1,0,1,1296,13
243,5.19,1.6467338,0,0,15,3,0,1,0,1,1,0,0,0,1,225,13
244,4.62,1.5303947,0,0,26,3,0,1,0,1,1,0,0,0,1,676,12
245,5.03,1.61542,0,1,13,4,0,1,0,1,1,0,0,0,1,169,14
246,9.84,2.2864556,0,0,26,3,0,1,0,0,1,0,0,1,0,676,14
247,5.29,1.6658182,0,0,9,3,1,1,0,0,1,0,0,1,0,81,12
248,10.99,2.3969858,1,0,40,1,0,1,0,0,1,0,0,1,0,1600,12
249,7.08,1.9572738,0,0,28,3,1,0,0,0,1,0,1,0,0,784,16
250,8.17,2.1004689,1,0,12,2,0,1,0,0,0,0,1,0,0,144,16
251,5.88,1.7715567,0,1,25,4,0,1,0,1,1,0,0,0,1,625,13
252,7.92,2.0693913,0,1,18,4,0,1,0,1,1,0,0,1,0,324,13
253,4.44,1.4906543,0,0,9,3,0,1,0,0,0,0,0,1,0,81,17
254,6.64,1.893112,0,0,9,3,1,1,0,0,1,0,0,0,0,81,13
255,15.8,2.76001,0,1,30,4,0,0,0,0,1,0,0,1,0,900,17
256,9.23,2.222459,0,0,40,3,0,1,0,1,0,0,1,0,0,1600,14
257,12.82,2.5510063,0,0,36,3,0,1,0,0,1,0,1,0,0,1296,17
258,14.18,2.6518326,0,1,30,4,0,1,0,0,1,0,0,1,0,900,16
259,11.54,2.4458191,0,0,27,3,1,1,0,0,1,0,1,0,1,729,12
260,9.4,2.2407095,0,0,22,3,1,1,0,0,1,0,0,1,1,484,12
261,10.39,2.340844,0,0,40,3,1,1,0,0,1,1,0,1,0,1600,13
262,5.54,1.7119945,0,0,40,3,0,1,1,0,1,0,1,0,1,1600,12
263,7.86,2.0617867,0,0,21,3,0,1,0,0,1,0,1,0,0,441,14
264,8.17,2.1004689,0,0,36,3,1,0,0,0,1,1,0,0,0,1296,13
265,4.05,1.3987169,0,1,16,4,0,1,0,1,1,0,0,1,1,256,12
266,7.81,2.055405,0,0,36,3,1,0,0,0,1,0,1,0,0,1296,10
267,2.56,0.9400072,0,0,18,3,0,1,0,0,1,0,0,0,0,324,13
268,12.98,2.5634096,0,1,11,4,0,1,0,0,0,1,0,0,0,121,16
269,41.67,3.7297814,0,1,16,4,0,0,0,0,1,0,0,1,0,256,13
270,4.81,1.5706971,0,1,12,4,0,1,0,1,1,0,0,0,0,144,13
271,1.32,0.2776318,0,0,2,3,1,1,0,0,1,0,0,1,0,4,10
272,3.71,1.3110319,0,0,4,3,0,1,0,0,0,0,1,0,0,16,16
273,4.81,1.5706971,0,0,21,3,1,1,0,0,1,0,1,0,1,441,16
274,4.68,1.5432981,0,0,4,3,0,1,0,0,0,0,1,0,0,16,12
275,8.21,2.1053529,1,0,32,2,1,1,0,1,0,1,0,0,1,1024,17
276,4.03,1.3937664,0,0,7,3,0,1,0,1,0,0,1,0,0,49,16
277,4.81,1.5706971,0,0,5,3,0,0,0,0,0,0,1,0,0,25,13
278,15.63,2.7491922,0,0,23,3,0,1,0,0,1,1,1,0,0,529,16
279,7.69,2.0399208,0,0,23,3,1,1,0,0,1,0,1,0,0,529,5
280,7.17,1.9699056,0,0,14,3,0,1,0,0,1,0,0,1,0,196,13
281,8.08,2.089392,0,1,13,4,0,1,0,0,1,0,0,1,0,169,16
282,9.03,2.2005522,0,0,28,3,0,1,0,0,1,0,0,1,0,784,13
283,6.75,1.9095426,0,1,35,4,0,1,0,0,1,0,1,0,0,1225,14
284,8.44,2.1329823,0,1,16,4,0,1,0,0,1,0,0,0,0,256,13
285,6.0,1.7917595,0,1,12,4,0,1,0,0,1,0,0,0,1,144,17
286,6.15,1.8164521,0,0,7,3,0,1,0,0,1,1,0,0,1,49,17
287,4.1,1.4109869,0,0,25,3,0,1,0,0,1,0,0,1,1,625,12
288,14.17,2.651127,0,0,22,3,1,1,0,0,1,1,0,1,0,484,13
289,6.41,1.8578593,0,0,22,3,0,1,0,0,1,0,0,1,1,484,17
290,31.09,3.4368863,0,0,32,3,0,0,0,0,1,0,0,1,0,1024,13
291,10.29,2.3311725,0,1,35,4,0,1,0,0,1,1,0,1,1,1225,13
292,5.06,1.6213665,0,0,28,3,0,1,0,0,1,0,1,0,0,784,12
293,6.37,1.8515995,0,0,18,3,0,1,0,0,1,1,0,1,0,324,13
294,2.98,1.0919234,0,0,11,3,0,1,0,1,0,0,0,1,0,121,17
295,13.28,2.5862591,0,0,40,3,0,1,0,0,1,0,1,0,0,1600,13
296,4.2,1.4350845,1,0,10,2,0,1,0,0,1,1,0,0,0,100,13
297,8.92,2.1882958,0,0,40,3,0,1,0,0,1,1,0,1,1,1600,12
298,2.63,0.9669839,0,0,7,3,0,1,0,1,1,0,0,0,0,49,16
299,26.24,3.2672849,0,0,24,3,0,1,0,0,1,0,1,0,0,576,12
300,7.54,2.0202222,0,1,36,4,0,1,0,0,0,0,0,0,0,1296,12
301,8.65,2.1575594,0,0,34,3,0,1,0,0,1,0,0,1,1,1156,13
302,20.99,3.0440462,0,0,44,3,0,1,0,0,1,1,1,0,0,1936,16
303,10.26,2.3282528,0,0,44,3,0,1,0,0,1,0,0,1,1,1936,13
304,8.55,2.1459312,0,0,30,3,0,1,0,0,1,0,1,0,0,900,16
305,2.08,0.7323679,0,1,23,4,0,1,0,0,1,0,1,0,0,529,12
306,3.0,1.0986123,0,0,5,3,0,0,0,0,0,1,0,0,0,25,13
307,6.01,1.7934248,0,1,25,4,0,1,0,0,1,1,0,1,1,625,16
308,10.05,2.3075726,0,1,14,4,0,1,0,0,0,1,0,1,0,196,13
309,5.73,1.7457155,0,0,5,3,0,1,0,0,1,0,0,1,0,25,12
310,5.93,1.7800242,0,0,20,3,0,1,0,0,1,0,0,0,0,400,12
311,4.49,1.5018526,1,0,1,2,0,1,0,0,0,0,0,1,0,1,10
312,5.66,1.7334238,0,1,13,4,0,1,0,0,0,0,1,0,0,169,16
313,10.19,2.3214068,0,1,15,4,0,1,0,0,1,1,0,0,0,225,12
314,20.99,3.0440462,0,0,35,3,0,1,0,0,1,0,0,0,0,1225,12
315,9.05,2.2027647,0,1,20,4,0,1,0,0,1,0,0,1,0,400,12
316,3.92,1.3660917,0,1,12,5,0,1,0,0,1,0,0,1,1,144,12
317,4.28,1.453953,0,1,7,4,0,1,0,1,0,0,0,0,1,49,16
318,2.75,1.011601,0,0,7,3,0,1,0,1,0,0,0,1,0,49,16
319,2.88,1.0577903,0,1,32,4,0,1,0,0,1,0,1,0,0,1024,12
320,6.41,1.8578593,0,0,13,3,0,1,0,0,1,1,0,1,0,169,13
321,7.69,2.0399208,0,0,15,3,0,1,0,0,1,0,0,1,1,225,13
322,3.75,1.3217559,0,0,33,3,0,0,0,1,0,0,0,0,1,1089,10
323,6.41,1.8578593,0,0,48,3,0,1,0,0,1,0,0,1,0,2304,8
324,11.54,2.4458191,0,1,38,4,0,1,0,0,1,0,0,1,0,1444,16
325,11.4,2.4336133,0,0,28,3,0,1,0,0,1,0,1,0,1,784,16
326,2.2,0.7884574,0,1,18,4,0,1,0,1,1,1,0,0,0,324,13
327,1.65,0.5007753,1,0,24,1,0,1,0,1,0,0,0,1,1,576,13
328,6.59,1.8855534,0,0,27,3,0,1,0,0,0,0,0,1,1,729,12
329,11.06,2.403335,0,0,24,3,0,1,0,0,1,0,0,0,0,576,5
330,1.63,0.48858002,0,0,16,3,0,1,0,0,1,1,0,1,1,256,10
331,3.58,1.2753627,0,0,44,3,0,1,0,1,1,0,0,0,0,1936,12
332,12.31,2.510412,0,1,14,4,0,1,0,0,1,0,0,1,0,196,16
333,6.66,1.8961195,0,0,16,3,0,1,0,0,1,0,1,0,0,256,12
334,10.53,2.3542283,0,0,18,3,0,1,0,1,1,0,0,0,1,324,16
335,1.92,0.65232515,1,0,18,2,0,1,0,1,1,0,0,0,1,324,13
336,19.23,2.9564714,0,1,15,4,0,1,0,0,1,0,1,0,0,225,13
337,7.21,1.975469,0,1,41,4,0,1,0,0,1,0,1,0,0,1681,12
338,25.64,3.2441535,0,0,28,3,0,1,0,0,1,0,1,0,0,784,16
339,3.85,1.3480731,0,0,24,3,0,1,0,0,1,0,0,1,0,576,12
340,10.99,2.3969858,0,0,13,3,0,1,0,0,1,0,0,1,0,169,12
341,10.02,2.304583,0,0,22,3,0,1,0,0,1,0,1,0,0,484,13
342,5.31,1.6695918,0,1,18,4,0,1,0,0,1,0,0,1,0,324,13
343,7.19,1.9726912,0,0,40,3,0,1,0,0,1,1,0,1,0,1600,13
344,3.82,1.3402504,0,1,17,4,0,1,0,0,1,0,0,0,0,289,13
345,9.62,2.2638443,0,0,17,3,0,1,0,0,1,0,0,1,0,289,12
346,9.62,2.2638443,0,1,20,4,0,1,0,0,1,0,0,0,0,400,16
347,3.85,1.3480731,0,1,30,4,0,1,0,0,1,0,0,0,1,900,12
348,7.5,2.014903,0,0,30,3,0,1,0,0,1,0,0,1,0,900,12
349,6.92,1.9344158,0,1,22,4,0,1,0,0,1,0,0,1,1,484,12
350,7.69,2.0399208,0,1,7,4,0,1,0,0,1,0,0,1,0,49,12
351,9.23,2.222459,0,0,23,3,0,1,0,0,0,1,0,1,0,529,14
352,1.27,0.23901689,0,0,8,3,0,1,0,1,1,0,0,1,0,64,13
353,4.82,1.5727739,0,1,31,4,0,1,0,0,1,0,0,0,0,961,10
354,6.75,1.9095426,0,0,30,3,0,1,0,0,1,0,0,1,0,900,12
355,8.55,2.1459312,1,0,26,2,0,1,0,0,0,1,0,0,0,676,13
356,6.41,1.8578593,0,1,24,4,1,1,0,0,1,0,1,0,0,576,12
357,7.44,2.0068707,0,0,12,3,1,1,0,0,1,0,0,1,0,144,13
358,1.32,0.2776318,0,0,37,3,0,1,0,1,1,0,0,1,0,1369,12
359,4.81,1.5706971,0,1,16,4,0,1,0,1,0,0,0,0,0,256,14
360,14.35,2.66375,0,0,23,3,0,1,0,0,1,0,0,1,1,529,16
361,2.4,0.8754688,1,0,9,2,0,1,0,0,1,0,0,0,0,81,10
362,3.08,1.1249295,1,0,14,2,0,1,0,0,1,0,0,1,1,196,14
363,10.66,2.3664985,0,1,8,5,0,1,0,0,0,0,0,0,0,64,13
364,7.69,2.0399208,1,0,41,2,0,1,0,0,1,0,0,1,0,1681,16
365,2.54,0.9321641,0,1,5,4,0,1,0,0,0,0,0,1,0,25,13
366,6.38,1.8531681,0,0,30,3,0,1,0,0,1,0,0,0,0,900,12
367,4.81,1.5706971,0,1,12,4,0,1,0,0,1,0,1,0,1,144,17
368,3.82,1.3402504,0,0,24,3,0,1,0,1,0,0,0,1,0,576,12
369,7.4,2.00148,0,0,19,3,0,1,0,0,1,0,1,0,0,361,13
370,7.69,2.0399208,0,1,20,4,0,1,0,0,1,0,0,0,0,400,12
371,8.24,2.1090002,1,0,23,2,0,1,0,1,1,1,1,0,1,529,14
372,2.63,0.9669839,0,0,3,3,0,1,0,0,0,0,0,1,0,9,8
373,5.31,1.6695918,0,1,20,4,0,1,0,0,1,0,0,0,0,400,13
374,3.0,1.0986123,1,0,45,2,0,1,0,0,1,0,0,0,0,2025,5
375,5.7,1.7404661,0,0,31,3,0,1,0,0,1,0,0,1,0,961,12
376,17.49,2.8616292,0,1,23,4,0,1,0,0,1,0,0,0,0,529,13
377,3.89,1.3584092,0,0,7,3,0,1,0,0,0,1,0,1,1,49,13
378,16.14,2.7813005,0,0,23,3,1,1,0,0,1,0,0,0,0,529,10
379,18.32,2.9079933,0,0,25,3,0,1,0,0,1,0,0,1,0,625,13
380,10.42,2.343727,0,0,28,3,1,0,0,0,1,0,0,1,0,784,8
381,24.73,3.208017,0,0,36,3,0,1,0,0,1,0,1,0,0,1296,12
382,7.61,2.0294633,0,0,14,3,0,1,0,0,1,0,0,0,0,196,13
383,10.0,2.3025851,0,1,41,4,0,1,0,0,1,0,0,1,0,1681,17
384,1.68,0.51879376,0,0,15,3,0,1,0,0,1,0,0,0,0,225,10
385,5.1,1.6292405,0,1,34,4,0,0,1,0,1,0,0,1,1,1156,17
386,7.72,2.0438144,0,0,20,3,0,1,0,0,1,0,0,1,0,400,16
387,13.46,2.5997224,0,1,20,4,0,1,0,0,1,1,1,0,0,400,16
388,17.48,2.8610573,0,1,35,4,0,1,0,0,1,0,1,0,0,1225,17
389,1.92,0.65232515,0,0,25,3,0,1,1,0,1,0,0,0,0,625,10
390,5.09,1.6272779,0,1,38,4,0,1,0,0,1,0,0,1,0,1444,13
391,6.37,1.8515995,0,0,16,3,0,1,0,1,0,0,1,0,0,256,17
392,5.45,1.6956155,1,0,6,2,0,1,0,0,0,0,1,0,0,36,16
393,3.82,1.3402504,0,0,14,3,0,1,0,0,1,0,0,0,0,196,13
394,20.86,3.0378335,0,1,34,4,0,1,0,0,1,0,0,1,0,1156,8
395,6.2,1.8245493,0,1,8,4,0,1,0,0,0,0,0,1,1,64,17
396,26.22,3.2665224,0,0,17,3,0,1,0,0,1,0,1,0,1,289,17
397,2.5,0.91629076,0,0,27,3,0,1,0,0,1,0,0,1,1,729,12
398,8.1,2.091864,0,0,13,3,0,1,0,0,0,1,0,1,0,169,13
399,6.21,1.8261609,0,0,42,3,0,1,0,0,1,0,0,1,0,1764,12
400,5.24,1.6563214,0,1,11,4,0,1,0,0,1,0,0,1,0,121,16
401,5.57,1.7173951,0,1,12,4,0,1,0,0,1,0,0,0,0,144,12
402,7.6,2.0281482,0,1,43,4,0,1,0,0,1,0,0,1,0,1849,12
403,17.49,2.8616292,0,0,18,3,0,1,0,0,1,0,0,1,0,324,16
404,10.1,2.3125355,0,0,17,3,0,1,0,0,0,0,0,1,0,289,16
405,4.33,1.4655675,1,0,4,2,0,1,0,0,0,1,0,1,0,16,13
406,5.38,1.6826884,0,1,40,4,0,1,0,0,1,0,0,0,0,1600,12
407,5.7,1.7404661,0,1,14,4,0,1,0,0,1,0,0,1,0,196,16
408,15.73,2.7555697,0,0,32,3,0,1,0,0,1,0,1,0,0,1024,12
409,3.16,1.1505721,0,0,13,3,0,1,0,1,1,0,0,1,1,169,12
410,7.63,2.0320878,0,0,34,3,1,0,0,0,0,0,0,1,0,1156,13
411,7.69,2.0399208,0,0,10,3,0,1,0,0,0,1,1,0,0,100,16
412,3.57,1.2725656,0,0,25,3,0,1,0,0,0,0,0,1,0,625,10
413,5.92,1.7783364,0,1,11,4,0,1,0,0,1,0,1,0,0,121,13
414,13.12,2.5741377,0,0,40,3,0,1,0,0,1,0,0,1,0,1600,13
415,38.86,3.6599655,0,0,29,3,0,1,0,0,1,0,0,1,0,841,13
416,1.92,0.65232515,0,0,30,3,0,0,0,1,0,0,0,1,0,900,13
417,10.12,2.3145137,0,0,20,3,1,1,0,0,1,0,0,1,0,400,16
418,12.82,2.5510063,0,1,12,4,0,1,0,0,1,1,0,0,0,144,16
419,5.49,1.7029282,0,1,20,4,0,1,0,1,0,0,0,1,0,400,13
420,14.79,2.6939514,0,0,29,3,0,1,0,0,1,0,0,1,0,841,17
421,10.19,2.3214068,1,0,15,2,0,1,0,0,1,1,0,1,0,225,17
422,2.11,0.7466879,0,0,37,3,1,1,0,1,0,0,1,0,0,1369,10
423,9.28,2.2278614,0,0,11,3,0,1,0,0,0,0,1,0,0,121,13
424,5.33,1.6733512,0,1,19,4,0,1,0,0,1,0,0,1,0,361,13
425,9.13,2.2115657,0,0,13,3,0,1,0,0,1,0,0,1,0,169,13
426,9.89,2.2915242,0,0,41,3,0,1,0,0,1,0,0,1,0,1681,10
427,6.37,1.8515995,0,0,11,3,0,1,0,0,1,0,0,1,0,121,10
428,4.0,1.3862944,0,0,26,3,0,1,0,1,0,0,0,1,0,676,12
429,5.09,1.6272779,0,1,7,4,0,1,0,0,1,1,0,1,0,49,13
430,5.13,1.6351057,0,1,21,4,0,1,0,0,1,1,0,0,0,441,12
431,2.47,0.90421814,0,1,1,4,0,1,0,1,0,1,0,1,0,1,16
432,3.29,1.1908876,0,0,26,3,0,1,0,1,1,0,1,0,0,676,10
433,3.95,1.3737156,0,0,1,3,0,1,0,1,0,1,1,0,0,1,12
434,3.04,1.1118575,0,0,12,3,0,1,0,1,1,0,0,1,0,144,12
435,2.27,0.8197798,1,0,3,2,0,1,0,1,1,0,0,0,0,9,12
436,3.34,1.2059708,0,0,5,3,0,1,0,1,1,0,1,0,0,25,12
437,4.9,1.5892352,1,0,5,2,1,1,0,0,0,0,0,1,0,25,13
438,7.21,1.975469,0,0,6,3,0,1,0,0,1,1,0,1,0,36,14
439,3.44,1.2354715,0,1,1,4,0,1,0,0,0,0,0,0,0,1,12
440,2.4,0.8754688,0,1,6,4,0,1,0,1,1,0,0,0,0,36,12
441,8.26,2.1114247,0,0,38,3,0,1,0,0,1,0,1,0,0,1444,12
442,10.68,2.368373,0,0,38,3,0,1,0,0,1,0,0,1,0,1444,12
443,4.62,1.5303947,0,0,37,3,0,1,0,0,1,0,0,0,0,1369,13
444,7.55,2.0215476,0,1,26,4,0,1,0,0,1,0,0,1,0,676,13
445,6.75,1.9095426,0,0,42,3,0,0,0,0,1,0,0,0,0,1764,13
446,7.69,2.0399208,0,0,42,3,0,1,0,0,1,1,0,1,0,1764,12
447,7.25,1.9810015,0,0,10,3,0,1,0,0,1,0,0,1,0,100,14
448,8.74,2.16791,0,1,16,4,0,1,0,0,1,0,0,1,0,256,12
449,4.62,1.5303947,1,0,34,2,0,1,0,0,1,1,0,1,0,1156,13
450,3.33,1.2029723,1,0,17,2,0,1,0,0,0,0,0,0,0,289,12
451,4.81,1.5706971,0,0,12,3,0,1,0,1,0,0,0,1,0,144,12
452,4.58,1.521699,0,0,24,3,0,1,0,0,1,0,0,1,0,576,12
453,4.09,1.408545,0,0,3,3,0,1,0,1,1,0,0,1,0,9,13
454,1.83,0.604316,0,1,3,4,0,0,0,1,0,0,0,0,0,9,13
455,3.33,1.2029723,0,0,14,3,0,1,0,0,1,0,0,1,0,196,10
456,4.72,1.5518087,0,0,3,3,0,0,0,1,0,0,0,0,0,9,12
457,3.06,1.1184149,0,1,32,4,0,1,0,0,1,0,0,0,0,1024,12
458,4.95,1.5993875,0,1,9,4,0,1,0,0,1,1,0,1,0,81,13
459,11.54,2.4458191,0,0,34,3,0,1,0,0,1,1,0,1,0,1156,13
460,5.63,1.7281095,0,0,5,3,0,1,0,0,1,0,0,1,0,25,14
461,4.05,1.3987169,1,0,10,2,0,1,0,1,1,0,0,1,0,100,12
462,1.16,0.14841998,0,1,2,4,0,1,0,1,0,1,0,1,0,4,13
463,4.1,1.4109869,0,0,34,3,0,1,0,1,1,0,1,0,0,1156,8
464,2.46,0.9001614,0,0,17,3,0,1,0,1,1,0,0,0,0,289,12
465,4.11,1.4134231,0,1,10,4,0,1,0,1,0,0,1,0,1,100,12
466,6.11,1.8099267,0,0,44,3,0,1,0,1,1,0,0,0,0,1936,13
467,4.47,1.4973884,0,1,11,4,0,1,0,1,1,0,0,1,0,121,12
468,4.62,1.5303947,0,1,3,4,0,1,0,1,0,0,1,0,0,9,12
469,1.28,0.24686006,0,0,2,3,0,1,0,1,1,0,0,0,1,4,13
470,4.4,1.4816046,0,1,25,4,0,1,0,1,0,0,0,0,0,625,12
471,1.27,0.23901689,0,0,12,3,0,1,0,1,1,0,0,1,1,144,12
472,3.95,1.3737156,0,1,10,4,0,1,0,1,0,0,0,0,0,100,12
473,3.64,1.2919837,0,0,8,3,0,0,0,0,0,1,0,1,0,64,12
474,3.75,1.3217559,0,1,5,4,0,1,0,1,0,0,0,1,0,25,14
475,3.21,1.166271,0,1,12,4,0,1,0,1,0,0,0,1,0,144,13
476,2.63,0.9669839,0,0,6,3,0,1,0,1,1,0,0,1,1,36,13
477,5.64,1.729884,0,0,9,3,0,1,0,0,1,0,0,0,0,81,16
478,3.0,1.0986123,0,1,2,4,0,1,0,1,0,0,1,0,0,4,12
479,1.98,0.6830968,0,1,7,4,0,1,0,1,1,0,0,0,0,49,12
480,4.81,1.5706971,0,0,26,3,0,1,0,1,0,0,0,0,0,676,12
481,2.63,0.9669839,0,1,13,4,0,1,0,1,1,0,0,1,1,169,13
482,3.16,1.1505721,0,0,27,3,0,1,0,1,1,0,0,1,0,729,12
483,6.27,1.8357763,0,0,3,3,1,1,0,0,0,1,1,0,1,9,13
484,4.05,1.3987169,0,0,8,3,0,1,0,1,0,0,0,1,0,64,13
485,1.98,0.6830968,0,0,8,3,0,1,0,1,1,0,0,1,0,64,16
486,2.18,0.7793249,0,1,2,4,0,1,0,1,1,0,0,1,0,4,12
487,2.63,0.9669839,0,1,4,4,0,1,0,1,1,0,0,0,0,16,12
488,2.43,0.8878913,0,1,1,4,0,1,0,1,0,0,0,1,0,1,10
489,1.98,0.6830968,0,1,4,4,0,1,0,1,0,1,0,0,0,16,12
490,4.09,1.408545,0,1,5,4,0,1,0,1,1,1,0,0,0,25,12
491,2.5,0.91629076,0,0,12,3,0,1,0,1,0,0,0,1,1,144,12
492,2.51,0.9202827,0,1,4,5,0,1,0,1,0,0,1,0,0,16,12
493,3.85,1.3480731,0,1,7,4,1,1,0,1,0,0,0,1,0,49,10
494,5.13,1.6351057,0,1,5,4,0,1,0,0,0,1,0,1,0,25,12
495,4.81,1.5706971,0,0,5,3,0,1,0,1,0,0,0,1,0,25,12
496,4.81,1.5706971,0,1,3,4,0,1,0,0,0,0,0,1,1,9,13
497,7.07,1.9558605,0,0,8,3,1,1,1,1,0,0,1,0,0,64,13
498,2.31,0.8372475,0,1,3,4,0,1,0,1,0,0,0,1,1,9,13
499,3.89,1.3584092,0,1,4,4,0,1,1,1,0,1,1,0,0,16,16
500,1.98,0.6830968,1,0,25,2,0,1,0,1,0,0,1,0,0,625,12
501,3.75,1.3217559,0,1,31,4,0,0,0,1,0,0,1,0,0,961,12
502,1.25,0.22314355,0,1,5,4,0,1,0,1,1,0,0,0,0,25,12
503,7.63,2.0320878,0,1,11,4,0,1,0,0,0,0,0,0,1,121,16
504,6.54,1.8779372,0,0,8,3,0,1,1,1,0,1,0,1,0,64,13
505,13.13,2.5748997,0,0,24,3,0,1,0,0,1,1,0,1,0,576,16
506,4.4,1.4816046,0,1,3,5,0,1,0,1,0,0,0,1,0,9,13
507,7.69,2.0399208,0,0,16,3,0,1,1,1,1,0,0,1,0,256,13
508,3.85,1.3480731,0,0,7,3,0,1,0,0,1,0,0,1,0,49,10
509,7.69,2.0399208,0,0,25,3,0,1,0,0,1,0,0,1,0,625,12
510,5.0,1.609438,0,0,19,3,0,1,0,0,0,1,0,1,0,361,13
511,8.94,2.1905355,0,0,31,3,1,1,0,0,1,0,0,1,0,961,10
512,5.09,1.6272779,0,1,7,5,0,1,0,1,0,0,1,0,0,49,17
513,3.16,1.1505721,0,0,1,3,0,1,1,1,0,0,1,0,1,1,12
514,10.58,2.3589654,0,0,21,3,0,1,0,0,1,0,0,1,0,441,13
515,6.87,1.9271641,0,0,5,3,0,0,1,1,1,0,1,0,0,25,12
516,2.14,0.7608059,0,1,4,4,0,1,1,1,0,0,1,0,0,16,13
517,5.13,1.6351057,0,1,15,4,0,1,0,1,0,0,1,0,0,225,16
518,1.95,0.6678294,1,0,10,2,1,1,0,1,1,0,0,1,1,100,13
519,1.92,0.65232515,0,1,8,4,0,1,0,1,1,0,0,0,1,64,12
520,2.65,0.97455966,0,0,18,3,0,1,0,1,1,0,0,1,1,324,13
521,2.62,0.9631743,0,0,10,3,1,1,0,1,1,1,0,0,1,100,17
522,7.91,2.0681279,0,1,6,4,1,1,0,1,0,0,0,1,0,36,13
523,8.55,2.1459312,0,1,30,4,1,1,0,0,1,1,0,0,0,900,12
524,8.44,2.1329823,0,1,19,4,1,1,0,1,0,0,1,0,0,361,13
525,7.96,2.074429,0,0,30,3,1,1,0,0,1,0,0,0,0,900,12
526,7.21,1.975469,0,1,38,4,0,0,1,0,0,0,1,0,0,1444,12
527,4.67,1.541159,0,0,4,3,0,1,0,0,0,0,1,0,0,16,10
528,4.28,1.453953,0,1,7,4,0,1,0,1,0,0,0,1,1,49,13
529,3.61,1.2837077,0,0,4,3,0,1,0,1,0,1,0,1,0,16,13
530,1.92,0.65232515,0,0,2,3,0,1,0,1,0,0,0,1,0,4,14
531,1.68,0.51879376,0,0,5,3,0,1,0,1,1,0,0,0,0,25,13
532,4.46,1.4951488,0,0,21,3,0,1,0,1,1,0,0,1,0,441,12
533,2.11,0.7466879,0,1,12,4,0,1,0,1,0,1,0,1,0,144,13
534,3.81,1.3376292,0,1,4,5,0,1,0,0,1,0,0,1,0,16,12
535,6.25,1.8325815,0,1,11,4,0,1,0,1,1,0,0,1,0,121,12
536,3.08,1.1249295,0,0,5,3,0,1,1,1,0,0,0,1,0,25,13
537,5.39,1.6845454,0,0,45,3,0,0,0,0,1,0,0,1,0,2025,10
538,7.33,1.9919755,0,1,31,4,1,0,0,0,1,0,0,0,0,961,13
539,4.92,1.5933086,0,0,38,3,1,0,1,1,0,1,1,0,0,1444,12
540,9.89,2.2915242,0,0,35,3,1,1,1,0,0,0,1,0,0,1225,10
541,2.98,1.0919234,0,0,12,3,0,1,0,1,1,0,0,1,0,144,12
542,2.92,1.0715836,0,1,12,4,0,1,0,1,0,0,0,0,1,144,12
543,4.17,1.427916,0,1,34,4,0,1,0,1,1,0,0,1,1,1156,12
544,3.34,1.2059708,1,0,20,2,0,1,1,1,0,0,0,1,0,400,13
545,2.26,0.81536484,0,1,3,4,0,1,0,1,0,0,0,0,0,9,14
546,10.12,2.3145137,0,0,18,3,0,1,0,1,0,0,0,1,1,324,13
547,6.35,1.8484548,0,0,20,3,0,1,0,1,1,0,0,1,0,400,12
548,7.8,2.0541236,0,0,6,3,0,1,1,1,0,0,1,0,1,36,13
549,3.75,1.3217559,0,1,9,4,0,1,0,1,0,0,0,1,0,81,12
550,3.59,1.2781522,0,1,3,4,0,1,0,1,1,0,0,1,0,9,12
551,4.52,1.508512,0,0,7,3,0,1,0,1,0,0,0,1,0,49,13
552,4.47,1.4973884,0,0,12,3,0,1,0,1,1,0,0,1,0,144,12
553,5.29,1.6658182,0,1,12,4,0,1,0,1,0,0,0,1,1,144,12
554,5.29,1.6658182,0,1,10,4,0,1,0,1,0,1,0,1,1,100,13
555,4.81,1.5706971,0,1,9,4,0,1,0,1,0,0,0,1,0,81,13
556,1.98,0.6830968,1,0,3,2,0,1,0,1,1,0,0,0,1,9,14
557,3.17,1.1537316,0,0,2,3,0,1,0,1,0,0,0,0,0,4,13
558,2.88,1.0577903,0,1,40,4,0,1,0,1,1,0,1,0,1,1600,12
559,3.47,1.2441546,0,0,5,3,0,1,0,1,1,0,0,0,1,25,13
560,3.92,1.3660917,1,0,15,2,0,1,0,1,1,0,0,0,0,225,12
561,3.46,1.2412686,0,1,13,4,0,1,0,1,1,1,1,0,1,169,17
562,4.95,1.5993875,0,1,10,5,0,1,1,1,0,0,1,0,0,100,14
563,2.18,0.7793249,0,0,2,3,0,1,0,1,0,0,0,0,0,4,12
564,4.1,1.4109869,0,1,23,4,0,1,0,1,0,0,0,1,0,529,12
565,2.62,0.9631743,0,0,15,3,0,1,0,1,0,0,0,0,1,225,12
566,6.59,1.8855534,0,0,30,3,0,1,0,1,0,0,0,1,0,900,13
567,3.96,1.3762441,1,0,15,2,0,1,0,1,1,0,1,0,0,225,12
568,4.81,1.5706971,0,0,11,3,0,1,0,1,0,0,0,1,0,121,13
569,3.75,1.3217559,0,0,27,3,0,1,0,1,0,0,0,1,1,729,12
570,7.34,1.9933388,0,0,9,3,1,1,0,1,0,0,1,0,0,81,12
571,2.93,1.0750024,0,1,1,4,0,1,0,1,0,0,0,0,1,1,12
572,3.47,1.2441546,0,0,15,3,0,1,0,1,0,0,0,1,1,225,12
573,5.64,1.729884,0,0,16,3,0,1,0,1,1,0,0,1,1,256,12
574,3.75,1.3217559,0,0,3,3,0,1,0,1,0,0,0,0,1,9,13
575,5.45,1.6956155,0,1,19,4,0,1,0,1,0,0,0,1,1,361,17
576,4.09,1.408545,0,1,18,4,0,0,0,1,0,1,1,0,0,324,13
577,3.75,1.3217559,0,0,4,3,0,1,0,1,1,0,0,1,0,16,12
578,6.73,1.9065752,0,1,14,4,0,1,0,1,1,0,0,1,0,196,12
579,3.28,1.1878434,0,0,8,3,1,1,0,1,1,0,0,1,1,64,13
580,3.57,1.2725656,0,1,10,4,0,1,0,1,0,0,0,1,0,100,12
581,6.01,1.7934248,0,0,33,3,0,1,0,0,1,0,1,0,0,1089,12
582,4.62,1.5303947,0,0,9,3,0,1,0,0,1,0,0,1,0,81,10
583,6.84,1.9227878,0,1,26,4,0,1,0,0,1,0,1,0,0,676,12
584,6.41,1.8578593,0,0,15,3,0,1,0,1,1,0,0,0,0,225,10
585,3.44,1.2354715,1,0,31,2,0,1,0,0,1,0,0,1,0,961,12
586,3.85,1.3480731,0,0,22,3,1,1,0,0,1,1,0,1,0,484,10
587,7.15,1.9671124,0,1,30,4,1,1,0,1,0,0,1,0,0,900,12
588,4.05,1.3987169,0,0,3,3,0,1,1,1,0,1,1,0,0,9,12
589,2.91,1.0681531,0,1,4,4,0,1,0,0,0,0,0,1,0,16,14
590,1.92,0.65232515,0,0,4,3,0,0,0,1,0,1,0,1,0,16,12
591,4.42,1.4861397,0,0,9,3,0,1,0,0,0,0,0,1,0,81,12
592,8.49,2.138889,0,0,7,3,1,1,0,0,0,0,1,0,0,49,14
593,4.28,1.453953,0,0,3,3,1,1,1,0,0,1,1,0,0,9,13
594,3.33,1.2029723,0,1,5,4,0,1,0,0,1,0,1,0,1,25,12
595,8.46,2.1353493,0,0,48,3,0,1,0,0,1,0,1,0,0,2304,13
596,8.65,2.1575594,0,0,3,3,0,1,0,1,0,0,0,1,0,9,12
597,1.16,0.14841998,0,0,5,3,0,1,0,1,1,1,0,1,1,25,10
598,1.98,0.6830968,0,0,5,3,0,1,1,1,1,0,0,1,1,25,13
599,2.57,0.9439059,0,0,3,3,0,1,0,1,1,0,0,1,1,9,12
600,2.58,0.9477894,0,1,6,4,0,1,1,1,0,0,0,1,1,36,12
601,2.51,0.9202827,0,1,10,4,0,1,0,1,1,0,0,0,1,100,12
602,77.72,4.3531127,0,1,9,4,1,1,1,1,1,0,1,0,1,81,13
603,4.33,1.4655675,0,1,26,4,1,1,0,1,1,1,0,1,0,676,12
604,4.09,1.408545,0,0,33,3,1,1,0,0,1,0,0,1,0,1089,8
605,5.73,1.7457155,0,0,12,3,1,1,0,1,0,1,1,0,0,144,12
606,4.81,1.5706971,0,0,11,3,1,1,0,1,0,0,0,0,0,121,12
607,7.69,2.0399208,0,1,10,4,0,1,0,1,0,0,0,1,0,100,12
608,5.73,1.7457155,0,0,9,3,1,1,0,1,0,0,0,1,0,81,12
609,5.88,1.7715567,0,0,17,3,1,1,0,1,0,0,0,1,0,289,12
610,4.27,1.4516138,0,0,37,3,0,1,0,0,1,0,0,0,0,1369,13
611,9.62,2.2638443,0,1,28,4,0,1,0,0,0,0,0,0,0,784,16
612,9.36,2.2364452,0,0,16,3,0,1,0,0,0,0,0,1,0,256,12
613,3.95,1.3737156,0,1,2,5,0,1,0,1,0,0,0,1,0,4,12
614,5.73,1.7457155,0,0,34,3,1,1,0,1,1,0,0,0,0,1156,12
615,2.6,0.9555114,0,0,7,3,0,1,0,1,0,1,0,1,0,49,12
616,3.75,1.3217559,0,1,4,4,0,1,0,1,0,0,0,0,0,16,12
617,5.61,1.7245507,0,1,12,4,0,1,0,1,1,0,0,1,1,144,14
618,5.73,1.7457155,0,0,20,3,0,1,0,1,1,1,0,1,0,400,13
619,3.85,1.3480731,0,0,17,3,0,1,0,1,1,1,0,1,0,289,12
620,2.88,1.0577903,1,0,0,2,0,1,0,1,0,0,0,1,1,0,12
621,2.75,1.011601,0,1,7,4,0,1,0,1,0,0,0,1,0,49,12
622,11.57,2.4484155,0,1,13,4,0,1,0,0,0,1,1,0,0,169,13
623,4.33,1.4655675,0,0,4,3,0,1,1,1,0,0,1,0,1,16,13
624,2.75,1.011601,0,0,3,3,0,1,0,1,1,0,1,0,0,9,12
625,5.34,1.6752257,0,0,5,3,0,1,0,1,0,0,0,1,0,25,10
626,6.56,1.8809906,0,0,19,3,0,1,0,0,1,0,0,1,0,361,12
627,4.68,1.5432981,0,0,12,3,0,1,0,0,1,0,1,0,0,144,13
628,1.98,0.6830968,1,0,10,2,0,1,0,1,1,0,0,0,0,100,12
629,7.96,2.074429,0,0,18,3,1,1,0,0,1,1,0,1,0,324,12
630,4.87,1.5830939,1,0,18,2,0,1,0,1,1,0,1,0,0,324,13
631,3.16,1.1505721,0,0,44,3,1,1,0,1,1,0,0,0,0,1936,10
632,6.25,1.8325815,0,0,5,3,0,1,0,0,0,0,0,1,0,25,12
633,3.0,1.0986123,0,1,18,4,0,1,0,1,1,0,0,1,0,324,13
634,3.75,1.3217559,0,1,12,4,1,1,0,1,0,1,0,1,0,144,12
635,3.75,1.3217559,0,1,6,4,0,1,0,1,1,0,0,1,0,36,12
636,6.54,1.8779372,0,1,13,4,0,1,1,1,0,1,1,0,1,169,13
637,4.19,1.4327008,0,0,10,3,0,1,0,0,1,0,1,0,0,100,13
638,5.37,1.6808279,1,0,20,2,0,1,0,0,1,0,0,0,0,400,12
639,2.14,0.7608059,0,1,32,5,0,1,0,1,0,0,0,0,1,1024,16
640,4.81,1.5706971,0,0,32,3,0,1,0,1,1,0,1,0,0,1024,12
641,3.53,1.2612978,0,0,8,3,0,1,0,1,1,0,1,0,0,64,12
642,4.33,1.4655675,0,0,25,3,0,1,0,1,0,0,0,1,1,625,12
643,6.13,1.8131948,0,0,18,3,1,1,0,0,1,0,0,1,0,324,12
644,8.79,2.1736147,1,0,31,2,1,0,0,0,1,0,1,0,1,961,12
645,8.21,2.1053529,0,0,30,3,1,1,0,0,1,0,0,0,0,900,12
646,2.39,0.8712934,0,0,8,3,0,1,0,0,1,0,0,0,0,64,10
647,4.58,1.521699,0,1,18,4,0,1,0,0,1,0,0,0,0,324,12
648,6.97,1.9416152,0,0,16,3,0,1,0,0,1,0,1,0,0,256,13
649,10.12,2.3145137,0,0,29,3,1,1,0,0,1,0,0,0,0,841,12
650,3.75,1.3217559,1,0,30,2,0,1,0,0,1,0,0,1,0,900,12
651,3.52,1.258461,1,0,8,2,0,1,0,0,0,0,0,1,0,64,12
652,8.41,2.1294215,0,0,22,3,0,1,0,0,1,0,0,0,0,484,10
653,7.96,2.074429,0,1,15,5,0,1,0,0,1,0,0,1,0,225,12
654,8.24,2.1090002,1,0,20,2,1,1,0,0,1,0,1,0,0,400,12
655,3.22,1.1693814,0,0,18,3,0,1,0,0,1,0,0,0,0,324,12
656,7.96,2.074429,0,0,36,3,0,1,0,0,1,0,0,1,0,1296,8
657,8.65,2.1575594,0,1,11,4,1,1,0,0,0,0,1,0,0,121,12
658,4.27,1.4516138,0,0,3,3,0,1,1,0,0,0,0,1,0,9,10
659,12.66,2.5384474,0,1,22,5,1,1,0,0,1,1,1,0,0,484,12
660,7.96,2.074429,0,0,16,3,1,1,0,0,1,0,0,0,0,256,10
661,3.49,1.2499018,0,0,44,3,0,1,0,0,1,0,0,0,0,1936,10
662,10.12,2.3145137,1,0,20,2,0,1,0,0,0,0,0,1,0,400,13
663,3.08,1.1249295,0,1,5,4,0,1,0,0,1,1,0,1,0,25,13
664,7.96,2.074429,0,0,8,3,1,1,0,0,1,0,0,1,0,64,12
665,2.75,1.011601,0,1,2,4,0,1,0,0,0,0,1,0,0,4,12
666,3.39,1.22083,0,0,10,3,0,1,0,0,1,0,0,1,0,100,10
667,5.49,1.7029282,1,0,7,2,0,1,0,0,1,0,0,1,0,49,12
668,4.27,1.4516138,0,0,11,3,0,1,0,0,1,0,0,1,0,121,12
669,5.71,1.742219,0,0,18,3,1,1,0,0,1,1,0,1,0,324,12
670,3.46,1.2412686,1,0,8,2,0,1,0,1,1,1,0,1,0,64,14
671,15.38,2.733068,0,0,37,3,0,1,0,0,1,0,0,1,0,1369,12
672,8.41,2.1294215,0,0,12,3,0,1,0,0,0,0,0,1,0,144,13
673,10.12,2.3145137,0,0,11,3,0,1,0,0,1,1,0,1,0,121,12
674,3.85,1.3480731,0,1,7,4,0,1,0,0,1,1,0,1,0,49,12
675,4.62,1.5303947,0,1,23,4,0,1,0,0,1,0,0,0,1,529,12
676,3.41,1.2267123,0,0,5,3,0,1,0,0,1,0,0,0,1,25,12
677,10.58,2.3589654,0,1,22,4,1,1,0,0,1,1,0,1,0,484,12
678,10.1,2.3125355,0,0,35,3,1,1,0,0,0,0,1,0,0,1225,13
679,7.96,2.074429,0,0,6,3,0,1,0,0,1,0,0,1,0,36,13
680,6.81,1.9183921,0,1,14,4,0,1,0,0,1,0,1,0,0,196,8
681,7.21,1.975469,0,0,37,3,1,1,0,0,1,0,0,1,0,1369,12
682,6.41,1.8578593,0,0,32,3,1,1,0,0,1,1,0,1,0,1024,8
683,4.77,1.5623463,0,0,30,3,1,1,0,0,1,0,0,0,0,900,10
684,6.05,1.8000582,0,0,10,3,1,1,0,0,1,0,0,0,0,100,13
685,3.75,1.3217559,1,0,9,2,1,1,0,0,1,0,0,0,0,81,10
686,9.16,2.2148461,0,0,14,3,1,1,0,0,1,1,0,1,0,196,13
687,3.33,1.2029723,0,0,19,3,0,1,0,0,1,0,0,0,0,361,10
688,4.77,1.5623463,0,0,6,3,1,1,0,0,1,0,0,1,0,36,14
689,5.79,1.7561322,1,0,28,2,0,1,0,0,1,0,0,1,0,784,12
690,3.96,1.3762441,0,0,10,3,0,1,0,1,0,0,1,0,0,100,16
691,6.41,1.8578593,1,0,37,2,1,1,0,0,1,1,0,0,0,1369,12
692,5.55,1.7137979,0,0,41,3,1,1,0,0,1,0,0,0,0,1681,12
693,12.74,2.5447466,0,0,18,3,1,0,0,0,1,1,0,0,0,324,10
694,7.69,2.0399208,0,1,14,4,0,1,0,0,0,1,1,0,0,196,13
695,8.17,2.1004689,0,0,12,3,1,1,0,0,0,1,1,0,0,144,16
696,6.4,1.856298,0,0,26,3,0,1,0,0,1,0,0,1,0,676,12
697,3.57,1.2725656,0,0,19,3,0,1,1,1,1,0,0,1,0,361,12
698,6.59,1.8855534,0,1,22,4,0,1,0,0,0,0,0,0,0,484,10
699,7.69,2.0399208,0,0,27,3,0,1,0,0,1,0,0,1,0,729,12
700,10.26,2.3282528,0,0,27,3,0,1,1,0,0,0,0,0,0,729,12
701,7.08,1.9572738,0,0,25,3,0,1,0,0,1,0,0,0,0,625,10
702,10.42,2.343727,0,0,10,3,0,1,0,0,1,0,0,1,0,100,12
703,8.08,2.089392,0,0,7,3,0,1,0,0,1,0,0,1,0,49,12
704,4.95,1.5993875,0,1,7,4,0,1,0,0,0,0,0,1,0,49,13
705,9.81,2.2834022,0,0,24,3,0,1,0,0,1,0,1,0,0,576,13
706,5.77,1.7526721,0,1,10,4,0,1,0,0,0,0,1,0,0,100,12
707,4.81,1.5706971,0,1,3,4,0,1,0,0,0,0,0,1,0,9,12
708,11.95,2.4807312,0,0,28,3,0,1,0,0,1,0,1,0,0,784,14
709,6.12,1.8115621,0,1,23,4,0,1,0,0,1,0,0,0,0,529,12
710,4.58,1.521699,0,1,37,4,0,1,0,0,0,0,0,0,0,1369,12
711,2.26,0.81536484,1,0,18,2,0,0,0,1,1,0,0,0,0,324,10
712,4.37,1.474763,0,0,5,3,0,1,0,0,1,0,0,1,0,25,12
713,7.71,2.0425181,1,0,42,2,0,1,0,0,1,0,0,0,0,1764,8
714,7.96,2.074429,0,0,20,3,0,1,0,1,0,1,0,1,0,400,13
715,8.93,2.1894164,0,0,33,3,0,1,0,0,0,0,1,0,0,1089,12
716,12.27,2.5071573,0,0,25,3,0,0,0,0,1,0,0,1,0,625,10
717,5.73,1.7457155,0,1,14,4,1,1,0,1,1,0,0,0,0,196,12
718,7.26,1.9823799,0,1,10,4,0,1,0,0,1,0,0,1,0,100,13
719,4.73,1.5539252,1,0,21,2,0,1,0,0,1,0,0,1,0,441,5
720,5.38,1.6826884,0,0,8,3,0,1,0,0,1,0,0,0,0,64,12
721,9.0,2.1972246,0,1,42,4,0,1,0,0,1,0,0,0,0,1764,12
722,4.91,1.5912739,0,1,10,4,0,1,0,0,1,0,1,0,0,100,12
723,14.31,2.6609585,1,0,40,2,1,1,0,0,1,0,0,1,0,1600,10
724,9.74,2.276241,0,1,13,4,0,1,0,0,1,0,1,0,0,169,12
725,4.13,1.4182774,0,0,39,3,0,1,0,0,1,0,0,0,0,1521,12
726,3.75,1.3217559,0,0,9,3,0,1,0,0,1,1,0,1,0,81,13
727,5.26,1.6601311,1,0,26,2,0,1,0,0,1,0,0,0,0,676,12
728,21.74,3.0791538,0,0,24,3,1,1,0,0,1,1,0,0,0,576,12
729,8.81,2.1758876,0,0,14,3,1,1,0,0,1,0,0,1,0,196,12
730,8.17,2.1004689,0,1,12,4,1,1,0,0,1,1,0,1,0,144,13
731,7.5,2.014903,0,1,35,4,1,1,0,0,1,0,0,0,0,1225,12
732,3.42,1.2296406,0,0,14,3,0,0,0,0,1,0,0,0,0,196,12
733,8.89,2.184927,0,0,18,3,1,1,0,0,1,0,0,1,0,324,12
734,4.16,1.425515,0,0,32,3,0,1,0,0,1,0,0,0,0,1024,13
735,8.17,2.1004689,0,0,23,3,1,1,0,0,1,0,1,0,0,529,12
736,8.12,2.09433,0,0,22,3,0,1,0,0,1,1,0,1,0,484,12
737,10.12,2.3145137,0,0,29,3,0,1,0,0,1,0,0,1,0,841,12
738,12.5,2.5257287,0,0,30,3,1,1,0,0,1,1,0,1,0,900,13
739,4.33,1.4655675,1,0,15,2,0,1,0,0,0,0,0,1,1,225,8
740,5.2,1.6486586,0,1,10,4,0,1,0,0,0,0,0,0,1,100,12
741,9.62,2.2638443,0,1,12,4,0,1,0,0,1,0,0,1,1,144,10
742,16.03,2.774462,0,0,25,3,0,1,0,0,1,1,0,1,1,625,10
743,9.28,2.2278614,0,0,29,3,0,1,0,0,1,0,0,1,1,841,12
744,2.81,1.0331844,1,0,40,2,0,0,0,0,1,0,0,0,0,1600,8
745,7.21,1.975469,0,0,34,3,0,1,1,0,1,1,0,1,0,1156,5
746,8.0,2.0794415,0,0,18,3,0,1,0,0,1,1,0,1,1,324,12
747,10.99,2.3969858,0,0,22,3,1,0,0,0,1,0,1,0,0,484,12
748,4.47,1.4973884,1,0,12,2,0,1,0,0,1,1,0,0,0,144,12
749,7.07,1.9558605,0,0,10,3,0,1,0,0,1,0,0,1,1,100,12
750,1.66,0.5068176,0,1,15,4,0,1,0,0,1,0,0,0,1,225,12
751,7.93,2.070653,1,0,39,1,1,1,0,0,1,0,1,0,0,1521,12
752,5.23,1.6544113,0,0,18,3,1,1,0,0,0,0,1,0,0,324,12
753,7.96,2.074429,0,0,18,3,1,1,0,0,1,0,0,1,0,324,10
754,7.03,1.9501867,1,0,16,2,1,1,0,0,1,0,1,0,0,256,12
755,3.75,1.3217559,0,0,18,3,0,1,0,0,1,1,0,0,1,324,8
756,5.29,1.6658182,0,0,4,3,0,1,0,0,0,0,0,1,0,16,13
757,4.46,1.4951488,0,0,4,3,0,1,0,0,0,1,0,1,0,16,13
758,7.96,2.074429,0,0,39,3,0,1,0,0,1,0,1,0,1,1521,13
759,5.45,1.6956155,0,0,16,3,0,1,0,0,1,1,0,1,0,256,12
760,6.87,1.9271641,0,0,23,3,0,1,0,0,1,0,0,1,1,529,12
761,10.3,2.332144,0,1,14,4,1,1,0,0,1,0,0,1,0,196,17
762,8.01,2.0806909,0,0,12,3,0,1,0,0,1,0,1,0,0,144,16
763,6.25,1.8325815,0,0,40,3,0,1,0,0,1,1,1,0,0,1600,13
764,7.96,2.074429,0,0,44,3,1,1,0,0,1,1,0,1,0,1936,10
765,3.93,1.3686395,0,0,8,3,0,1,0,0,1,0,0,1,0,64,13
766,7.75,2.0476928,0,0,23,3,1,1,0,0,1,0,0,0,0,529,5
767,4.3,1.4586151,1,0,11,2,1,1,0,0,0,0,0,0,0,121,12
768,4.9,1.5892352,0,0,8,3,1,1,0,0,1,0,0,0,0,64,12
769,5.56,1.7155981,0,0,45,3,0,1,0,0,1,0,0,1,0,2025,10
770,5.73,1.7457155,0,0,19,3,0,1,0,0,1,0,0,1,0,361,12
771,5.7,1.7404661,0,1,19,4,0,1,0,0,1,1,0,0,1,361,13
772,4.57,1.5195132,1,0,7,2,0,1,0,0,0,0,0,0,0,49,12
773,4.15,1.4231083,0,1,8,4,0,1,0,0,1,0,0,0,0,64,13
774,4.71,1.5496879,0,0,34,3,0,1,0,0,1,0,0,0,0,1156,12
775,7.21,1.975469,0,1,20,4,0,1,0,0,1,0,0,1,0,400,12
776,7.04,1.9516082,0,0,12,3,1,1,0,0,0,0,0,1,0,144,13
777,1.48,0.3920421,1,0,13,2,0,1,0,0,0,0,0,0,1,169,12
778,3.37,1.2149127,0,1,13,4,1,0,0,1,1,0,0,0,0,169,12
779,9.62,2.2638443,0,0,4,3,1,1,0,0,0,0,1,0,0,16,12
780,3.75,1.3217559,0,1,3,4,0,1,0,0,0,0,0,0,0,9,12
781,7.14,1.9657128,0,1,17,4,1,1,0,0,1,0,1,0,0,289,12
782,6.99,1.9444805,0,1,10,4,0,1,0,0,1,0,1,0,1,100,13
783,8.46,2.1353493,0,0,26,3,1,1,0,0,1,0,1,0,0,676,10
784,4.76,1.5602477,0,0,12,3,0,1,0,0,1,0,0,0,0,144,16
785,3.9,1.3609766,0,1,2,4,0,1,1,1,0,0,0,1,0,4,13
786,5.77,1.7526721,0,1,11,4,0,1,0,0,1,0,0,1,1,121,14
787,8.74,2.16791,0,1,19,4,0,1,0,0,1,0,0,1,1,361,12
788,6.56,1.8809906,0,1,4,4,0,1,0,0,0,0,0,0,0,16,16
789,4.24,1.4445633,0,0,9,3,0,1,0,0,0,0,1,0,0,81,13
790,4.09,1.408545,0,1,15,4,0,1,0,0,1,0,1,0,1,225,12
791,20.99,3.0440462,0,0,25,3,0,1,0,0,1,0,0,0,0,625,10
792,7.69,2.0399208,0,0,7,3,0,1,0,0,1,0,0,1,0,49,12
793,4.58,1.521699,0,0,29,3,1,1,0,0,1,0,0,1,0,841,12
794,6.49,1.8702625,0,0,28,3,1,0,0,0,1,0,0,1,0,784,12
795,12.82,2.5510063,0,0,3,3,1,1,0,0,1,0,1,0,0,9,12
796,9.62,2.2638443,0,0,9,3,1,1,0,0,1,0,1,0,0,81,13
797,8.89,2.184927,0,0,42,3,1,1,0,0,1,0,0,1,0,1764,12
798,10.58,2.3589654,0,0,17,3,1,1,0,0,1,0,0,0,0,289,12
799,7.21,1.975469,0,0,29,3,0,1,0,0,0,0,0,0,0,841,5
800,1.65,0.5007753,1,0,7,2,0,1,0,0,0,0,0,1,0,49,10
801,10.58,2.3589654,0,1,15,4,1,1,0,0,1,0,0,1,0,225,12
802,3.04,1.1118575,0,0,15,3,1,1,0,0,1,0,0,0,0,225,12
803,4.55,1.5151273,0,0,43,3,0,1,0,0,1,0,0,1,1,1849,10
804,7.69,2.0399208,0,0,44,3,1,1,0,0,1,1,0,0,0,1936,10
805,3.0,1.0986123,0,0,11,3,0,1,0,0,1,0,0,1,1,121,13
806,12.02,2.486572,0,1,31,4,1,1,0,0,1,0,1,0,0,961,12
807,5.99,1.7900914,0,0,21,3,1,1,0,0,1,1,1,0,0,441,14
808,8.94,2.1905355,0,0,35,3,1,1,0,0,1,0,0,0,0,1225,13
809,4.0,1.3862944,0,1,7,4,0,1,0,0,0,0,0,0,0,49,10
810,1.98,0.6830968,0,0,3,3,1,1,0,0,0,1,1,0,0,9,12
811,1.27,0.23901689,0,1,0,4,0,1,0,1,0,0,0,1,0,0,10
812,5.57,1.7173951,0,0,10,3,0,1,0,0,1,0,0,1,1,100,5
813,7.36,1.9960599,1,0,39,2,0,1,0,0,1,0,0,1,0,1521,12
814,3.08,1.1249295,0,0,5,3,0,1,0,0,1,0,0,1,0,25,12
815,9.64,2.265921,0,0,36,3,1,1,0,0,1,1,0,1,0,1296,10
816,5.09,1.6272779,0,0,18,3,0,1,0,0,1,0,0,0,1,324,10
817,10.12,2.3145137,0,0,17,3,1,1,0,0,1,1,0,1,0,289,10
818,9.62,2.2638443,0,0,40,3,1,1,1,0,0,0,1,0,0,1600,8
819,5.77,1.7526721,0,0,5,3,1,1,0,0,1,0,1,0,0,25,12
820,8.32,2.118662,0,1,26,4,1,1,0,0,0,0,0,1,0,676,12
821,5.73,1.7457155,1,0,34,2,1,1,0,0,1,0,1,0,0,1156,12
822,5.73,1.7457155,0,0,11,3,0,1,0,0,1,0,0,1,0,121,12
823,7.21,1.975469,0,0,43,3,1,1,0,0,1,0,1,0,0,1849,10
824,8.78,2.1724763,0,0,24,3,1,1,0,0,1,0,0,1,0,576,12
825,7.96,2.074429,0,0,15,3,1,1,0,0,1,0,0,1,0,225,13
826,9.62,2.2638443,0,0,11,3,1,1,0,0,1,0,0,1,0,121,12
827,7.45,2.008214,0,0,38,3,1,1,0,0,1,0,1,0,0,1444,12
828,18.46,2.9156063,0,0,20,3,1,1,0,0,1,0,0,1,0,400,12
829,8.85,2.1804175,0,1,9,4,1,1,0,0,1,0,0,1,0,81,12
830,8.0,2.0794415,0,0,7,3,0,1,0,0,0,0,0,0,0,49,10
831,5.73,1.7457155,0,0,47,3,0,1,0,0,1,1,0,1,0,2209,10
832,10.61,2.3617969,0,0,17,3,1,1,0,0,1,0,1,0,0,289,13
833,6.84,1.9227878,0,0,45,3,1,1,0,0,1,0,1,0,0,2025,13
834,7.78,2.0515563,0,1,9,4,1,1,0,0,1,0,0,1,0,81,12
835,4.21,1.4374627,0,0,18,3,0,1,0,0,0,0,0,1,0,324,10
836,10.12,2.3145137,0,0,28,3,1,1,0,0,1,0,0,0,0,784,12
837,5.56,1.7155981,1,0,10,1,0,1,0,0,1,0,1,0,0,100,13
838,5.77,1.7526721,1,0,24,2,0,1,0,0,0,0,1,0,0,576,10
839,3.85,1.3480731,0,0,14,3,0,1,0,0,1,0,0,0,0,196,12
840,4.33,1.4655675,0,0,31,3,0,1,0,0,0,0,0,0,0,961,8
841,4.09,1.408545,0,0,3,3,0,1,1,1,0,0,0,0,0,9,10
842,7.69,2.0399208,1,0,9,1,1,0,0,0,1,0,1,0,0,81,12
843,6.98,1.943049,0,0,38,3,1,1,0,0,1,0,0,0,0,1444,14
844,5.69,1.7387103,0,0,35,3,1,1,0,1,1,0,0,1,0,1225,8
845,1.2,0.1823216,0,0,5,3,0,1,0,1,1,0,0,1,0,25,12
846,7.48,2.0122328,0,0,3,3,1,1,0,0,0,0,0,1,0,9,16
847,3.13,1.141033,0,1,5,4,0,1,1,1,1,0,0,0,0,25,12
848,5.61,1.7245507,0,0,13,3,0,1,0,0,1,0,0,0,0,169,12
849,3.27,1.18479,0,0,4,3,0,1,0,1,0,1,0,1,0,16,12
850,6.25,1.8325815,0,1,10,4,1,1,0,0,1,0,0,1,0,100,12
851,7.69,2.0399208,0,1,10,4,1,1,0,0,1,0,0,1,0,100,13
852,4.0,1.3862944,1,0,23,2,1,1,0,1,0,0,0,1,0,529,12
853,4.66,1.5390154,0,1,38,4,0,1,0,1,0,0,0,1,0,1444,10
854,3.82,1.3402504,0,0,4,3,0,1,0,0,1,0,0,0,0,16,10
855,5.24,1.6563214,0,1,13,4,1,1,0,0,1,0,1,0,0,169,12
856,5.13,1.6351057,0,0,35,3,1,0,0,1,1,0,0,0,0,1225,10
857,3.37,1.2149127,1,0,2,2,1,1,0,1,0,0,1,0,0,4,12
858,6.41,1.8578593,1,0,5,2,1,1,0,1,0,0,0,1,0,25,13
859,4.81,1.5706971,0,0,13,3,1,1,0,1,1,0,0,1,0,169,12
860,5.61,1.7245507,0,1,25,4,1,1,0,0,1,0,0,1,0,625,13
861,7.97,2.0756845,0,1,9,4,1,1,0,0,1,0,0,1,0,81,13
862,3.75,1.3217559,1,0,20,2,0,1,0,1,1,0,0,0,0,400,13
863,5.15,1.6389967,0,1,10,4,1,1,0,1,1,0,0,1,0,100,10
864,5.77,1.7526721,0,1,17,4,1,1,0,0,1,0,1,0,0,289,12
865,4.94,1.5973654,0,0,46,3,1,1,0,0,1,0,0,0,0,2116,12
866,3.75,1.3217559,0,0,3,3,0,1,0,0,0,0,0,1,0,9,12
867,1.98,0.6830968,0,1,23,4,0,1,0,0,1,0,1,0,0,529,10
868,2.52,0.9242589,0,1,3,4,0,1,0,1,0,0,0,1,0,9,8
869,2.93,1.0750024,0,0,42,3,0,1,1,1,0,0,0,1,0,1764,12
870,5.09,1.6272779,0,0,35,3,1,1,0,0,1,0,0,0,0,1225,5
871,2.4,0.8754688,0,1,4,4,0,1,0,0,0,1,0,1,0,16,13
872,4.87,1.5830939,0,0,12,3,1,1,0,0,0,0,0,0,0,144,10
873,6.59,1.8855534,0,0,20,3,0,1,1,0,1,0,0,1,0,400,13
874,1.2,0.1823216,0,0,4,3,0,1,0,1,1,0,0,1,0,16,12
875,3.33,1.2029723,0,1,8,4,0,1,0,1,0,0,0,1,0,64,12
876,1.96,0.6729445,1,0,1,2,0,1,0,1,0,0,0,1,0,1,13
877,2.73,1.0043017,1,0,41,1,0,1,0,0,1,0,0,1,0,1681,8
878,2.63,0.9669839,1,0,0,2,1,1,0,1,1,1,0,1,0,0,10
879,3.75,1.3217559,0,0,1,3,0,1,0,0,0,0,0,0,0,1,10
880,3.08,1.1249295,0,0,8,3,1,1,1,1,1,0,1,0,1,64,10
881,4.27,1.4516138,0,1,44,4,0,0,0,0,1,1,0,0,1,1936,12
882,4.5,1.5040774,0,1,11,4,0,1,0,0,1,0,1,0,0,121,8
883,5.53,1.7101879,1,0,8,2,0,1,0,0,1,0,0,1,0,64,12
884,4.09,1.408545,0,1,5,4,1,1,1,0,1,0,1,0,0,25,12
885,4.55,1.5151273,0,0,5,3,0,1,0,0,1,0,0,1,0,25,12
886,18.74,2.9306602,1,0,7,2,0,0,0,0,1,0,0,1,0,49,10
887,4.12,1.4158531,0,0,12,3,0,1,0,0,1,0,0,1,0,144,16
888,5.77,1.7526721,0,1,20,4,1,0,0,0,1,0,0,0,0,400,5
889,4.81,1.5706971,0,0,3,3,1,1,0,0,0,0,0,0,0,9,12
890,5.77,1.7526721,0,0,6,3,0,1,0,0,1,0,0,0,0,36,12
891,4.81,1.5706971,0,0,42,3,1,1,0,1,1,0,0,1,0,1764,5
892,8.65,2.1575594,0,0,22,3,1,1,0,0,1,1,0,1,0,484,12
893,1.92,0.65232515,0,1,3,4,0,1,0,1,1,0,0,0,0,9,10
894,5.93,1.7800242,0,1,29,4,0,0,0,0,1,0,0,0,0,841,8
895,6.01,1.7934248,0,0,8,3,1,1,0,0,1,0,1,0,0,64,12
896,3.35,1.2089603,0,0,4,3,0,1,0,0,0,0,0,1,0,16,12
897,6.01,1.7934248,0,0,32,3,0,1,0,0,1,0,0,0,0,1024,8
898,2.96,1.0851892,0,1,2,4,1,1,0,0,0,1,0,1,0,4,12
899,10.82,2.3813963,0,0,24,3,0,1,0,0,1,0,0,1,0,576,16
900,4.81,1.5706971,0,1,23,4,0,1,0,0,1,0,0,1,0,529,12
901,8.79,2.1736147,0,0,40,3,0,1,0,0,1,0,1,0,0,1600,12
902,11.6,2.4510052,0,0,14,3,1,0,0,0,1,0,0,1,0,196,12
903,4.81,1.5706971,0,1,5,4,1,1,0,0,0,0,1,0,0,25,12
904,3.75,1.3217559,0,1,44,4,1,1,0,0,1,0,0,0,0,1936,8
905,5.29,1.6658182,0,1,12,4,1,1,0,0,1,0,1,0,0,144,16
906,6.5,1.8718022,0,0,9,3,1,1,0,0,1,0,0,1,0,81,12
907,5.82,1.7613003,0,1,30,4,1,1,0,0,1,0,0,0,0,900,10
908,1.79,0.5822156,0,0,2,3,1,1,0,0,0,0,1,0,0,4,12
909,4.28,1.453953,0,1,3,4,1,1,0,0,0,0,0,0,0,9,12
910,1.98,0.6830968,0,0,25,3,0,0,0,1,1,0,0,0,0,625,10
911,2.31,0.8372475,0,0,9,3,0,1,0,1,1,0,0,1,0,81,12
912,3.5,1.2527629,0,0,10,3,1,1,1,1,1,0,0,0,0,100,10
913,4.37,1.474763,0,0,2,3,0,1,0,1,1,0,0,0,0,4,12
914,2.26,0.81536484,0,0,23,3,1,0,0,1,1,0,0,0,0,529,8
915,3.75,1.3217559,1,0,19,2,0,1,0,1,0,0,0,1,0,361,10
916,3.75,1.3217559,0,0,34,3,0,0,0,1,1,0,0,0,0,1156,12
917,2.64,0.97077894,0,1,8,4,0,1,0,1,1,0,0,0,0,64,12
918,2.26,0.81536484,0,0,21,3,1,1,0,1,0,0,0,1,0,441,10
919,1.83,0.604316,0,1,11,4,0,0,0,1,1,0,0,0,0,121,10
920,2.88,1.0577903,0,0,20,3,0,0,0,1,0,0,0,0,0,400,13
921,1.98,0.6830968,0,0,10,3,0,0,0,1,0,0,0,0,0,100,5
922,1.98,0.6830968,1,0,27,2,0,0,0,1,1,0,0,1,0,729,10
923,1.98,0.6830968,0,0,25,3,0,1,0,1,1,0,0,0,0,625,8
924,3.37,1.2149127,1,0,9,2,0,1,0,1,1,0,0,0,0,81,10
925,1.98,0.6830968,0,0,19,3,1,1,0,1,0,0,0,0,0,361,8
926,1.92,0.65232515,0,0,26,3,0,0,0,1,1,0,0,0,0,676,5
927,3.37,1.2149127,0,0,11,3,0,1,0,1,1,0,0,0,0,121,10
928,3.75,1.3217559,0,1,36,4,1,1,0,0,1,0,0,1,0,1296,5
929,3.75,1.3217559,0,1,6,4,0,1,0,1,1,1,1,0,0,36,12
930,6.59,1.8855534,0,0,33,3,0,1,0,0,1,0,0,1,0,1089,12
931,3.75,1.3217559,0,0,35,3,0,1,1,0,1,0,0,0,0,1225,10
932,7.96,2.074429,0,0,42,3,0,0,0,0,1,0,0,1,0,1764,10
933,3.75,1.3217559,1,0,28,2,0,1,0,0,1,0,0,1,1,784,12
934,6.61,1.8885837,0,0,11,3,1,1,0,0,1,0,0,1,0,121,12
935,8.65,2.1575594,0,0,42,3,1,1,1,0,1,0,1,0,0,1764,10
936,5.02,1.6134299,1,0,33,2,0,1,0,0,1,0,1,0,0,1089,12
937,11.54,2.4458191,0,0,42,3,1,1,0,0,0,1,0,0,0,1764,10
938,5.9,1.7749524,0,0,25,3,0,1,0,0,1,0,0,1,0,625,12
939,3.75,1.3217559,0,0,6,3,0,1,1,0,1,0,0,0,0,36,8
940,8.7,2.163323,0,1,41,4,1,1,0,0,1,1,1,0,0,1681,12
941,21.54,3.0699117,0,0,34,3,0,1,0,0,1,1,0,1,0,1156,12
942,3.27,1.18479,0,0,27,3,0,0,0,1,1,0,0,0,0,729,12
943,3.3,1.1939224,0,0,17,3,0,1,0,1,0,0,0,0,0,289,10
944,5.49,1.7029282,0,0,44,3,1,1,0,0,1,0,0,1,0,1936,12
945,2.4,0.8754688,0,0,42,3,1,1,0,1,0,0,1,0,0,1764,10
946,4.09,1.408545,0,0,1,3,1,1,0,0,0,0,1,0,0,1,12
947,1.98,0.6830968,0,1,35,4,0,1,1,0,1,0,0,0,0,1225,5
948,7.21,1.975469,0,0,42,3,1,1,0,0,1,0,0,0,0,1764,10
949,8.5,2.1400661,0,0,4,3,1,1,0,0,1,1,0,1,0,16,16
950,1.98,0.6830968,0,0,1,3,0,1,0,1,1,0,0,0,0,1,8
951,7.18,1.9712994,0,0,18,3,1,1,0,0,1,0,0,0,0,324,10
952,4.81,1.5706971,0,1,6,5,0,1,0,0,1,0,0,0,0,36,16
953,5.24,1.6563214,0,0,15,3,1,1,0,0,1,0,1,0,0,225,12
954,9.13,2.2115657,0,1,24,4,0,1,0,0,1,0,0,0,0,576,12
955,3.75,1.3217559,0,0,25,3,0,1,0,1,1,0,0,1,0,625,12
956,7.69,2.0399208,0,1,40,4,1,1,1,0,0,0,1,0,0,1600,12
957,8.6,2.1517622,0,1,31,4,1,1,1,0,1,0,0,0,0,961,5
958,5.29,1.6658182,1,0,20,2,0,1,0,0,1,0,0,0,0,400,10
959,2.4,0.8754688,1,0,0,2,1,0,0,0,0,1,0,1,0,0,8
960,3.21,1.166271,0,0,5,3,0,0,0,0,1,0,0,0,0,25,12
961,6.67,1.8976198,1,0,15,2,1,1,0,1,1,0,0,0,0,225,10
962,3.85,1.3480731,0,1,5,4,1,1,1,0,1,0,0,1,0,25,13
963,8.49,2.138889,0,0,36,3,0,1,0,0,1,0,0,1,0,1296,12
964,7.21,1.975469,1,0,18,2,1,1,0,0,1,0,0,1,0,324,10
965,3.33,1.2029723,1,0,22,2,0,1,0,0,1,0,0,1,1,484,13
966,4.27,1.4516138,0,0,2,3,1,1,0,1,0,0,0,0,0,4,12
967,2.88,1.0577903,0,1,4,4,0,1,0,0,0,0,0,1,0,16,13
968,4.09,1.408545,1,0,10,2,0,1,0,0,1,0,1,0,0,100,12
969,2.75,1.011601,0,0,36,3,0,1,1,1,1,0,0,0,0,1296,10
970,4.12,1.4158531,0,1,9,4,1,1,1,1,0,0,0,0,0,81,8
971,9.62,2.2638443,0,1,15,4,1,1,0,0,1,0,0,1,0,225,12
972,5.53,1.7101879,0,0,5,3,0,1,0,0,1,1,0,1,0,25,12
973,4.01,1.3887913,0,0,5,3,0,1,0,1,1,0,0,0,0,25,13
974,3.41,1.2267123,0,0,4,3,0,1,0,0,1,0,0,0,0,16,14
975,6.92,1.9344158,0,0,3,3,0,1,0,0,1,0,1,0,0,9,12
976,3.75,1.3217559,0,0,12,3,0,0,1,1,1,0,0,0,0,144,12
977,7.96,2.074429,0,1,5,4,1,1,0,0,0,1,0,1,0,25,12
978,3.75,1.3217559,0,1,6,4,1,1,1,1,1,0,0,0,0,36,8
979,4.28,1.453953,0,0,7,3,1,1,0,1,0,0,0,0,0,49,12
980,2.31,0.8372475,1,0,35,1,1,1,0,0,1,0,0,0,0,1225,5
981,3.8,1.3350011,0,0,15,3,1,0,0,1,1,0,0,1,0,225,12
982,4.09,1.408545,0,0,5,3,0,1,0,0,0,0,0,0,0,25,12
983,3.85,1.3480731,0,0,12,3,1,1,0,1,1,0,0,0,0,144,12
984,3.75,1.3217559,1,0,23,2,1,1,0,1,1,0,1,0,0,529,10
985,3.0,1.0986123,0,1,10,4,1,1,1,0,0,0,0,0,0,100,12
986,3.96,1.3762441,0,0,1,3,1,1,1,0,0,0,0,0,0,1,16
987,8.55,2.1459312,0,0,20,3,1,1,0,0,1,0,0,0,0,400,12
988,3.75,1.3217559,0,1,14,4,1,1,1,0,1,0,0,1,0,196,10
989,6.0,1.7917595,0,0,1,3,0,1,0,0,1,0,0,0,0,1,8
990,4.81,1.5706971,1,0,6,2,1,1,0,0,1,1,0,1,0,36,12
991,2.5,0.91629076,0,0,26,3,0,1,0,0,1,0,0,0,0,676,12
992,4.32,1.4632554,0,0,18,3,1,1,1,1,0,0,0,1,0,324,10
993,1.27,0.23901689,0,0,4,3,0,1,0,0,0,0,0,1,0,16,12
994,5.77,1.7526721,1,0,13,2,1,1,0,1,1,0,0,1,0,169,12
995,4.2,1.4350845,1,0,33,2,1,1,0,0,1,0,0,1,0,1089,10
996,13.74,2.6203113,0,0,28,3,1,1,0,0,1,0,0,1,0,784,12
997,2.56,0.9400072,0,0,4,3,0,1,0,0,1,0,0,0,0,16,16
998,5.13,1.6351057,0,1,42,4,1,1,0,0,1,0,1,0,0,1764,13
999,7.21,1.975469,0,0,39,3,1,1,0,0,1,0,1,0,0,1521,5
1000,4.24,1.4445633,0,0,7,3,0,1,0,0,1,0,0,1,1,49,13
1001,4.1,1.4109869,1,0,38,2,0,1,0,0,1,0,0,1,0,1444,12
1002,8.5,2.1400661,0,0,19,3,1,1,0,0,1,1,0,0,0,361,12
1003,5.94,1.7817092,0,0,29,3,1,1,0,0,1,0,1,0,0,841,12
1004,10.54,2.3551776,0,0,35,3,1,1,1,0,1,0,1,0,0,1225,10
1005,3.5,1.2527629,0,0,18,3,0,1,0,0,1,0,0,1,0,324,10
1006,5.95,1.7833912,0,0,8,3,1,1,0,0,1,1,0,1,0,64,13
1007,8.89,2.184927,0,1,20,4,1,1,0,0,1,0,0,1,0,400,13
1008,5.73,1.7457155,1,0,34,2,1,1,0,0,1,0,0,0,0,1156,5
1009,1.05,0.04879012,0,0,29,3,0,1,1,0,1,0,0,0,0,841,5
1010,3.85,1.3480731,0,1,8,4,1,1,0,0,1,0,0,1,0,64,13
1011,2.88,1.0577903,0,0,4,3,0,1,0,0,0,1,0,1,0,16,12
1012,8.44,2.1329823,0,1,15,4,1,1,0,0,1,0,0,0,0,225,12
1013,3.61,1.2837077,0,1,6,5,0,1,0,0,0,0,0,0,0,36,12
1014,5.77,1.7526721,0,0,20,3,1,1,0,0,0,0,0,0,0,400,12
1015,3.33,1.2029723,0,0,35,3,1,1,1,0,1,0,1,0,0,1225,8
1016,7.96,2.074429,1,0,44,2,0,0,0,0,1,0,0,0,0,1936,5
1017,4.49,1.5018526,0,1,17,5,1,1,0,0,1,0,0,0,0,289,10
1018,2.38,0.86710054,0,1,3,4,0,1,0,0,0,0,0,1,0,9,13
1019,5.08,1.6253113,0,0,40,3,1,1,0,0,1,0,0,1,0,1600,12
1020,5.31,1.6695918,0,1,18,4,0,1,0,0,1,0,1,0,0,324,12
1021,5.31,1.6695918,0,0,23,3,1,1,0,0,0,0,0,1,0,529,12
1022,6.54,1.8779372,0,1,10,4,0,1,0,0,1,0,0,0,0,100,10
1023,7.43,2.0055258,0,0,18,3,1,1,1,0,0,1,0,1,0,324,10
1024,5.29,1.6658182,0,0,42,3,1,1,0,0,1,0,0,0,0,1764,12
1025,11.09,2.4060438,0,0,38,3,1,1,0,0,1,0,0,1,0,1444,8
1026,3.33,1.2029723,0,1,5,4,0,1,1,0,0,0,0,0,0,25,13
1027,3.27,1.18479,1,0,25,2,0,1,0,0,1,1,0,0,0,625,8
1028,3.85,1.3480731,1,0,26,2,1,1,0,0,1,0,0,0,0,676,8
1029,8.04,2.084429,0,0,11,3,0,1,0,0,1,0,0,1,0,121,12
1030,4.62,1.5303947,0,0,16,3,0,1,0,0,1,0,0,0,0,256,10
1031,7.96,2.074429,0,1,40,4,1,1,0,0,1,0,0,0,0,1600,5
1032,4.85,1.5789787,0,1,7,4,0,1,0,0,1,1,0,0,0,49,12
1033,6.97,1.9416152,0,0,17,3,0,1,0,0,0,0,0,1,0,289,12
1034,4.81,1.5706971,0,0,44,3,0,1,0,0,1,0,1,0,0,1936,12
1035,3.02,1.1052568,0,0,6,3,0,0,0,0,1,0,0,1,0,36,12
1036,3.98,1.3812819,0,0,8,3,0,1,0,0,1,0,0,1,0,64,12
1037,5.56,1.7155981,0,0,31,3,0,1,0,0,0,0,0,1,0,961,12
1038,7.32,1.9906104,0,0,26,3,1,1,0,0,1,0,0,1,0,676,12
1039,7.69,2.0399208,0,0,20,3,1,1,0,0,1,0,0,1,0,400,10
1040,6.29,1.838961,1,0,22,2,0,1,0,0,1,0,0,1,0,484,13
1041,9.62,2.2638443,0,0,11,3,1,1,0,0,1,1,0,1,0,121,12
1042,7.63,2.0320878,0,1,8,4,0,1,0,0,1,0,0,1,0,64,13
1043,4.29,1.4562867,0,0,40,3,1,1,0,0,1,0,0,0,0,1600,5
1044,25.64,3.2441535,0,0,13,3,0,1,0,0,1,0,0,0,0,169,10
1045,4.24,1.4445633,0,1,3,4,0,1,0,0,0,0,1,0,0,9,12
1046,3.87,1.3532544,0,1,10,4,0,1,0,0,1,0,0,1,0,100,12
1047,5.73,1.7457155,0,0,18,3,1,1,0,0,1,0,0,1,0,324,10
1048,3.5,1.2527629,0,0,5,3,0,1,0,1,1,0,0,0,0,25,12
1049,5.05,1.6193882,0,0,16,3,1,1,1,0,1,0,1,0,0,256,10
1050,7.96,2.074429,0,0,10,3,1,1,0,0,1,1,0,1,0,100,12
1051,7.96,2.074429,0,1,10,4,1,1,0,0,1,0,0,1,0,100,12
1052,3.41,1.2267123,0,0,3,3,1,1,0,0,0,0,0,0,0,9,12
1053,5.73,1.7457155,0,0,40,3,1,1,0,0,0,0,0,0,0,1600,8
1054,8.89,2.184927,0,0,35,3,0,1,0,0,1,1,0,0,0,1225,12
1055,4.81,1.5706971,0,0,28,3,1,1,0,0,1,0,0,0,0,784,10
1056,4.81,1.5706971,0,0,16,3,0,1,0,0,1,0,0,0,0,256,14
1057,3.75,1.3217559,0,0,19,3,0,1,1,0,0,0,0,1,0,361,12
1058,13.41,2.5960007,0,1,11,4,1,1,0,0,1,0,0,0,0,121,10
1059,5.09,1.6272779,1,0,10,2,0,1,0,0,1,0,0,0,0,100,12
1060,2.88,1.0577903,0,1,4,4,1,1,1,0,0,0,0,1,0,16,12
1061,3.21,1.166271,0,1,2,4,0,1,1,0,0,1,0,1,0,4,14
1062,4.55,1.5151273,0,0,5,3,0,1,0,0,0,0,0,0,0,25,12
1063,5.77,1.7526721,1,0,31,2,1,1,0,0,0,1,0,0,0,961,10
1064,8.85,2.1804175,0,0,28,3,1,1,0,0,1,1,1,0,0,784,14
1065,4.41,1.4838747,0,0,9,3,1,1,0,0,1,0,1,0,0,81,10
1066,4.27,1.4516138,0,0,12,3,0,1,0,0,1,0,0,1,0,144,13
1067,10.12,2.3145137,0,0,17,3,0,1,0,0,1,0,0,1,0,289,13
1068,5.29,1.6658182,0,0,37,3,0,1,1,0,1,1,0,1,0,1369,13
1069,5.73,1.7457155,1,0,35,2,1,1,0,0,1,0,0,0,0,1225,8
1070,7.63,2.0320878,0,0,35,3,1,1,0,0,1,1,0,1,0,1225,12
1071,7.69,2.0399208,0,1,10,4,1,1,0,0,1,1,0,1,0,100,13
1072,6.08,1.8050047,0,0,42,3,1,0,0,0,1,0,0,0,0,1764,12
1073,7.49,2.0135689,0,0,27,3,1,1,0,0,0,0,0,1,0,729,12
1074,6.37,1.8515995,0,0,5,3,1,1,0,0,1,1,1,0,0,25,13
1075,6.41,1.8578593,0,0,5,3,1,1,0,1,0,0,0,1,0,25,12
1076,1.98,0.6830968,0,0,3,3,0,1,0,0,0,0,0,0,0,9,12
1077,3.85,1.3480731,0,0,37,3,0,0,1,0,0,0,0,1,0,1369,5
1078,7.05,1.9530276,0,0,14,3,0,1,0,0,0,0,0,1,0,196,12
1079,5.13,1.6351057,0,0,21,3,0,1,0,0,1,0,0,0,0,441,13
1080,6.35,1.8484548,0,0,7,3,1,1,0,0,1,0,0,1,0,49,10
1081,6.69,1.9006139,0,0,27,3,1,1,0,0,1,1,0,0,0,729,12
1082,4.62,1.5303947,0,0,1,3,0,1,0,0,0,0,0,1,0,1,13
1083,5.02,1.6134299,0,0,31,3,0,1,0,0,1,1,0,1,0,961,13
1084,4.23,1.442202,1,0,42,2,0,1,0,0,1,1,0,1,1,1764,5
1085,4.33,1.4655675,0,0,45,3,0,0,1,0,1,0,1,0,0,2025,5
1086,6.54,1.8779372,0,0,34,3,1,1,0,0,1,0,0,1,0,1156,10
1087,7.13,1.9643112,0,1,9,4,1,1,0,0,0,0,0,1,0,81,13
1088,3.85,1.3480731,0,1,3,4,0,1,0,0,1,1,0,1,1,9,10
1089,2.17,0.7747272,0,0,2,3,0,1,0,1,1,1,0,0,0,4,10
1090,5.29,1.6658182,0,0,36,3,1,1,1,0,1,0,1,0,0,1296,10
1091,6.49,1.8702625,0,0,27,3,1,1,0,1,1,0,0,1,0,729,12
1092,10.19,2.3214068,0,1,39,4,0,1,0,0,1,0,0,0,0,1521,12
1093,5.79,1.7561322,0,1,9,4,0,1,0,0,1,0,0,0,0,81,16
1094,3.82,1.3402504,0,0,47,3,0,1,0,0,0,0,0,0,0,2209,12
1095,12.54,2.5289235,0,0,13,3,0,1,0,0,1,0,0,0,0,169,12
1096,7.69,2.0399208,0,0,28,3,0,1,0,0,1,0,0,0,0,784,10
1097,8.55,2.1459312,0,0,26,3,0,1,0,0,1,0,0,0,0,676,12
1098,5.92,1.7783364,1,0,34,2,0,1,0,0,1,0,0,0,0,1156,12
1099,13.74,2.6203113,0,1,28,4,0,1,0,0,1,0,0,0,0,784,12
1100,2.12,0.751416,1,0,17,2,0,1,0,1,1,0,0,0,0,289,14
1101,16.14,2.7813005,1,0,10,2,0,1,0,0,1,0,0,0,0,100,13
1102,1.32,0.2776318,0,0,21,3,0,0,0,0,1,0,0,0,0,441,10
1103,1.79,0.5822156,0,1,15,4,0,1,0,0,1,0,0,0,0,225,12
1104,2.32,0.84156716,0,1,15,4,0,1,0,0,1,0,0,0,0,225,13
1105,3.7,1.3083328,0,0,11,3,0,1,0,0,1,0,0,0,0,121,12
1106,6.75,1.9095426,0,0,37,3,0,1,0,0,1,0,0,0,0,1369,10
1107,8.44,2.1329823,0,0,43,3,0,1,0,0,1,0,0,0,0,1849,5
1108,26.24,3.2672849,1,0,37,2,0,1,0,0,1,0,0,0,0,1369,12
1109,8.88,2.1838017,0,0,24,3,0,1,0,0,1,0,0,0,0,576,12
1110,2.5,0.91629076,0,0,17,3,0,1,0,0,1,0,0,0,0,289,10
1111,7.28,1.9851309,0,0,16,3,0,1,0,0,1,0,0,0,0,256,12
1112,7.84,2.059239,0,0,36,3,0,1,0,0,1,0,0,0,0,1296,12
1113,26.24,3.2672849,0,0,37,3,0,1,0,0,1,0,0,0,0,1369,12
1114,6.33,1.8453002,0,0,38,3,0,1,0,0,1,0,0,0,0,1444,8
1115,4.16,1.425515,0,1,9,4,0,1,0,0,1,0,0,0,0,81,12
1116,3.21,1.166271,0,1,36,4,0,1,0,0,1,1,0,0,0,1296,5
1117,2.02,0.7030975,1,0,41,2,0,1,0,1,0,0,0,1,0,1681,5
1118,9.23,2.222459,0,0,10,3,1,1,0,0,1,0,1,0,0,100,12
1119,2.68,0.98581684,0,0,33,3,0,1,0,0,1,0,0,0,0,1089,5
1120,8.65,2.1575594,0,1,5,4,0,1,0,1,1,0,0,0,0,25,14
1121,2.08,0.7323679,0,1,1,4,0,1,0,1,0,0,0,0,1,1,12
1122,6.25,1.8325815,0,1,47,4,0,0,1,1,1,0,0,1,0,2209,5
1123,1.92,0.65232515,1,0,8,2,0,1,0,0,1,0,0,0,0,64,12
1124,3.08,1.1249295,1,0,6,2,0,1,0,0,1,0,0,0,1,36,10
1125,2.11,0.7466879,0,0,12,3,0,1,0,1,1,0,1,0,1,144,12
1126,3.46,1.2412686,1,0,26,1,0,1,0,1,0,1,0,0,1,676,5
1127,4.81,1.5706971,0,0,14,3,1,1,0,0,1,0,0,1,0,196,10
1128,3.37,1.2149127,0,0,13,3,1,1,0,1,0,1,0,1,1,169,5
1129,5.77,1.7526721,1,0,39,2,1,1,0,0,1,0,0,0,0,1521,5
1130,3.34,1.2059708,1,0,10,2,0,1,0,0,1,0,0,1,1,100,13
1131,7.26,1.9823799,0,0,27,3,1,0,0,0,1,0,0,1,0,729,10
1132,3.73,1.3164083,0,0,5,3,0,1,0,0,1,0,1,0,0,25,13
1133,2.21,0.79299253,0,0,6,3,1,1,0,1,0,0,0,1,0,36,12
1134,2.92,1.0715836,0,0,32,3,0,0,0,0,1,0,0,0,1,1024,8
1135,3.53,1.2612978,0,1,1,4,1,1,1,0,1,0,0,1,1,1,8
1136,1.8,0.5877866,0,1,8,4,0,1,0,1,1,0,0,1,0,64,12
1137,2.6,0.9555114,0,1,15,4,0,1,0,1,1,0,0,1,1,225,10
1138,1.17,0.15700372,1,0,1,2,0,1,1,0,0,0,0,1,0,1,12
1139,1.88,0.6312718,0,0,25,3,1,1,0,1,0,0,0,0,0,625,10
1140,2.88,1.0577903,0,0,15,3,1,1,1,1,1,0,1,0,0,225,10
1141,1.92,0.65232515,0,1,7,4,0,1,0,1,1,0,0,1,0,49,12
1142,1.88,0.6312718,0,1,1,4,0,1,0,1,0,0,1,0,0,1,12
1143,3.37,1.2149127,0,0,12,3,0,1,0,1,1,0,0,0,1,144,12
1144,1.82,0.59883654,0,0,3,3,0,1,0,1,0,0,0,1,1,9,10
1145,1.46,0.37843648,0,1,2,4,0,1,1,0,1,0,0,1,0,4,10
1146,2.26,0.81536484,0,0,3,3,0,1,0,1,1,1,0,1,1,9,10
1147,2.07,0.7275486,1,0,2,2,0,1,0,1,0,1,0,1,0,4,12
1148,3.54,1.2641267,0,0,16,3,0,1,0,0,1,0,0,1,0,256,13
1149,1.26,0.23111172,1,0,32,1,0,1,1,1,0,0,0,0,0,1024,5
1150,2.26,0.81536484,0,0,20,3,0,1,0,1,1,0,0,0,1,400,10
1151,3.95,1.3737156,0,0,17,3,0,1,0,1,1,0,0,0,1,289,12
1152,2.65,0.97455966,0,0,15,3,0,1,0,1,0,0,0,0,0,225,5
1153,3.75,1.3217559,1,0,19,2,0,1,0,1,1,1,1,0,1,361,8
1154,2.26,0.81536484,0,0,37,3,1,0,0,0,0,0,0,1,0,1369,5
1155,2.19,0.7839016,0,0,29,3,1,1,1,1,0,0,0,1,1,841,10
1156,2.19,0.7839016,1,0,5,2,0,0,0,1,0,1,0,0,1,25,13
1157,3.21,1.166271,0,0,7,3,0,1,0,1,0,0,0,1,0,49,5
1158,2.47,0.90421814,1,0,23,2,0,1,0,1,0,0,0,0,0,529,5
1159,3.0,1.0986123,0,1,5,4,0,1,0,1,0,0,0,1,0,25,12
1160,3.75,1.3217559,0,0,29,3,0,1,0,0,0,0,0,1,1,841,8
1161,2.0,0.6931472,0,0,13,3,0,1,0,1,0,0,0,1,0,169,12
1162,2.26,0.81536484,1,0,10,2,0,1,0,1,1,0,0,1,0,100,12
1163,2.88,1.0577903,0,1,12,4,0,1,0,1,1,0,0,0,0,144,13
1164,4.69,1.5454326,0,0,7,3,1,1,0,1,1,0,0,1,0,49,12
1165,3.95,1.3737156,0,0,9,3,0,1,0,1,1,0,1,0,0,81,12
1166,6.54,1.8779372,0,0,4,3,0,1,0,0,1,1,1,0,0,16,12
1167,3.57,1.2725656,0,0,26,3,0,1,0,1,0,0,0,1,1,676,12
1168,5.31,1.6695918,0,0,15,3,0,1,0,0,1,0,0,1,1,225,17
1169,2.63,0.9669839,0,1,19,4,0,1,0,1,1,0,0,0,0,361,10
1170,4.33,1.4655675,0,0,22,3,0,0,0,0,1,0,1,0,0,484,16
1171,2.25,0.8109302,1,0,12,1,0,1,1,1,0,0,0,0,0,144,5
1172,2.75,1.011601,0,0,11,3,0,1,0,1,1,1,0,1,0,121,10
1173,3.29,1.1908876,0,0,6,3,1,1,0,1,1,0,0,1,1,36,12
1174,5.77,1.7526721,0,1,13,4,0,1,0,0,1,0,1,0,0,169,14
1175,4.74,1.5560371,0,1,8,4,0,1,0,1,0,0,0,1,1,64,13
1176,4.12,1.4158531,0,0,7,3,0,1,0,1,0,1,0,1,1,49,13
1177,2.89,1.0612565,0,0,12,3,0,1,1,1,0,0,1,0,1,144,10
1178,6.96,1.9401795,0,0,11,3,1,1,0,0,1,0,1,0,0,121,13
1179,6.41,1.8578593,1,0,41,2,0,1,0,0,1,1,0,1,1,1681,12
1180,4.28,1.453953,0,0,7,3,1,1,0,1,1,0,1,0,1,49,12
1181,1.28,0.24686006,0,1,9,4,0,1,0,1,1,0,0,1,1,81,13
1182,2.56,0.9400072,0,0,40,3,1,1,0,1,0,0,0,0,1,1600,10
1183,4.62,1.5303947,0,1,7,4,0,1,1,1,1,0,0,0,1,49,14
1184,1.98,0.6830968,0,0,9,3,0,1,0,1,1,0,0,1,1,81,12
1185,1.92,0.65232515,0,1,13,4,0,1,0,1,0,0,0,0,1,169,13
1186,1.8,0.5877866,1,0,33,2,0,0,0,1,1,1,1,0,1,1089,13
1187,1.98,0.6830968,0,0,17,3,0,1,0,1,0,0,0,1,1,289,14
1188,2.0,0.6931472,1,0,3,2,0,1,1,1,0,0,0,0,1,9,13
1189,2.11,0.7466879,0,0,8,3,0,1,0,1,0,0,0,0,1,64,16
1190,2.11,0.7466879,0,1,3,4,0,1,0,1,1,0,0,0,1,9,10
1191,2.77,1.0188473,0,0,9,3,0,1,0,0,0,1,0,1,1,81,13
1192,3.46,1.2412686,0,0,30,3,0,1,0,1,0,0,0,0,0,900,10
1193,6.0,1.7917595,0,1,5,4,0,1,0,1,0,1,1,0,1,25,13
1194,4.81,1.5706971,0,0,13,3,0,1,1,0,1,0,0,1,1,169,12
1195,2.33,0.84586823,1,0,5,2,0,1,0,1,1,0,0,0,1,25,12
1196,3.57,1.2725656,0,1,9,4,0,1,0,1,0,0,1,0,1,81,16
1197,1.98,0.6830968,0,0,8,3,0,1,0,1,0,1,0,1,1,64,13
1198,5.13,1.6351057,1,0,20,2,0,1,1,1,1,0,1,0,0,400,10
1199,4.47,1.4973884,0,0,3,3,0,1,0,1,0,0,0,1,1,9,13
1200,2.07,0.7275486,0,1,5,5,1,1,0,1,0,1,0,1,1,25,12
1201,6.97,1.9416152,0,0,20,3,1,1,0,1,1,0,0,1,1,400,13
1202,1.98,0.6830968,0,0,2,3,0,1,0,1,0,0,0,1,1,4,12
1203,4.62,1.5303947,0,0,7,3,0,1,0,1,0,0,0,1,1,49,12
1204,3.21,1.166271,0,0,5,3,0,1,0,0,0,0,1,0,1,25,13
1205,1.8,0.5877866,0,0,46,3,0,1,0,1,0,0,0,0,1,2116,14
1206,4.62,1.5303947,0,0,10,3,1,1,0,1,1,1,0,1,0,100,12
1207,6.11,1.8099267,0,0,27,3,0,1,0,0,1,0,0,0,0,729,12
1208,5.73,1.7457155,0,0,39,3,0,1,1,0,1,0,1,0,0,1521,16
1209,3.57,1.2725656,0,1,13,4,0,1,0,0,1,0,0,0,1,169,13
1210,1.58,0.45742488,0,1,27,4,0,1,0,0,1,0,0,1,1,729,12
1211,4.21,1.4374627,0,1,7,4,0,1,0,0,1,0,0,0,1,49,12
1212,1.75,0.5596158,0,0,18,3,0,1,0,1,0,1,0,1,1,324,12
1213,2.15,0.7654679,1,0,6,1,0,1,0,1,1,0,0,0,1,36,12
1214,1.02,0.01980261,0,0,11,3,0,1,0,1,1,0,0,1,1,121,13
1215,2.4,0.8754688,1,0,10,2,0,1,1,1,1,0,0,0,1,100,12
1216,2.83,1.0402766,0,0,28,3,0,1,1,1,0,0,0,1,1,784,13
1217,3.29,1.1908876,0,0,2,3,0,1,0,1,1,0,0,0,1,4,10
1218,1.98,0.6830968,0,0,45,3,0,1,0,1,0,0,0,1,1,2025,12
1219,23.16,3.1424267,0,0,9,3,0,1,0,0,0,0,1,0,1,81,10
1220,5.49,1.7029282,0,1,13,4,0,1,0,1,1,0,0,0,1,169,12
1221,3.0,1.0986123,0,0,40,3,0,1,0,0,0,1,1,0,1,1600,13
1222,3.29,1.1908876,0,1,10,4,0,0,0,1,0,0,0,0,1,100,12
1223,2.88,1.0577903,0,1,15,4,0,1,0,1,0,0,0,0,1,225,12
1224,2.63,0.9669839,0,0,12,3,0,1,0,1,1,0,0,0,1,144,10
1225,5.82,1.7613003,1,0,20,2,0,1,0,1,0,0,0,0,1,400,17
1226,1.09,0.08617773,1,0,8,2,0,1,0,1,1,0,0,1,1,64,10
1227,1.28,0.24686006,0,1,13,4,0,1,0,1,1,0,0,1,0,169,12
1228,6.25,1.8325815,0,0,3,3,0,1,0,1,0,0,0,0,1,9,12
1229,2.88,1.0577903,0,1,7,4,0,1,0,0,1,0,0,0,0,49,14
1230,7.69,2.0399208,0,1,18,4,1,1,0,0,1,0,1,0,0,324,12
1231,7.14,1.9657128,0,1,13,4,0,1,0,0,1,0,0,1,0,169,12
1232,6.93,1.9358598,0,0,36,3,1,1,0,0,1,1,0,1,0,1296,12
1233,1.56,0.4446858,0,0,4,3,0,1,0,0,0,0,0,1,0,16,12
1234,1.98,0.6830968,0,0,8,3,0,1,0,1,0,0,0,1,1,64,10
1235,8.75,2.1690538,0,0,24,3,1,1,0,0,0,0,0,1,1,576,16
1236,4.81,1.5706971,1,0,31,2,0,1,0,0,1,0,0,0,0,961,12
1237,4.71,1.5496879,0,0,16,3,0,1,0,0,1,0,0,0,0,256,13
1238,4.87,1.5830939,0,0,10,3,0,1,0,0,1,0,0,0,0,100,13
1239,4.62,1.5303947,0,1,10,4,0,1,0,0,1,1,0,0,0,100,13
1240,2.4,0.8754688,0,1,12,4,0,1,0,0,0,1,0,1,1,144,12
1241,5.34,1.6752257,1,0,20,2,0,1,0,0,1,0,0,0,0,400,12
1242,4.21,1.4374627,0,0,13,3,1,1,0,0,1,0,0,0,0,169,12
1243,4.72,1.5518087,0,1,9,4,1,1,0,0,1,0,0,0,0,81,13
1244,12.82,2.5510063,0,0,15,3,1,1,0,0,1,0,1,0,0,225,13
1245,6.73,1.9065752,0,0,34,3,0,1,0,0,1,0,0,1,0,1156,10
1246,5.39,1.6845454,0,0,8,3,1,1,0,0,1,0,0,1,0,64,14
1247,5.31,1.6695918,0,1,3,4,0,1,0,0,0,0,0,1,0,9,17
1248,10.58,2.3589654,0,1,19,4,0,1,0,0,0,0,0,1,0,361,16
1249,8.65,2.1575594,0,0,10,3,1,1,0,0,1,0,1,0,0,100,13
1250,4.17,1.427916,0,0,13,3,0,1,0,0,1,0,0,0,0,169,10
1251,6.81,1.9183921,0,0,7,3,1,1,0,0,0,0,0,1,0,49,12
1252,9.62,2.2638443,0,0,21,3,1,1,0,0,1,1,1,0,0,441,16
1253,1.22,0.19885089,0,0,10,3,0,1,0,1,0,0,0,0,1,100,5
1254,1.79,0.5822156,0,0,20,3,0,1,0,1,1,0,0,0,1,400,8
1255,1.61,0.4762342,0,0,25,3,0,1,1,1,0,0,0,0,1,625,12
1256,1.68,0.51879376,1,0,4,2,0,1,0,1,1,0,0,1,1,16,12
1257,3.29,1.1908876,0,0,35,3,0,1,1,1,0,0,0,1,1,1225,12
1258,2.31,0.8372475,0,0,15,3,0,1,1,1,1,0,1,0,1,225,10
1259,1.92,0.65232515,0,0,24,3,0,0,0,1,0,1,0,1,1,576,16
