,id,year,salary,pubindx,totpge,assist,assoc,prof,chair,top20phd,yearphd,female,osu,iowa,indiana,purdue,msu,minn,mich,wisc,illinois,y92,y95,y99,lsalary,exper,expersq,pubindxsq,pubindx0,lpubindx
0,101,92,,30.54,92.667,0.0,0.0,1.0,0.0,0.0,73.0,0.0,0,0,1,0,0,0,0,0,0,1,0,0,,19.0,361.0,932.69165,0.0,3.4190373
1,101,95,,30.96,107.17,0.0,0.0,1.0,0.0,0.0,73.0,0.0,0,0,1,0,0,0,0,0,0,0,1,0,,22.0,484.0,958.52155,0.0,3.432696
2,101,99,107100.0,40.45,186.5,0.0,0.0,1.0,0.0,0.0,73.0,0.0,0,0,1,0,0,0,0,0,0,0,0,1,11.581518,26.0,676.0,1636.2025,0.0,3.7000666
3,102,92,79420.0,33.54,127.5,0.0,0.0,1.0,0.0,0.0,76.0,0.0,0,0,1,0,0,0,0,0,0,1,0,0,11.282505,16.0,256.0,1124.9316,0.0,3.5127387
4,102,95,88239.0,33.89,133.0,0.0,0.0,1.0,0.0,0.0,76.0,0.0,0,0,1,0,0,0,0,0,0,0,1,0,11.387804,19.0,361.0,1148.5321,0.0,3.52312
5,102,99,100450.0,36.23,191.5,0.0,0.0,1.0,0.0,0.0,76.0,0.0,0,0,1,0,0,0,0,0,0,0,0,1,11.517415,23.0,529.0,1312.6129,0.0,3.5898874
6,103,92,87450.0,44.9,183.5,0.0,0.0,1.0,0.0,1.0,61.0,0.0,0,0,1,0,0,0,0,0,0,1,0,0,11.378822,31.0,961.0,2016.0101,0.0,3.8044379
7,103,95,96831.0,45.09,194.5,0.0,0.0,1.0,0.0,1.0,61.0,0.0,0,0,1,0,0,0,0,0,0,0,1,0,11.480722,34.0,1156.0,2033.1082,0.0,3.8086605
8,103,99,108290.0,46.81,224.5,0.0,0.0,1.0,0.0,1.0,61.0,0.0,0,0,1,0,0,0,0,0,0,0,0,1,11.592568,38.0,1444.0,2191.1763,0.0,3.846097
9,104,92,,1.58,24.5,1.0,0.0,0.0,0.0,1.0,91.0,0.0,0,0,1,0,0,0,0,0,0,1,0,0,,1.0,1.0,2.4964,0.0,0.45742488
10,104,95,,22.74,118.5,,,,0.0,1.0,91.0,0.0,0,0,1,0,0,0,0,0,0,0,1,0,,4.0,16.0,517.1076,0.0,3.1241255
11,104,99,82000.0,46.21,232.5,0.0,1.0,0.0,0.0,1.0,91.0,0.0,0,0,1,0,0,0,0,0,0,0,0,1,11.314474,8.0,64.0,2135.364,0.0,3.8331962
12,105,92,54585.0,2.83,61.0,,,,0.0,1.0,72.0,0.0,0,0,1,0,0,0,0,0,0,1,0,0,10.907515,20.0,400.0,8.0089,0.0,1.0402766
13,105,95,59360.0,2.83,61.0,,,,0.0,1.0,72.0,0.0,0,0,1,0,0,0,0,0,0,0,1,0,10.991376,23.0,529.0,8.0089,0.0,1.0402766
14,105,99,63610.0,2.83,80.0,0.0,1.0,0.0,0.0,1.0,72.0,0.0,0,0,1,0,0,0,0,0,0,0,0,1,11.060526,27.0,729.0,8.0089,0.0,1.0402766
15,106,92,56785.0,25.9,145.5,,,,0.0,0.0,76.0,0.0,0,0,1,0,0,0,0,0,0,1,0,0,10.947027,16.0,256.0,670.81,0.0,3.254243
16,106,95,60850.0,25.9,145.5,,,,0.0,0.0,76.0,0.0,0,0,1,0,0,0,0,0,0,0,1,0,11.016167,19.0,361.0,670.81,0.0,3.254243
17,106,99,68440.0,25.9,145.5,0.0,0.0,1.0,0.0,0.0,76.0,0.0,0,0,1,0,0,0,0,0,0,0,0,1,11.133713,23.0,529.0,670.81,0.0,3.254243
18,107,92,59925.0,27.12,66.833,0.0,0.0,1.0,0.0,1.0,66.0,0.0,0,0,1,0,0,0,0,0,0,1,0,0,11.000849,26.0,676.0,735.49445,0.0,3.3002715
19,107,95,66093.0,27.12,66.833,0.0,0.0,1.0,0.0,1.0,66.0,0.0,0,0,1,0,0,0,0,0,0,0,1,0,11.098818,29.0,841.0,735.49445,0.0,3.3002715
20,107,99,71170.0,28.29,89.833,0.0,0.0,1.0,0.0,1.0,66.0,0.0,0,0,1,0,0,0,0,0,0,0,0,1,11.172827,33.0,1089.0,800.32416,0.0,3.3425083
21,108,92,59305.0,5.87,69.833,0.0,0.0,1.0,1.0,1.0,83.0,0.0,0,0,1,0,0,0,0,0,0,1,0,0,10.990449,9.0,81.0,34.456898,0.0,1.7698547
22,108,95,69950.0,8.88,101.83,0.0,0.0,1.0,1.0,1.0,83.0,0.0,0,0,1,0,0,0,0,0,0,0,1,0,11.155536,12.0,144.0,78.8544,0.0,2.1838017
23,108,99,109200.0,11.26,174.33,0.0,0.0,1.0,1.0,1.0,83.0,0.0,0,0,1,0,0,0,0,0,0,0,0,1,11.600936,16.0,256.0,126.787605,0.0,2.4212565
24,109,92,54585.0,3.49,38.167,0.0,0.0,1.0,0.0,0.0,75.0,0.0,0,0,1,0,0,0,0,0,0,1,0,0,10.907515,17.0,289.0,12.1801,0.0,1.2499018
25,109,95,61545.0,3.65,40.667,0.0,0.0,1.0,0.0,0.0,75.0,0.0,0,0,1,0,0,0,0,0,0,0,1,0,11.027524,20.0,400.0,13.3225,0.0,1.2947272
26,109,99,77510.0,3.65,40.667,0.0,0.0,1.0,0.0,0.0,75.0,0.0,0,0,1,0,0,0,0,0,0,0,0,1,11.2581625,24.0,576.0,13.3225,0.0,1.2947272
27,110,92,56330.0,43.01,228.5,0.0,0.0,1.0,0.0,0.0,76.0,0.0,0,0,1,0,0,0,0,0,0,1,0,0,10.938983,16.0,256.0,1849.86,0.0,3.7614326
28,110,95,62448.0,44.43,258.67,0.0,0.0,1.0,0.0,0.0,76.0,0.0,0,0,1,0,0,0,0,0,0,0,1,0,11.042089,19.0,361.0,1974.0249,0.0,3.793915
29,110,99,72570.0,44.97,261.67,0.0,0.0,1.0,0.0,0.0,76.0,0.0,0,0,1,0,0,0,0,0,0,0,0,1,11.1923065,23.0,529.0,2022.301,0.0,3.8059957
30,111,92,78310.0,0.57,91.5,0.0,0.0,1.0,0.0,1.0,68.0,0.0,0,0,1,0,0,0,0,0,0,1,0,0,11.268431,24.0,576.0,0.3249,0.0,-0.56211895
31,111,95,85964.0,0.57,91.5,0.0,0.0,1.0,0.0,1.0,68.0,0.0,0,0,1,0,0,0,0,0,0,0,1,0,11.361684,27.0,729.0,0.3249,0.0,-0.56211895
32,111,99,96470.0,3.05,128.0,0.0,0.0,1.0,0.0,1.0,68.0,0.0,0,0,1,0,0,0,0,0,0,0,0,1,11.476987,31.0,961.0,9.3025,0.0,1.1151416
33,112,92,,0.0,0.0,,,,0.0,1.0,92.0,1.0,0,0,1,0,0,0,0,0,0,1,0,0,,0.0,0.0,0.0,1.0,
34,112,95,51083.0,2.42,12.0,1.0,0.0,0.0,0.0,1.0,92.0,1.0,0,0,1,0,0,0,0,0,0,0,1,0,10.8412075,3.0,9.0,5.8564005,0.0,0.88376755
35,112,99,58710.0,2.85,25.0,1.0,0.0,0.0,0.0,1.0,92.0,1.0,0,0,1,0,0,0,0,0,0,0,0,1,10.980366,7.0,49.0,8.122499,0.0,1.0473189
36,113,92,,10.0,10.0,,,,0.0,0.0,93.0,0.0,0,0,1,0,0,0,0,0,0,1,0,0,,0.0,0.0,100.0,0.0,2.3025851
37,113,95,47300.0,10.0,10.0,1.0,0.0,0.0,0.0,0.0,93.0,0.0,0,0,1,0,0,0,0,0,0,0,1,0,10.764266,2.0,4.0,100.0,0.0,2.3025851
38,113,99,64900.0,19.92,33.333,0.0,1.0,0.0,0.0,0.0,93.0,0.0,0,0,1,0,0,0,0,0,0,0,0,1,11.080603,6.0,36.0,396.8064,0.0,2.9917243
39,114,92,70365.0,33.48,127.5,0.0,1.0,0.0,0.0,1.0,79.0,1.0,0,0,1,0,0,0,0,0,0,1,0,0,11.161451,13.0,169.0,1120.9104,0.0,3.5109482
40,114,95,78085.0,37.53,142.0,0.0,1.0,0.0,0.0,1.0,79.0,1.0,0,0,1,0,0,0,0,0,0,0,1,0,11.265553,16.0,256.0,1408.5009,0.0,3.6251407
41,114,99,87200.0,37.84,145.0,0.0,1.0,0.0,0.0,1.0,79.0,1.0,0,0,1,0,0,0,0,0,0,0,0,1,11.375959,20.0,400.0,1431.8656,0.0,3.6333668
42,115,92,72240.0,0.81,14.5,0.0,0.0,1.0,0.0,,59.0,0.0,0,0,1,0,0,0,0,0,0,1,0,0,11.187749,33.0,1089.0,0.6561,0.0,-0.21072103
43,115,95,76641.0,1.07,17.0,0.0,0.0,1.0,0.0,,59.0,0.0,0,0,1,0,0,0,0,0,0,0,1,0,11.246887,36.0,1296.0,1.1449001,0.0,0.0676587
44,115,99,,1.07,17.0,0.0,0.0,1.0,0.0,,59.0,0.0,0,0,1,0,0,0,0,0,0,0,0,1,,40.0,1600.0,1.1449001,0.0,0.0676587
45,116,92,48905.0,2.3,25.0,0.0,1.0,0.0,0.0,0.0,77.0,0.0,0,0,1,0,0,0,0,0,0,1,0,0,10.797635,15.0,225.0,5.29,0.0,0.8329091
46,116,95,53958.0,2.3,25.0,0.0,1.0,0.0,0.0,0.0,77.0,0.0,0,0,1,0,0,0,0,0,0,0,1,0,10.895961,18.0,324.0,5.29,0.0,0.8329091
47,116,99,60690.0,2.3,25.0,0.0,1.0,0.0,0.0,0.0,77.0,0.0,0,0,1,0,0,0,0,0,0,0,0,1,11.013535,22.0,484.0,5.29,0.0,0.8329091
48,117,92,,0.0,0.0,,,,0.0,0.0,,1.0,0,0,1,0,0,0,0,0,0,1,0,0,,,,0.0,1.0,
49,117,95,36050.0,0.0,0.0,,,,0.0,0.0,,1.0,0,0,1,0,0,0,0,0,0,0,1,0,10.492662,,,0.0,1.0,
50,117,99,41490.0,0.0,0.0,,,,0.0,0.0,,1.0,0,0,1,0,0,0,0,0,0,0,0,1,10.633207,,,0.0,1.0,
51,118,92,79110.0,32.68,132.33,0.0,0.0,1.0,0.0,0.0,75.0,0.0,0,0,1,0,0,0,0,0,0,1,0,0,11.278595,17.0,289.0,1067.9824,0.0,3.4867632
52,118,95,90160.0,35.71,152.83,0.0,0.0,1.0,0.0,0.0,75.0,0.0,0,0,1,0,0,0,0,0,0,0,1,0,11.409341,20.0,400.0,1275.204,0.0,3.5754306
53,118,99,104120.0,35.71,152.83,0.0,0.0,1.0,0.0,0.0,75.0,0.0,0,0,1,0,0,0,0,0,0,0,0,1,11.553299,24.0,576.0,1275.204,0.0,3.5754306
54,119,92,74107.0,10.95,115.5,0.0,0.0,1.0,0.0,0.0,78.0,0.0,0,0,1,0,0,0,0,0,0,1,0,0,11.213265,14.0,196.0,119.9025,0.0,2.3933394
55,119,95,81939.0,12.08,150.0,0.0,0.0,1.0,0.0,0.0,78.0,0.0,0,0,1,0,0,0,0,0,0,0,1,0,11.31373,17.0,289.0,145.92639,0.0,2.4915512
56,119,99,92160.0,21.17,189.17,0.0,0.0,1.0,0.0,0.0,78.0,0.0,0,0,1,0,0,0,0,0,0,0,0,1,11.431281,21.0,441.0,448.1689,0.0,3.0525851
57,120,92,133750.0,0.29,89.167,0.0,0.0,1.0,0.0,0.0,66.0,0.0,0,0,1,0,0,0,0,0,0,1,0,0,11.803728,26.0,676.0,0.08409999,0.0,-1.2378744
58,120,95,158450.0,0.29,89.167,0.0,0.0,1.0,0.0,0.0,66.0,0.0,0,0,1,0,0,0,0,0,0,0,1,0,11.973194,29.0,841.0,0.08409999,0.0,-1.2378744
59,120,99,191000.0,0.29,89.167,0.0,0.0,1.0,0.0,0.0,66.0,0.0,0,0,1,0,0,0,0,0,0,0,0,1,12.160028,33.0,1089.0,0.08409999,0.0,-1.2378744
60,121,92,78895.0,3.92,24.5,0.0,0.0,1.0,1.0,0.0,74.0,1.0,0,0,1,0,0,0,0,0,0,1,0,0,11.275873,18.0,324.0,15.366401,0.0,1.3660917
61,121,95,115775.0,3.92,24.5,0.0,0.0,1.0,1.0,0.0,74.0,1.0,0,0,1,0,0,0,0,0,0,0,1,0,11.659404,21.0,441.0,15.366401,0.0,1.3660917
62,121,99,139660.0,3.92,24.5,0.0,0.0,1.0,1.0,0.0,74.0,1.0,0,0,1,0,0,0,0,0,0,0,0,1,11.846966,25.0,625.0,15.366401,0.0,1.3660917
63,201,92,71000.0,0.14,10.5,,,,,1.0,65.0,0.0,0,1,0,0,0,0,0,0,0,1,0,0,11.170435,27.0,729.0,0.0196,0.0,-1.9661129
64,201,95,87560.0,0.14,29.5,0.0,0.0,1.0,0.0,1.0,65.0,0.0,0,1,0,0,0,0,0,0,0,0,1,0,11.380079,30.0,900.0,0.0196,0.0,-1.9661129
65,201,99,104444.0,0.14,29.5,0.0,0.0,1.0,0.0,1.0,65.0,0.0,0,1,0,0,0,0,0,0,0,0,0,1,11.556406,34.0,1156.0,0.0196,0.0,-1.9661129
66,202,92,50605.0,1.38,3.0,,,,,1.0,71.0,0.0,0,1,0,0,0,0,0,0,0,1,0,0,10.831805,21.0,441.0,1.9044,0.0,0.3220835
67,202,95,53500.0,1.38,3.0,,,,,1.0,71.0,0.0,0,1,0,0,0,0,0,0,0,0,1,0,10.887437,24.0,576.0,1.9044,0.0,0.3220835
68,202,99,57000.0,1.38,3.0,0.0,1.0,0.0,0.0,1.0,71.0,0.0,0,1,0,0,0,0,0,0,0,0,0,1,10.950807,28.0,784.0,1.9044,0.0,0.3220835
69,203,92,47500.0,0.0,0.0,,,,,1.0,89.0,0.0,0,1,0,0,0,0,0,0,0,1,0,0,10.768485,3.0,9.0,0.0,1.0,
70,203,95,53000.0,8.57,64.67,,,,,1.0,89.0,0.0,0,1,0,0,0,0,0,0,0,0,1,0,10.878047,6.0,36.0,73.44489,0.0,2.1482677
71,203,99,77000.0,15.85,163.167,0.0,1.0,0.0,0.0,1.0,89.0,0.0,0,1,0,0,0,0,0,0,0,0,0,1,11.251561,10.0,100.0,251.22252,0.0,2.7631695
72,204,92,53875.0,6.0,6.0,,,,,0.0,71.0,1.0,0,1,0,0,0,0,0,0,0,1,0,0,10.894422,21.0,441.0,36.0,0.0,1.7917595
73,204,95,60100.0,6.0,6.0,,,,,0.0,71.0,1.0,0,1,0,0,0,0,0,0,0,0,1,0,11.003765,24.0,576.0,36.0,0.0,1.7917595
74,204,99,73618.0,6.0,6.0,0.0,0.0,1.0,0.0,0.0,71.0,1.0,0,1,0,0,0,0,0,0,0,0,0,1,11.206645,28.0,784.0,36.0,0.0,1.7917595
75,205,92,94450.0,58.64,163.167,,,,,0.0,75.0,0.0,0,1,0,0,0,0,0,0,0,1,0,0,11.455826,17.0,289.0,3438.6494,0.0,4.071417
76,205,95,135409.0,59.44,181.167,,,,,0.0,75.0,0.0,0,1,0,0,0,0,0,0,0,0,1,0,11.816055,20.0,400.0,3533.1135,0.0,4.0849676
77,205,99,160314.0,61.31,216.167,0.0,0.0,1.0,0.0,0.0,75.0,0.0,0,1,0,0,0,0,0,0,0,0,0,1,11.98489,24.0,576.0,3758.9163,0.0,4.115943
78,206,92,59700.0,0.66,14.0,,,,,0.0,68.0,0.0,0,1,0,0,0,0,0,0,0,1,0,0,10.9970875,24.0,576.0,0.43560004,0.0,-0.4155154
79,206,95,62350.0,0.66,14.0,,,,,0.0,68.0,0.0,0,1,0,0,0,0,0,0,0,0,1,0,11.040519,27.0,729.0,0.43560004,0.0,-0.4155154
80,206,99,66594.0,0.66,14.0,0.0,0.0,1.0,0.0,0.0,68.0,0.0,0,1,0,0,0,0,0,0,0,0,0,1,11.10637,31.0,961.0,0.43560004,0.0,-0.4155154
81,207,92,74250.0,36.8,178.5,,,,,1.0,67.0,0.0,0,1,0,0,0,0,0,0,0,1,0,0,11.215193,25.0,625.0,1354.24,0.0,3.6054978
82,207,95,100000.0,52.1,264.5,,,,,1.0,67.0,0.0,0,1,0,0,0,0,0,0,0,0,1,0,11.512925,28.0,784.0,2714.41,0.0,3.9531648
83,207,99,113000.0,130.72,410.5,0.0,0.0,1.0,0.0,1.0,67.0,0.0,0,1,0,0,0,0,0,0,0,0,0,1,11.635143,32.0,1024.0,17087.719,0.0,4.873058
84,208,92,47250.0,2.67,17.5,,,,,1.0,86.0,1.0,0,1,0,0,0,0,0,0,0,1,0,0,10.763208,6.0,36.0,7.1289005,0.0,0.9820785
85,208,95,54000.0,5.08,29.167,,,,,1.0,86.0,1.0,0,1,0,0,0,0,0,0,0,0,1,0,10.896739,9.0,81.0,25.806398,0.0,1.6253113
86,208,99,81250.0,6.92,39.5,0.0,1.0,0.0,0.0,1.0,86.0,1.0,0,1,0,0,0,0,0,0,0,0,0,1,11.305286,13.0,169.0,47.886402,0.0,1.9344158
87,209,92,,4.26,79.75,,,,,1.0,69.0,0.0,0,1,0,0,0,0,0,0,0,1,0,0,,23.0,529.0,18.147602,0.0,1.4492692
88,209,95,,4.26,79.75,,,,,1.0,69.0,0.0,0,1,0,0,0,0,0,0,0,0,1,0,,26.0,676.0,18.147602,0.0,1.4492692
89,209,99,55650.0,4.26,79.75,0.0,0.0,1.0,0.0,1.0,69.0,0.0,0,1,0,0,0,0,0,0,0,0,0,1,10.926837,30.0,900.0,18.147602,0.0,1.4492692
90,210,92,99625.0,0.0,0.0,,,,,1.0,70.0,1.0,0,1,0,0,0,0,0,0,0,1,0,0,11.509169,22.0,484.0,0.0,1.0,
91,210,95,107890.0,0.0,3.0,,,,,1.0,70.0,1.0,0,1,0,0,0,0,0,0,0,0,1,0,11.588867,25.0,625.0,0.0,1.0,
92,210,99,115700.0,3.25,102.0,0.0,0.0,1.0,0.0,1.0,70.0,1.0,0,1,0,0,0,0,0,0,0,0,0,1,11.658756,29.0,841.0,10.5625,0.0,1.178655
93,211,92,77150.0,36.29,96.167,,,,,1.0,75.0,0.0,0,1,0,0,0,0,0,0,0,1,0,0,11.253507,17.0,289.0,1316.9641,0.0,3.5915422
94,211,95,81500.0,36.29,96.167,,,,,1.0,75.0,0.0,0,1,0,0,0,0,0,0,0,0,1,0,11.308358,20.0,400.0,1316.9641,0.0,3.5915422
95,211,99,85500.0,36.29,96.167,0.0,0.0,1.0,0.0,1.0,75.0,0.0,0,1,0,0,0,0,0,0,0,0,0,1,11.356272,24.0,576.0,1316.9641,0.0,3.5915422
96,212,92,74000.0,33.55,131.67,,,,,1.0,84.0,0.0,0,1,0,0,0,0,0,0,0,1,0,0,11.211821,8.0,64.0,1125.6024,0.0,3.5130367
97,212,95,106730.0,33.75,139.5,,,,,1.0,84.0,0.0,0,1,0,0,0,0,0,0,0,0,1,0,11.578057,11.0,121.0,1139.0625,0.0,3.5189805
98,212,99,113500.0,33.75,139.5,0.0,0.0,1.0,0.0,1.0,84.0,0.0,0,1,0,0,0,0,0,0,0,0,0,1,11.639558,15.0,225.0,1139.0625,0.0,3.5189805
99,213,92,63500.0,0.52,8.0,,,,,0.0,60.0,0.0,0,1,0,0,0,0,0,0,0,1,0,0,11.058795,32.0,1024.0,0.2704,0.0,-0.6539265
100,213,95,66775.0,0.52,8.0,,,,,0.0,60.0,0.0,0,1,0,0,0,0,0,0,0,0,1,0,11.109084,35.0,1225.0,0.2704,0.0,-0.6539265
101,213,99,,0.52,8.0,0.0,0.0,0.0,0.0,0.0,60.0,0.0,0,1,0,0,0,0,0,0,0,0,0,1,,39.0,1521.0,0.2704,0.0,-0.6539265
102,214,92,,15.09,89.0,,,,,1.0,87.0,0.0,0,1,0,0,0,0,0,0,0,1,0,0,,5.0,25.0,227.7081,0.0,2.7140322
103,214,95,,18.42,144.0,,,,,1.0,87.0,0.0,0,1,0,0,0,0,0,0,0,0,1,0,,8.0,64.0,339.29642,0.0,2.9134371
104,214,99,74000.0,26.42,194.5,0.0,1.0,0.0,0.0,1.0,87.0,0.0,0,1,0,0,0,0,0,0,0,0,0,1,11.211821,12.0,144.0,698.0164,0.0,3.2741213
105,215,92,,0.0,0.0,,,,,1.0,91.0,0.0,0,1,0,0,0,0,0,0,0,1,0,0,,1.0,1.0,0.0,1.0,
106,215,95,,0.0,7.5,,,,,1.0,91.0,0.0,0,1,0,0,0,0,0,0,0,0,1,0,,4.0,16.0,0.0,1.0,
107,215,99,76000.0,14.2,125.167,0.0,1.0,0.0,0.0,1.0,91.0,0.0,0,1,0,0,0,0,0,0,0,0,0,1,11.238488,8.0,64.0,201.64,0.0,2.6532419
108,216,92,81650.0,11.09,226.67,0.0,0.0,1.0,0.0,1.0,65.0,0.0,0,1,0,0,0,0,0,0,0,1,0,0,11.310197,27.0,729.0,122.988106,0.0,2.4060438
109,216,95,88470.0,11.7,237.67,0.0,0.0,1.0,0.0,1.0,65.0,0.0,0,1,0,0,0,0,0,0,0,0,1,0,11.390419,30.0,900.0,136.89,0.0,2.4595888
110,216,99,96000.0,12.31,252.67,0.0,0.0,1.0,0.0,1.0,65.0,0.0,0,1,0,0,0,0,0,0,0,0,0,1,11.472103,34.0,1156.0,151.53612,0.0,2.510412
111,217,92,67600.0,7.51,101.5,0.0,0.0,1.0,0.0,1.0,77.0,0.0,0,1,0,0,0,0,0,0,0,1,0,0,11.121364,15.0,225.0,56.400105,0.0,2.0162356
112,217,95,91937.0,17.51,111.5,0.0,0.0,1.0,1.0,1.0,77.0,0.0,0,1,0,0,0,0,0,0,0,0,1,0,11.428859,18.0,324.0,306.6001,0.0,2.8627722
113,217,99,91500.0,29.54,152.83,0.0,0.0,1.0,0.0,1.0,77.0,0.0,0,1,0,0,0,0,0,0,0,0,0,1,11.424094,22.0,484.0,872.61163,0.0,3.3857453
114,218,92,114325.0,40.68,83.5,,,,,1.0,69.0,0.0,0,1,0,0,0,0,0,0,0,1,0,0,11.646801,23.0,529.0,1654.8624,0.0,3.7057366
115,218,95,123600.0,40.68,83.5,,,,,1.0,69.0,0.0,0,1,0,0,0,0,0,0,0,0,1,0,11.724806,26.0,676.0,1654.8624,0.0,3.7057366
116,218,99,135000.0,40.68,83.5,0.0,0.0,1.0,0.0,1.0,69.0,0.0,0,1,0,0,0,0,0,0,0,0,0,1,11.81303,30.0,900.0,1654.8624,0.0,3.7057366
117,219,92,52250.0,6.07,39.5,,,,,0.0,64.0,0.0,0,1,0,0,0,0,0,0,0,1,0,0,10.863795,28.0,784.0,36.844902,0.0,1.8033587
118,219,95,55300.0,6.07,55.5,,,,,0.0,64.0,0.0,0,1,0,0,0,0,0,0,0,0,1,0,10.920528,31.0,961.0,36.844902,0.0,1.8033587
119,219,99,,6.07,55.5,0.0,0.0,0.0,0.0,0.0,64.0,0.0,0,1,0,0,0,0,0,0,0,0,0,1,,35.0,1225.0,36.844902,0.0,1.8033587
120,220,92,62250.0,6.78,16.33,,,,,1.0,66.0,0.0,0,1,0,0,0,0,0,0,0,1,0,0,11.038914,26.0,676.0,45.968403,0.0,1.9139771
121,220,95,65700.0,6.78,16.33,,,,,1.0,66.0,0.0,0,1,0,0,0,0,0,0,0,0,1,0,11.0928545,29.0,841.0,45.968403,0.0,1.9139771
122,220,99,68000.0,6.78,16.33,0.0,0.0,1.0,0.0,1.0,66.0,0.0,0,1,0,0,0,0,0,0,0,0,0,1,11.127263,33.0,1089.0,45.968403,0.0,1.9139771
123,221,92,51575.0,14.49,64.0,,,,,1.0,81.0,0.0,0,1,0,0,0,0,0,0,0,1,0,0,10.850792,11.0,121.0,209.9601,0.0,2.6734588
124,221,95,55900.0,15.12,75.5,,,,,1.0,81.0,0.0,0,1,0,0,0,0,0,0,0,0,1,0,10.931319,14.0,196.0,228.6144,0.0,2.7160184
125,221,99,65000.0,15.12,93.5,0.0,1.0,0.0,0.0,1.0,81.0,0.0,0,1,0,0,0,0,0,0,0,0,0,1,11.082143,18.0,324.0,228.6144,0.0,2.7160184
126,222,92,,0.0,0.0,,,,0.0,1.0,95.0,0.0,0,1,0,0,0,0,0,0,0,1,0,0,,0.0,0.0,0.0,1.0,
127,222,95,,0.0,0.0,,,,0.0,1.0,95.0,0.0,0,1,0,0,0,0,0,0,0,0,1,0,,0.0,0.0,0.0,1.0,
128,222,99,66000.0,4.34,33.0,1.0,0.0,0.0,0.0,1.0,95.0,0.0,0,1,0,0,0,0,0,0,0,0,0,1,11.09741,4.0,16.0,18.835602,0.0,1.4678744
129,223,92,75000.0,42.18,107.83,,,,0.0,1.0,80.0,0.0,0,1,0,0,0,0,0,0,0,1,0,0,11.225244,12.0,144.0,1779.1525,0.0,3.7419462
130,223,95,84000.0,44.42,127.83,0.0,0.0,1.0,0.0,1.0,80.0,0.0,0,1,0,0,0,0,0,0,0,0,1,0,11.3385725,15.0,225.0,1973.1362,0.0,3.7936897
131,223,99,120733.0,57.09,183.83,0.0,0.0,1.0,1.0,1.0,80.0,0.0,0,1,0,0,0,0,0,0,0,0,0,1,11.701337,19.0,361.0,3259.268,0.0,4.044629
132,224,92,75000.0,38.14,199.5,,,,,1.0,84.0,0.0,0,1,0,0,0,0,0,0,0,1,0,0,11.225244,8.0,64.0,1454.6595,0.0,3.6412635
133,224,95,86940.0,43.33,269.5,,,,,1.0,84.0,0.0,0,1,0,0,0,0,0,0,0,0,1,0,11.372973,11.0,121.0,1877.489,0.0,3.7688453
134,224,99,108000.0,55.72,389.83,0.0,0.0,1.0,0.0,1.0,84.0,0.0,0,1,0,0,0,0,0,0,0,0,0,1,11.589887,15.0,225.0,3104.7185,0.0,4.020339
135,225,92,80575.0,18.12,108.5,,,,,1.0,61.0,0.0,0,1,0,0,0,0,0,0,0,1,0,0,11.296944,31.0,961.0,328.33444,0.0,2.8970163
136,225,95,48345.0,18.12,108.5,,,,,1.0,61.0,0.0,0,1,0,0,0,0,0,0,0,0,1,0,10.7861185,34.0,1156.0,328.33444,0.0,2.8970163
137,225,99,,18.12,108.5,0.0,0.0,,0.0,1.0,61.0,0.0,0,1,0,0,0,0,0,0,0,0,0,1,,38.0,1444.0,328.33444,0.0,2.8970163
138,301,92,55050.0,15.74,186.5,0.0,0.0,1.0,0.0,1.0,65.0,0.0,0,0,0,0,1,0,0,0,0,1,0,0,10.9159975,27.0,729.0,247.74759,0.0,2.7562053
139,301,95,60600.0,16.0,205.5,0.0,0.0,1.0,0.0,1.0,65.0,0.0,0,0,0,0,1,0,0,0,0,0,1,0,11.012051,30.0,900.0,256.0,0.0,2.7725887
140,301,99,63204.0,16.0,205.5,0.0,0.0,1.0,0.0,1.0,65.0,0.0,0,0,0,0,1,0,0,0,0,0,0,1,11.054123,34.0,1156.0,256.0,0.0,2.7725887
141,302,92,41600.0,3.03,46.167,1.0,0.0,0.0,0.0,1.0,80.0,1.0,0,0,0,0,1,0,0,0,0,1,0,0,10.635856,12.0,144.0,9.1809,0.0,1.1085626
142,302,95,47667.0,3.56,68.167,0.0,1.0,0.0,0.0,1.0,80.0,1.0,0,0,0,0,1,0,0,0,0,0,1,0,10.771995,15.0,225.0,12.673599,0.0,1.2697605
143,302,99,50209.0,4.08,79.167,0.0,1.0,0.0,0.0,1.0,80.0,1.0,0,0,0,0,1,0,0,0,0,0,0,1,10.82395,19.0,361.0,16.646399,0.0,1.4060969
144,303,92,73500.0,27.44,203.2,0.0,0.0,1.0,0.0,0.0,78.0,0.0,0,0,0,0,1,0,0,0,0,1,0,0,11.205041,14.0,196.0,752.9536,0.0,3.3120017
145,303,95,97150.0,29.79,228.83,0.0,0.0,1.0,0.0,0.0,78.0,0.0,0,0,0,0,1,0,0,0,0,0,1,0,11.484012,17.0,289.0,887.44415,0.0,3.394173
146,303,99,113307.0,50.65,321.5,0.0,0.0,1.0,0.0,0.0,78.0,0.0,0,0,0,0,1,0,0,0,0,0,0,1,11.6378565,21.0,441.0,2565.4226,0.0,3.9249392
147,304,92,57000.0,23.89,72.5,0.0,1.0,0.0,0.0,1.0,83.0,0.0,0,0,0,0,1,0,0,0,0,1,0,0,10.950807,9.0,81.0,570.73206,0.0,3.17346
148,304,95,69105.0,25.33,81.5,0.0,0.0,1.0,0.0,1.0,83.0,0.0,0,0,0,0,1,0,0,0,0,0,1,0,11.143382,12.0,144.0,641.6089,0.0,3.2319894
149,304,99,77345.0,25.94,120.0,0.0,0.0,1.0,0.0,1.0,83.0,0.0,0,0,0,0,1,0,0,0,0,0,0,1,11.256031,16.0,256.0,672.8836,0.0,3.2557862
150,305,92,51500.0,12.58,87.0,0.0,1.0,0.0,0.0,0.0,85.0,0.0,0,0,0,0,1,0,0,0,0,1,0,0,10.849337,7.0,49.0,158.2564,0.0,2.5321083
151,305,95,60683.0,23.08,97.5,0.0,1.0,0.0,0.0,0.0,85.0,0.0,0,0,0,0,1,0,0,0,0,0,1,0,11.013419,10.0,100.0,532.6864,0.0,3.1389663
152,305,99,74603.0,25.3,127.5,0.0,0.0,1.0,0.0,0.0,85.0,0.0,0,0,0,0,1,0,0,0,0,0,0,1,11.219936,14.0,196.0,640.08997,0.0,3.2308044
153,306,92,67400.0,51.93,135.5,0.0,0.0,1.0,0.0,1.0,75.0,0.0,0,0,0,0,1,0,0,0,0,1,0,0,11.118401,17.0,289.0,2696.7249,0.0,3.9498966
154,306,95,75858.0,53.01,150.5,0.0,0.0,1.0,0.0,1.0,75.0,0.0,0,0,0,0,1,0,0,0,0,0,1,0,11.236618,20.0,400.0,2810.0598,0.0,3.9704804
155,306,99,80799.0,53.15,160.5,0.0,0.0,1.0,0.0,1.0,75.0,0.0,0,0,0,0,1,0,0,0,0,0,0,1,11.29972,24.0,576.0,2824.9226,0.0,3.973118
156,307,92,60400.0,10.39,105.0,0.0,0.0,1.0,0.0,1.0,66.0,0.0,0,0,0,0,1,0,0,0,0,1,0,0,11.008744,26.0,676.0,107.95211,0.0,2.340844
157,307,95,67950.0,10.39,105.0,0.0,0.0,1.0,0.0,1.0,66.0,0.0,0,0,0,0,1,0,0,0,0,0,1,0,11.126528,29.0,841.0,107.95211,0.0,2.340844
158,307,99,73262.0,10.39,119.0,0.0,0.0,1.0,0.0,1.0,66.0,0.0,0,0,0,0,1,0,0,0,0,0,0,1,11.2017975,33.0,1089.0,107.95211,0.0,2.340844
159,308,92,44850.0,1.43,35.0,0.0,1.0,0.0,0.0,1.0,80.0,1.0,0,0,0,0,1,0,0,0,0,1,0,0,10.711079,12.0,144.0,2.0449,0.0,0.35767442
160,308,95,47333.0,1.43,35.0,0.0,1.0,0.0,0.0,1.0,80.0,1.0,0,0,0,0,1,0,0,0,0,0,1,0,10.764963,15.0,225.0,2.0449,0.0,0.35767442
161,308,99,49156.0,1.43,35.0,0.0,1.0,0.0,0.0,1.0,80.0,1.0,0,0,0,0,1,0,0,0,0,0,0,1,10.802754,19.0,361.0,2.0449,0.0,0.35767442
162,309,92,44000.0,0.0,49.0,1.0,0.0,0.0,0.0,0.0,91.0,0.0,0,0,0,0,1,0,0,0,0,1,0,0,10.691945,1.0,1.0,0.0,1.0,
163,309,95,50367.0,7.18,49.0,1.0,0.0,0.0,0.0,0.0,91.0,0.0,0,0,0,0,1,0,0,0,0,0,1,0,10.827091,4.0,16.0,51.5524,0.0,1.9712994
164,309,99,60401.0,10.03,54.0,0.0,1.0,0.0,0.0,0.0,91.0,0.0,0,0,0,0,1,0,0,0,0,0,0,1,11.008761,8.0,64.0,100.60089,0.0,2.3055806
165,310,92,62000.0,24.66,157.5,0.0,0.0,1.0,0.0,1.0,82.0,0.0,0,0,0,0,1,0,0,0,0,1,0,0,11.034889,10.0,100.0,608.1156,0.0,3.2051826
166,310,95,87733.0,29.32,192.7,0.0,0.0,1.0,0.0,1.0,82.0,0.0,0,0,0,0,1,0,0,0,0,0,1,0,11.382053,13.0,169.0,859.66235,0.0,3.37827
167,310,99,97563.0,34.91,242.33,0.0,0.0,1.0,0.0,1.0,82.0,0.0,0,0,0,0,1,0,0,0,0,0,0,1,11.488254,17.0,289.0,1218.7081,0.0,3.5527732
168,311,92,,0.0,0.0,,,,0.0,0.0,93.0,0.0,0,0,0,0,1,0,0,0,0,1,0,0,,0.0,0.0,0.0,1.0,
169,311,95,,0.97,22.5,,,,0.0,0.0,93.0,0.0,0,0,0,0,1,0,0,0,0,0,1,0,,2.0,4.0,0.9409,0.0,-0.030459179
170,311,99,61200.0,17.6,136.5,1.0,0.0,0.0,0.0,0.0,93.0,0.0,0,0,0,0,1,0,0,0,0,0,0,1,11.021902,6.0,36.0,309.76,0.0,2.867899
171,312,92,86250.0,5.62,118.33,0.0,0.0,1.0,1.0,0.0,76.0,0.0,0,0,0,0,1,0,0,0,0,1,0,0,11.3650055,16.0,256.0,31.584398,0.0,1.7263316
172,312,95,80992.0,5.95,124.33,0.0,0.0,1.0,0.0,0.0,76.0,0.0,0,0,0,0,1,0,0,0,0,0,1,0,11.302106,19.0,361.0,35.402496,0.0,1.7833912
173,312,99,,7.24,164.83,0.0,0.0,1.0,0.0,0.0,76.0,0.0,0,0,0,0,1,0,0,0,0,0,0,1,,23.0,529.0,52.417595,0.0,1.9796212
174,313,92,,10.38,47.0,,,,,1.0,88.0,0.0,0,0,0,0,1,0,0,0,0,1,0,0,,4.0,16.0,107.7444,0.0,2.339881
175,313,95,57933.0,12.02,92.0,0.0,1.0,0.0,0.0,1.0,88.0,0.0,0,0,0,0,1,0,0,0,0,0,1,0,10.967043,7.0,49.0,144.48041,0.0,2.486572
176,313,99,71576.0,19.33,188.0,0.0,1.0,0.0,0.0,1.0,88.0,0.0,0,0,0,0,1,0,0,0,0,0,0,1,11.178515,11.0,121.0,373.6489,0.0,2.9616582
177,314,92,52000.0,17.98,97.83,0.0,1.0,0.0,0.0,1.0,80.0,0.0,0,0,0,0,1,0,0,0,0,1,0,0,10.858999,12.0,144.0,323.2804,0.0,2.88926
178,314,95,59950.0,17.98,97.83,0.0,0.0,1.0,0.0,1.0,80.0,0.0,0,0,0,0,1,0,0,0,0,0,1,0,11.0012665,15.0,225.0,323.2804,0.0,2.88926
179,314,99,94915.0,18.94,117.83,0.0,0.0,1.0,1.0,1.0,80.0,0.0,0,0,0,0,1,0,0,0,0,0,0,1,11.460737,19.0,361.0,358.72363,0.0,2.941276
180,315,92,59400.0,26.04,162.0,0.0,1.0,0.0,0.0,1.0,83.0,0.0,0,0,0,0,1,0,0,0,0,1,0,0,10.992049,9.0,81.0,678.08167,0.0,3.2596338
181,315,95,88133.0,32.87,237.33,0.0,0.0,1.0,0.0,1.0,83.0,0.0,0,0,0,0,1,0,0,0,0,0,1,0,11.386602,12.0,144.0,1080.4369,0.0,3.4925604
182,315,99,99990.0,47.12,340.83,0.0,0.0,1.0,0.0,1.0,83.0,0.0,0,0,0,0,1,0,0,0,0,0,0,1,11.512825,16.0,256.0,2220.2942,0.0,3.8526976
183,316,92,52900.0,0.64,10.0,0.0,1.0,0.0,0.0,1.0,76.0,0.0,0,0,0,0,1,0,0,0,0,1,0,0,10.876159,16.0,256.0,0.4096,0.0,-0.44628713
184,316,95,57867.0,0.64,10.0,0.0,1.0,0.0,0.0,1.0,76.0,0.0,0,0,0,0,1,0,0,0,0,0,1,0,10.965902,19.0,361.0,0.4096,0.0,-0.44628713
185,316,99,59772.0,0.99,13.3,0.0,1.0,0.0,0.0,1.0,76.0,0.0,0,0,0,0,1,0,0,0,0,0,0,1,10.998293,23.0,529.0,0.98010004,0.0,-0.010050327
186,317,92,114650.0,23.01,308.33,0.0,0.0,1.0,0.0,1.0,54.0,0.0,0,0,0,0,1,0,0,0,0,1,0,0,11.649639,38.0,1444.0,529.4601,0.0,3.1359289
187,317,95,124483.0,23.23,357.33,0.0,0.0,1.0,0.0,1.0,54.0,0.0,0,0,0,0,1,0,0,0,0,0,1,0,11.731924,41.0,1681.0,539.6329,0.0,3.1454446
188,317,99,134532.0,23.89,386.33,0.0,0.0,1.0,0.0,1.0,54.0,0.0,0,0,0,0,1,0,0,0,0,0,0,1,11.809557,45.0,2025.0,570.73206,0.0,3.17346
189,318,92,79800.0,0.39,63.5,0.0,0.0,1.0,0.0,1.0,65.0,0.0,0,0,0,0,1,0,0,0,0,1,0,0,11.287279,27.0,729.0,0.15209998,0.0,-0.94160855
190,318,95,92417.0,1.6,69.5,0.0,0.0,1.0,0.0,1.0,65.0,0.0,0,0,0,0,1,0,0,0,0,0,1,0,11.434066,30.0,900.0,2.5600002,0.0,0.47000363
191,318,99,104089.0,5.04,91.5,0.0,0.0,1.0,0.0,1.0,65.0,0.0,0,0,0,0,1,0,0,0,0,0,0,1,11.553001,34.0,1156.0,25.4016,0.0,1.6174061
192,319,92,51000.0,2.28,124.0,0.0,1.0,0.0,0.0,0.0,80.0,1.0,0,0,0,0,1,0,0,0,0,1,0,0,10.839581,12.0,144.0,5.1984,0.0,0.8241754
193,319,95,57933.0,10.87,189.0,0.0,1.0,0.0,0.0,0.0,80.0,1.0,0,0,0,0,1,0,0,0,0,0,1,0,10.967043,15.0,225.0,118.1569,0.0,2.3860066
194,319,99,66512.0,13.22,374.0,0.0,0.0,1.0,0.0,0.0,80.0,1.0,0,0,0,0,1,0,0,0,0,0,0,1,11.105138,19.0,361.0,174.7684,0.0,2.5817308
195,320,92,109700.0,0.0,0.0,0.0,0.0,1.0,0.0,0.0,55.0,0.0,0,0,0,0,1,0,0,0,0,1,0,0,11.605505,37.0,1369.0,0.0,1.0,
196,320,95,120300.0,0.0,0.0,0.0,0.0,1.0,0.0,0.0,55.0,0.0,0,0,0,0,1,0,0,0,0,0,1,0,11.697744,40.0,1600.0,0.0,1.0,
197,320,99,,0.0,0.0,,,,,0.0,55.0,0.0,0,0,0,0,1,0,0,0,0,0,0,1,,44.0,1936.0,0.0,1.0,
198,321,92,50500.0,16.64,61.5,0.0,1.0,0.0,0.0,0.0,81.0,0.0,0,0,0,0,1,0,0,0,0,1,0,0,10.829729,11.0,121.0,276.8896,0.0,2.8118093
199,321,95,60467.0,20.03,81.167,0.0,0.0,1.0,0.0,0.0,81.0,0.0,0,0,0,0,1,0,0,0,0,0,1,0,11.009853,14.0,196.0,401.20093,0.0,2.9972312
200,321,99,66491.0,20.93,90.833,0.0,0.0,1.0,0.0,0.0,81.0,0.0,0,0,0,0,1,0,0,0,0,0,0,1,11.104822,18.0,324.0,438.0649,0.0,3.0411835
201,322,92,52000.0,24.63,66.5,0.0,1.0,0.0,0.0,1.0,83.0,0.0,0,0,0,0,1,0,0,0,0,1,0,0,10.858999,9.0,81.0,606.63684,0.0,3.2039652
202,322,95,62668.0,27.09,84.167,0.0,0.0,1.0,0.0,1.0,83.0,0.0,0,0,0,0,1,0,0,0,0,0,1,0,11.045607,12.0,144.0,733.8681,0.0,3.2991648
203,322,99,73182.0,29.72,119.83,0.0,0.0,1.0,0.0,1.0,83.0,0.0,0,0,0,0,1,0,0,0,0,0,0,1,11.200705,16.0,256.0,883.2784,0.0,3.3918202
204,323,92,66400.0,24.99,99.0,0.0,0.0,1.0,0.0,1.0,76.0,0.0,0,0,0,0,1,0,0,0,0,1,0,0,11.103453,16.0,256.0,624.50006,0.0,3.2184758
205,323,95,99545.0,25.64,109.0,0.0,0.0,1.0,1.0,1.0,76.0,0.0,0,0,0,0,1,0,0,0,0,0,1,0,11.508365,19.0,361.0,657.40955,0.0,3.2441535
206,323,99,88063.0,28.37,126.83,0.0,0.0,1.0,0.0,1.0,76.0,0.0,0,0,0,0,1,0,0,0,0,0,0,1,11.385808,23.0,529.0,804.85693,0.0,3.3453324
207,324,92,72400.0,36.77,129.5,0.0,0.0,1.0,0.0,1.0,74.0,0.0,0,0,0,0,1,0,0,0,0,1,0,0,11.189961,18.0,324.0,1352.033,0.0,3.6046822
208,324,95,85067.0,37.39,139.0,0.0,0.0,1.0,0.0,1.0,74.0,0.0,0,0,0,0,1,0,0,0,0,0,1,0,11.351194,21.0,441.0,1398.0121,0.0,3.6214032
209,324,99,91443.0,37.62,150.0,0.0,0.0,1.0,0.0,1.0,74.0,0.0,0,0,0,0,1,0,0,0,0,0,0,1,11.423471,25.0,625.0,1415.2643,0.0,3.6275358
210,325,92,,0.0,0.0,0.0,0.0,0.0,,1.0,92.0,0.0,0,0,0,0,1,0,0,0,0,1,0,0,,0.0,0.0,0.0,1.0,
211,325,95,51921.0,3.46,21.67,1.0,0.0,0.0,0.0,1.0,92.0,0.0,0,0,0,0,1,0,0,0,0,0,1,0,10.857478,3.0,9.0,11.971601,0.0,1.2412686
212,325,99,57553.0,6.24,60.167,1.0,0.0,0.0,0.0,1.0,92.0,0.0,0,0,0,0,1,0,0,0,0,0,0,1,10.960462,7.0,49.0,38.937595,0.0,1.8309802
213,326,92,47000.0,24.06,57.67,0.0,1.0,0.0,0.0,0.0,70.0,0.0,0,0,0,0,1,0,0,0,0,1,0,0,10.757903,22.0,484.0,578.88354,0.0,3.1805506
214,326,95,52650.0,24.06,66.167,0.0,0.0,1.0,0.0,0.0,70.0,0.0,0,0,0,0,1,0,0,0,0,0,1,0,10.871422,25.0,625.0,578.88354,0.0,3.1805506
215,326,99,55562.0,24.11,69.5,0.0,0.0,1.0,0.0,0.0,70.0,0.0,0,0,0,0,1,0,0,0,0,0,0,1,10.925255,29.0,841.0,581.2921,0.0,3.1826267
216,327,92,,19.27,111.67,,,,,1.0,87.0,0.0,0,0,0,0,1,0,0,0,0,1,0,0,,5.0,25.0,371.33292,0.0,2.9585495
217,327,95,75000.0,42.92,278.83,0.0,0.0,0.0,0.0,1.0,87.0,0.0,0,0,0,0,1,0,0,0,0,0,1,0,11.225244,8.0,64.0,1842.1262,0.0,3.759338
218,327,99,97258.0,74.64,532.17,0.0,0.0,0.0,0.0,1.0,87.0,0.0,0,0,0,0,1,0,0,0,0,0,0,1,11.485123,12.0,144.0,5571.1294,0.0,4.3126764
219,328,92,52000.0,4.52,40.0,1.0,0.0,0.0,0.0,1.0,87.0,1.0,0,0,0,0,1,0,0,0,0,1,0,0,10.858999,5.0,25.0,20.430399,0.0,1.508512
220,328,95,63250.0,8.71,70.5,0.0,1.0,0.0,0.0,1.0,87.0,1.0,0,0,0,0,1,0,0,0,0,0,1,0,11.054851,8.0,64.0,75.8641,0.0,2.1644719
221,328,99,71139.0,16.87,108.5,0.0,1.0,0.0,0.0,1.0,87.0,1.0,0,0,0,0,1,0,0,0,0,0,0,1,11.172391,12.0,144.0,284.59692,0.0,2.825537
222,329,92,44000.0,5.28,48.0,1.0,0.0,0.0,0.0,1.0,85.0,1.0,0,0,0,0,1,0,0,0,0,1,0,0,10.691945,7.0,49.0,27.878403,0.0,1.6639261
223,329,95,57642.0,15.09,67.42,0.0,1.0,0.0,0.0,1.0,85.0,1.0,0,0,0,0,1,0,0,0,0,0,1,0,10.962007,10.0,100.0,227.7081,0.0,2.7140322
224,329,99,73557.0,19.45,106.92,0.0,0.0,1.0,0.0,1.0,85.0,1.0,0,0,0,0,1,0,0,0,0,0,0,1,11.205816,14.0,196.0,378.30252,0.0,2.967847
225,330,92,81000.0,22.96,858.5,0.0,0.0,1.0,0.0,1.0,57.0,0.0,0,0,0,0,1,0,0,0,0,1,0,0,11.302204,35.0,1225.0,527.16156,0.0,3.1337535
226,330,95,92083.0,26.13,1060.5,0.0,0.0,1.0,0.0,1.0,57.0,0.0,0,0,0,0,1,0,0,0,0,0,1,0,11.430446,38.0,1444.0,682.77686,0.0,3.263084
227,330,99,,27.49,1196.0,,,,,1.0,57.0,0.0,0,0,0,0,1,0,0,0,0,0,0,1,,42.0,1764.0,755.7001,0.0,3.3138223
228,331,92,107900.0,122.69,379.17,0.0,0.0,1.0,0.0,0.0,70.0,0.0,0,0,0,0,1,0,0,0,0,1,0,0,11.58896,22.0,484.0,15052.837,0.0,4.809661
229,331,95,121733.0,129.27,418.67,0.0,0.0,1.0,0.0,0.0,70.0,0.0,0,0,0,0,1,0,0,0,0,0,1,0,11.709585,25.0,625.0,16710.734,0.0,4.861903
230,331,99,140178.0,142.19,500.5,0.0,0.0,1.0,0.0,0.0,70.0,0.0,0,0,0,0,1,0,0,0,0,0,0,1,11.850668,29.0,841.0,20217.996,0.0,4.9571643
231,332,92,48000.0,28.45,73.0,0.0,1.0,0.0,0.0,1.0,85.0,0.0,0,0,0,0,1,0,0,0,0,1,0,0,10.778956,7.0,49.0,809.4025,0.0,3.348148
232,332,95,56717.0,29.17,80.67,0.0,1.0,0.0,0.0,1.0,85.0,0.0,0,0,0,0,1,0,0,0,0,0,1,0,10.945829,10.0,100.0,850.8889,0.0,3.3731408
233,332,99,71732.0,64.89,144.17,0.0,1.0,0.0,0.0,1.0,85.0,0.0,0,0,0,0,1,0,0,0,0,0,0,1,11.180693,14.0,196.0,4210.712,0.0,4.1726937
234,333,92,,31.27,214.0,,,,,0.0,81.0,0.0,0,0,0,0,1,0,0,0,0,1,0,0,,11.0,121.0,977.8129,0.0,3.4426591
235,333,95,85225.0,32.72,225.75,0.0,0.0,1.0,0.0,0.0,81.0,0.0,0,0,0,0,1,0,0,0,0,0,1,0,11.35305,14.0,196.0,1070.5985,0.0,3.4879866
236,333,99,95992.0,45.38,280.42,0.0,0.0,1.0,0.0,0.0,81.0,0.0,0,0,0,0,1,0,0,0,0,0,0,1,11.47202,18.0,324.0,2059.3445,0.0,3.8150716
237,334,92,,95.89,360.0,,,,,1.0,,0.0,0,0,0,0,1,0,0,0,0,1,0,0,,,,9194.892,0.0,4.563202
238,334,95,,98.15,388.0,,,,,1.0,,0.0,0,0,0,0,1,0,0,0,0,0,1,0,,,,9633.423,0.0,4.586497
239,334,99,130000.0,107.9,509.0,0.0,0.0,1.0,0.0,1.0,,0.0,0,0,0,0,1,0,0,0,0,0,0,1,11.77529,,,11642.41,0.0,4.681205
240,335,92,54750.0,35.65,93.5,0.0,1.0,0.0,0.0,1.0,81.0,0.0,0,0,0,0,1,0,0,0,0,1,0,0,10.910533,11.0,121.0,1270.9226,0.0,3.5737493
241,335,95,64292.0,36.5,104.0,0.0,0.0,1.0,0.0,1.0,81.0,0.0,0,0,0,0,1,0,0,0,0,0,1,0,11.071191,14.0,196.0,1332.25,0.0,3.5973122
242,335,99,71754.0,38.82,132.5,0.0,0.0,1.0,0.0,1.0,81.0,0.0,0,0,0,0,1,0,0,0,0,0,0,1,11.180999,18.0,324.0,1506.9924,0.0,3.6589355
243,336,92,55000.0,31.75,194.0,0.0,1.0,0.0,0.0,1.0,86.0,0.0,0,0,0,0,1,0,0,0,0,1,0,0,10.915089,6.0,36.0,1008.0625,0.0,3.4578927
244,336,95,76350.0,39.13,244.67,0.0,0.0,1.0,0.0,1.0,86.0,0.0,0,0,0,0,1,0,0,0,0,0,1,0,11.243083,9.0,81.0,1531.157,0.0,3.6668894
245,336,99,102345.0,51.34,308.67,0.0,0.0,1.0,0.0,1.0,86.0,0.0,0,0,0,0,1,0,0,0,0,0,0,1,11.536105,13.0,169.0,2635.7957,0.0,3.9384701
246,401,92,82764.0,1.73,44.5,,,,0.0,0.0,86.0,0.0,1,0,0,0,0,0,0,0,0,1,0,0,11.323749,6.0,36.0,2.9929001,0.0,0.5481214
247,401,95,42648.0,1.73,49.0,,,,0.0,0.0,86.0,0.0,1,0,0,0,0,0,0,0,0,0,1,0,10.660736,9.0,81.0,2.9929001,0.0,0.5481214
248,401,99,54283.0,1.99,56.0,0.0,1.0,0.0,0.0,0.0,86.0,0.0,1,0,0,0,0,0,0,0,0,0,0,1,10.901966,13.0,169.0,3.9601,0.0,0.6881347
249,402,92,51408.0,2.72,76.5,,,,0.0,0.0,72.0,0.0,1,0,0,0,0,0,0,0,0,1,0,0,10.847549,20.0,400.0,7.3984003,0.0,1.0006319
250,402,95,53268.0,2.72,76.5,,,,0.0,0.0,72.0,0.0,1,0,0,0,0,0,0,0,0,0,1,0,10.883091,23.0,529.0,7.3984003,0.0,1.0006319
251,402,99,54336.0,2.72,76.5,0.0,1.0,0.0,0.0,0.0,72.0,0.0,1,0,0,0,0,0,0,0,0,0,0,1,10.902943,27.0,729.0,7.3984003,0.0,1.0006319
252,403,92,78492.0,85.57,184.33,0.0,1.0,0.0,0.0,1.0,82.0,0.0,1,0,0,0,0,0,0,0,0,1,0,0,11.270752,10.0,100.0,7322.2246,0.0,4.4493346
253,403,95,118728.0,96.05,251.17,0.0,0.0,1.0,0.0,1.0,82.0,0.0,1,0,0,0,0,0,0,0,0,0,1,0,11.68459,13.0,169.0,9225.604,0.0,4.564869
254,403,99,134544.0,102.54,351.17,0.0,0.0,1.0,0.0,1.0,82.0,0.0,1,0,0,0,0,0,0,0,0,0,0,1,11.809647,17.0,289.0,10514.452,0.0,4.630253
255,404,92,72192.0,67.05,82.5,,,,0.0,1.0,78.0,0.0,1,0,0,0,0,0,0,0,0,1,0,0,11.187084,14.0,196.0,4495.703,0.0,4.2054386
256,404,95,82476.0,67.05,82.5,,,,0.0,1.0,78.0,0.0,1,0,0,0,0,0,0,0,0,0,1,0,11.320263,17.0,289.0,4495.703,0.0,4.2054386
257,404,99,87948.0,67.96,87.0,0.0,0.0,1.0,0.0,1.0,78.0,0.0,1,0,0,0,0,0,0,0,0,0,0,1,11.384501,21.0,441.0,4618.5615,0.0,4.2189193
258,405,92,72192.0,23.06,91.5,0.0,0.0,1.0,0.0,1.0,74.0,1.0,1,0,0,0,0,0,0,0,0,1,0,0,11.187084,18.0,324.0,531.76355,0.0,3.1380994
259,405,95,81960.0,24.62,97.5,0.0,0.0,1.0,0.0,1.0,74.0,1.0,1,0,0,0,0,0,0,0,0,0,1,0,11.313987,21.0,441.0,606.1445,0.0,3.2035592
260,405,99,98064.0,27.21,111.0,0.0,0.0,1.0,0.0,1.0,74.0,1.0,1,0,0,0,0,0,0,0,0,0,0,1,11.493376,25.0,625.0,740.38403,0.0,3.3035846
261,406,92,69204.0,95.54,322.0,0.0,0.0,1.0,0.0,1.0,76.0,0.0,1,0,0,0,0,0,0,0,0,1,0,0,11.144814,16.0,256.0,9127.892,0.0,4.559545
262,406,95,97020.0,98.53,359.0,0.0,0.0,1.0,0.0,1.0,76.0,0.0,1,0,0,0,0,0,0,0,0,0,1,0,11.482673,19.0,361.0,9708.161,0.0,4.590361
263,406,99,117060.0,106.3,472.0,0.0,0.0,1.0,0.0,1.0,76.0,0.0,1,0,0,0,0,0,0,0,0,0,0,1,11.670442,23.0,529.0,11299.69,0.0,4.6662655
264,407,92,,13.69,79.5,1.0,0.0,0.0,0.0,1.0,85.0,0.0,1,0,0,0,0,0,0,0,0,1,0,0,,7.0,49.0,187.41609,0.0,2.6166656
265,407,95,61680.0,17.17,121.5,0.0,1.0,0.0,0.0,1.0,85.0,0.0,1,0,0,0,0,0,0,0,0,0,1,0,11.029715,10.0,100.0,294.8089,0.0,2.8431637
266,407,99,74364.0,21.96,183.5,0.0,1.0,0.0,0.0,1.0,85.0,0.0,1,0,0,0,0,0,0,0,0,0,0,1,11.216727,14.0,196.0,482.24155,0.0,3.0892227
267,408,92,69420.0,34.39,127.08,0.0,0.0,1.0,0.0,1.0,61.0,0.0,1,0,0,0,0,0,0,0,0,1,0,0,11.14793,31.0,961.0,1182.672,0.0,3.5377657
268,408,95,73896.0,34.39,127.08,0.0,0.0,1.0,0.0,1.0,61.0,0.0,1,0,0,0,0,0,0,0,0,0,1,0,11.210414,34.0,1156.0,1182.672,0.0,3.5377657
269,408,99,81972.0,35.32,159.25,0.0,0.0,1.0,0.0,1.0,61.0,0.0,1,0,0,0,0,0,0,0,0,0,0,1,11.314133,38.0,1444.0,1247.5023,0.0,3.5644493
270,409,92,,0.0,0.0,,,,0.0,1.0,93.0,1.0,1,0,0,0,0,0,0,0,0,1,0,0,,0.0,0.0,0.0,1.0,
271,409,95,53232.0,0.0,0.0,1.0,0.0,0.0,0.0,1.0,93.0,1.0,1,0,0,0,0,0,0,0,0,0,1,0,10.882415,2.0,4.0,0.0,1.0,
272,409,99,60288.0,5.32,69.0,1.0,0.0,0.0,0.0,1.0,93.0,1.0,1,0,0,0,0,0,0,0,0,0,0,1,11.006888,6.0,36.0,28.302402,0.0,1.6714734
273,410,92,84707.0,0.81,4.0,,,,0.0,,,0.0,1,0,0,0,0,0,0,0,0,1,0,0,11.346953,,,0.6561,0.0,-0.21072103
274,410,95,90085.0,0.81,4.0,,,,0.0,,,0.0,1,0,0,0,0,0,0,0,0,0,1,0,11.408509,,,0.6561,0.0,-0.21072103
275,410,99,96817.0,1.9,11.0,0.0,0.0,1.0,0.0,,,0.0,1,0,0,0,0,0,0,0,0,0,0,1,11.480577,,,3.61,0.0,0.64185387
276,411,92,92376.0,63.18,171.5,0.0,0.0,1.0,1.0,1.0,71.0,0.0,1,0,0,0,0,0,0,0,0,1,0,0,11.433622,21.0,441.0,3991.7124,0.0,4.145988
277,411,95,102072.0,63.18,192.5,0.0,0.0,1.0,1.0,1.0,71.0,0.0,1,0,0,0,0,0,0,0,0,0,1,0,11.533434,24.0,576.0,3991.7124,0.0,4.145988
278,411,99,114192.0,63.18,192.5,0.0,0.0,1.0,1.0,1.0,71.0,0.0,1,0,0,0,0,0,0,0,0,0,0,1,11.645637,28.0,784.0,3991.7124,0.0,4.145988
279,412,92,107568.0,9.7,208.33,,,,1.0,1.0,78.0,0.0,1,0,0,0,0,0,0,0,0,1,0,0,11.585878,14.0,196.0,94.09,0.0,2.272126
280,412,95,136428.0,11.52,245.08,,,,1.0,1.0,78.0,0.0,1,0,0,0,0,0,0,0,0,0,1,0,11.823552,17.0,289.0,132.7104,0.0,2.4440846
281,412,99,160296.0,14.4,326.75,0.0,0.0,1.0,1.0,1.0,78.0,0.0,1,0,0,0,0,0,0,0,0,0,0,1,11.984777,21.0,441.0,207.35999,0.0,2.6672282
282,413,92,,143.1,327.5,,,,0.0,1.0,73.0,0.0,1,0,0,0,0,0,0,0,0,1,0,0,,19.0,361.0,20477.611,0.0,4.963544
283,413,95,,148.31,362.0,,,,0.0,1.0,73.0,0.0,1,0,0,0,0,0,0,0,0,0,1,0,,22.0,484.0,21995.855,0.0,4.999305
284,413,99,181104.0,160.22,422.0,0.0,0.0,1.0,0.0,1.0,73.0,0.0,1,0,0,0,0,0,0,0,0,0,0,1,12.106827,26.0,676.0,25670.45,0.0,5.076548
285,414,92,80628.0,35.37,171.5,,,,0.0,1.0,74.0,0.0,1,0,0,0,0,0,0,0,0,1,0,0,11.297602,18.0,324.0,1251.0369,0.0,3.565864
286,414,95,88572.0,35.66,203.5,,,,0.0,1.0,74.0,0.0,1,0,0,0,0,0,0,0,0,0,1,0,11.391571,21.0,441.0,1271.6356,0.0,3.5740297
287,414,99,91056.0,36.37,223.5,0.0,0.0,1.0,0.0,1.0,74.0,0.0,1,0,0,0,0,0,0,0,0,0,0,1,11.4192295,25.0,625.0,1322.7769,0.0,3.5937443
288,415,92,47892.0,28.14,75.0,,,,0.0,1.0,86.0,0.0,1,0,0,0,0,0,0,0,0,1,0,0,10.776704,6.0,36.0,791.85956,0.0,3.337192
289,415,95,56304.0,34.63,98.3,,,,0.0,1.0,86.0,0.0,1,0,0,0,0,0,0,0,0,0,1,0,10.93852,9.0,81.0,1199.2369,0.0,3.5447204
290,415,99,58296.0,34.63,98.3,0.0,0.0,0.0,0.0,1.0,86.0,0.0,1,0,0,0,0,0,0,0,0,0,0,1,10.973289,13.0,169.0,1199.2369,0.0,3.5447204
291,416,92,,5.15,35.0,,,,0.0,1.0,87.0,1.0,1,0,0,0,0,0,0,0,0,1,0,0,,5.0,25.0,26.522501,0.0,1.6389967
292,416,95,71352.0,10.37,109.0,,,,0.0,1.0,87.0,1.0,1,0,0,0,0,0,0,0,0,0,1,0,11.175381,8.0,64.0,107.536896,0.0,2.338917
293,416,99,62640.0,12.64,148.5,1.0,0.0,0.0,0.0,1.0,87.0,1.0,1,0,0,0,0,0,0,0,0,0,0,1,11.045159,12.0,144.0,159.7696,0.0,2.5368664
294,417,92,56352.0,28.6,121.5,0.0,1.0,0.0,0.0,1.0,83.0,0.0,1,0,0,0,0,0,0,0,0,1,0,0,10.939373,9.0,81.0,817.96,0.0,3.3534067
295,417,95,94764.0,52.58,158.17,0.0,1.0,0.0,0.0,1.0,83.0,0.0,1,0,0,0,0,0,0,0,0,0,1,0,11.459145,12.0,144.0,2764.6565,0.0,3.9623358
296,417,99,110736.0,59.71,235.92,0.0,0.0,1.0,0.0,1.0,83.0,0.0,1,0,0,0,0,0,0,0,0,0,0,1,11.614904,16.0,256.0,3565.284,0.0,4.0894995
297,418,92,83604.0,59.11,251.67,0.0,0.0,1.0,1.0,1.0,75.0,0.0,1,0,0,0,0,0,0,0,0,1,0,0,11.333847,17.0,289.0,3493.9922,0.0,4.0794
298,418,95,91032.0,64.18,345.67,0.0,0.0,1.0,1.0,1.0,75.0,0.0,1,0,0,0,0,0,0,0,0,0,1,0,11.418966,20.0,400.0,4119.0723,0.0,4.1616917
299,418,99,110712.0,76.33,400.0,0.0,0.0,1.0,1.0,1.0,75.0,0.0,1,0,0,0,0,0,0,0,0,0,0,1,11.614688,24.0,576.0,5826.269,0.0,4.335066
300,419,92,66936.0,69.57,208.0,,,,0.0,0.0,77.0,0.0,1,0,0,0,0,0,0,0,0,1,0,0,11.111492,15.0,225.0,4839.985,0.0,4.2423334
301,419,95,69612.0,69.57,221.0,0.0,0.0,1.0,0.0,0.0,77.0,0.0,1,0,0,0,0,0,0,0,0,0,1,0,11.150692,18.0,324.0,4839.985,0.0,4.2423334
302,419,99,73704.0,70.07,261.5,0.0,0.0,1.0,0.0,0.0,77.0,0.0,1,0,0,0,0,0,0,0,0,0,0,1,11.207812,22.0,484.0,4909.8047,0.0,4.2494946
303,420,92,67092.0,50.66,270.0,0.0,0.0,1.0,0.0,1.0,73.0,0.0,1,0,0,0,0,0,0,0,0,1,0,0,11.11382,19.0,361.0,2566.4355,0.0,3.9251366
304,420,95,70740.0,59.93,296.0,0.0,0.0,1.0,0.0,1.0,73.0,0.0,1,0,0,0,0,0,0,0,0,0,1,0,11.166766,22.0,484.0,3591.605,0.0,4.0931773
305,420,99,100916.0,61.1,327.5,0.0,0.0,1.0,0.0,1.0,73.0,0.0,1,0,0,0,0,0,0,0,0,0,0,1,11.522044,26.0,676.0,3733.2097,0.0,4.1125116
306,421,92,75300.0,57.03,119.0,,,,0.0,1.0,77.0,0.0,1,0,0,0,0,0,0,0,0,1,0,0,11.229236,15.0,225.0,3252.4207,0.0,4.043577
307,421,95,80100.0,57.76,146.0,,,,1.0,1.0,77.0,0.0,1,0,0,0,0,0,0,0,0,0,1,0,11.291031,18.0,324.0,3336.2173,0.0,4.0562963
308,421,99,81000.0,57.76,146.0,0.0,0.0,1.0,1.0,1.0,77.0,0.0,1,0,0,0,0,0,0,0,0,0,0,1,11.302204,22.0,484.0,3336.2173,0.0,4.0562963
309,422,92,52320.0,35.93,185.0,,,,1.0,1.0,74.0,0.0,1,0,0,0,0,0,0,0,0,1,0,0,10.865134,18.0,324.0,1290.965,0.0,3.5815725
310,422,95,56700.0,36.55,196.0,,,,0.0,1.0,74.0,0.0,1,0,0,0,0,0,0,0,0,0,1,0,10.94553,21.0,441.0,1335.9025,0.0,3.5986812
311,422,99,58404.0,36.55,196.0,0.0,1.0,0.0,0.0,1.0,74.0,0.0,1,0,0,0,0,0,0,0,0,0,0,1,10.97514,25.0,625.0,1335.9025,0.0,3.5986812
312,423,92,,15.92,43.0,1.0,0.0,0.0,0.0,1.0,88.0,0.0,1,0,0,0,0,0,0,0,0,1,0,0,,4.0,16.0,253.4464,0.0,2.7675762
313,423,95,65472.0,16.23,70.0,1.0,0.0,0.0,0.0,1.0,88.0,0.0,1,0,0,0,0,0,0,0,0,0,1,0,11.089377,7.0,49.0,263.41287,0.0,2.7868614
314,423,99,80508.0,33.44,155.33,0.0,1.0,0.0,0.0,1.0,88.0,0.0,1,0,0,0,0,0,0,0,0,0,0,1,11.296112,11.0,121.0,1118.2335,0.0,3.5097528
315,424,92,86975.0,47.35,143.5,,,,0.0,1.0,77.0,0.0,1,0,0,0,0,0,0,0,0,1,0,0,11.373376,15.0,225.0,2242.0225,0.0,3.8575668
316,424,95,96876.0,54.32,184.5,,,,0.0,1.0,77.0,0.0,1,0,0,0,0,0,0,0,0,0,1,0,11.481187,18.0,324.0,2950.6624,0.0,3.9948924
317,424,99,108060.0,54.32,184.5,0.0,0.0,1.0,0.0,1.0,77.0,0.0,1,0,0,0,0,0,0,0,0,0,0,1,11.590442,22.0,484.0,2950.6624,0.0,3.9948924
318,425,92,,19.42,117.17,,,,0.0,1.0,85.0,0.0,1,0,0,0,0,0,0,0,0,1,0,0,,7.0,49.0,377.1364,0.0,2.9663033
319,425,95,78420.0,22.03,145.67,,,,0.0,1.0,85.0,0.0,1,0,0,0,0,0,0,0,0,0,1,0,11.2698345,10.0,100.0,485.32092,0.0,3.092405
320,425,99,106020.0,41.36,213.0,0.0,0.0,0.0,0.0,1.0,85.0,0.0,1,0,0,0,0,0,0,0,0,0,0,1,11.571383,14.0,196.0,1710.6497,0.0,3.7223144
321,426,92,130140.0,59.31,234.0,,,,0.0,1.0,71.0,0.0,1,0,0,0,0,0,0,0,0,1,0,0,11.776366,21.0,441.0,3517.6763,0.0,4.082778
322,426,95,157008.0,61.85,284.0,,,,0.0,1.0,71.0,0.0,1,0,0,0,0,0,0,0,0,0,1,0,11.964052,24.0,576.0,3825.4224,0.0,4.124712
323,426,99,177504.0,61.85,284.0,0.0,0.0,1.0,0.0,1.0,71.0,0.0,1,0,0,0,0,0,0,0,0,0,0,1,12.086748,28.0,784.0,3825.4224,0.0,4.124712
324,427,92,56040.0,7.36,52.0,,,,0.0,1.0,80.0,1.0,1,0,0,0,0,0,0,0,0,1,0,0,10.933821,12.0,144.0,54.1696,0.0,1.9960599
325,427,95,60012.0,8.5,73.5,,,,0.0,1.0,80.0,1.0,1,0,0,0,0,0,0,0,0,0,1,0,11.0023,15.0,225.0,72.25,0.0,2.1400661
326,427,99,63612.0,9.07,81.0,0.0,0.0,0.0,0.0,1.0,80.0,1.0,1,0,0,0,0,0,0,0,0,0,0,1,11.060557,19.0,361.0,82.26489,0.0,2.2049723
327,428,92,59376.0,98.84,168.17,,,,0.0,0.0,69.0,0.0,1,0,0,0,0,0,0,0,0,1,0,0,10.991646,23.0,529.0,9769.345,0.0,4.5935025
328,428,95,67296.0,116.14,239.67,,,,0.0,0.0,69.0,0.0,1,0,0,0,0,0,0,0,0,0,1,0,11.116856,26.0,676.0,13488.499,0.0,4.7547965
329,428,99,73884.0,119.53,276.33,0.0,0.0,1.0,0.0,0.0,69.0,0.0,1,0,0,0,0,0,0,0,0,0,0,1,11.210252,30.0,900.0,14287.421,0.0,4.7835674
330,429,92,64152.0,14.55,452.25,,,,0.0,1.0,77.0,0.0,1,0,0,0,0,0,0,0,0,1,0,0,11.069011,15.0,225.0,211.7025,0.0,2.677591
331,429,95,94500.0,21.01,512.25,,,,0.0,1.0,77.0,0.0,1,0,0,0,0,0,0,0,0,0,1,0,11.456355,18.0,324.0,441.4201,0.0,3.0449984
332,429,99,116016.0,23.02,635.75,0.0,0.0,1.0,0.0,1.0,77.0,0.0,1,0,0,0,0,0,0,0,0,0,0,1,11.661484,22.0,484.0,529.9204,0.0,3.1363635
333,430,92,,0.0,0.0,,,,0.0,1.0,96.0,0.0,1,0,0,0,0,0,0,0,0,1,0,0,,0.0,0.0,0.0,1.0,
334,430,95,,0.0,0.0,,,,0.0,1.0,96.0,0.0,1,0,0,0,0,0,0,0,0,0,1,0,,0.0,0.0,0.0,1.0,
335,430,99,59136.0,0.0,0.0,1.0,0.0,0.0,0.0,1.0,96.0,0.0,1,0,0,0,0,0,0,0,0,0,0,1,10.987596,3.0,9.0,0.0,1.0,
336,431,92,,1.24,37.0,,,,0.0,1.0,92.0,0.0,1,0,0,0,0,0,0,0,0,1,0,0,,0.0,0.0,1.5376,0.0,0.21511139
337,431,95,51516.0,1.54,44.0,1.0,0.0,0.0,0.0,1.0,92.0,0.0,1,0,0,0,0,0,0,0,0,0,1,0,10.8496475,3.0,9.0,2.3716,0.0,0.4317824
338,431,99,58244.0,5.18,131.0,1.0,0.0,0.0,0.0,1.0,92.0,0.0,1,0,0,0,0,0,0,0,0,0,0,1,10.972396,7.0,49.0,26.832397,0.0,1.6448051
339,501,92,,10.64,143.5,0.0,0.0,1.0,0.0,0.0,84.0,0.0,0,0,0,1,0,0,0,0,0,1,0,0,,8.0,64.0,113.20961,0.0,2.3646204
340,501,95,72724.0,11.34,182.33,0.0,0.0,1.0,0.0,0.0,84.0,0.0,0,0,0,1,0,0,0,0,0,0,1,0,11.194427,11.0,121.0,128.5956,0.0,2.4283364
341,501,99,73993.0,12.37,200.833,0.0,0.0,1.0,0.0,0.0,84.0,0.0,0,0,0,1,0,0,0,0,0,0,0,1,11.211726,15.0,225.0,153.01689,0.0,2.5152743
342,502,92,78270.0,70.13,223.333,0.0,0.0,1.0,1.0,1.0,78.0,0.0,0,0,0,1,0,0,0,0,0,1,0,0,11.26792,14.0,196.0,4918.2163,0.0,4.2503505
343,502,95,86142.0,81.59,259.33,0.0,0.0,1.0,1.0,1.0,78.0,0.0,0,0,0,1,0,0,0,0,0,0,1,0,11.363752,17.0,289.0,6656.9277,0.0,4.4017067
344,502,99,94401.0,85.52,282.33,0.0,0.0,1.0,1.0,1.0,78.0,0.0,0,0,0,1,0,0,0,0,0,0,0,1,11.455307,21.0,441.0,7313.67,0.0,4.44875
345,503,92,51250.0,27.33,54.0,,,,0.0,1.0,85.0,0.0,0,0,0,1,0,0,0,0,0,1,0,0,10.844471,7.0,49.0,746.9289,0.0,3.307985
346,503,95,56435.0,27.33,54.0,,,,0.0,1.0,85.0,0.0,0,0,0,1,0,0,0,0,0,0,1,0,10.940845,10.0,100.0,746.9289,0.0,3.307985
347,503,99,63961.0,28.18,62.0,0.0,1.0,0.0,0.0,1.0,85.0,0.0,0,0,0,1,0,0,0,0,0,0,0,1,11.066029,14.0,196.0,794.1124,0.0,3.3386126
348,504,92,60000.0,30.26,300.5,,,,1.0,1.0,82.0,0.0,0,0,0,1,0,0,0,0,0,1,0,0,11.0021,10.0,100.0,915.6676,0.0,3.4098268
349,504,95,66412.0,37.74,400.5,,,,1.0,1.0,82.0,0.0,0,0,0,1,0,0,0,0,0,0,1,0,11.103633,13.0,169.0,1424.3077,0.0,3.6307206
350,504,99,74659.0,48.18,489.5,0.0,1.0,0.0,1.0,1.0,82.0,0.0,0,0,0,1,0,0,0,0,0,0,0,1,11.220686,17.0,289.0,2321.3125,0.0,3.874944
351,505,92,48500.0,1.24,30.0,0.0,1.0,0.0,0.0,1.0,77.0,1.0,0,0,0,1,0,0,0,0,0,1,0,0,10.789319,15.0,225.0,1.5376,0.0,0.21511139
352,505,95,51232.0,2.14,41.0,0.0,1.0,0.0,0.0,1.0,77.0,1.0,0,0,0,1,0,0,0,0,0,0,1,0,10.84412,18.0,324.0,4.5796003,0.0,0.7608059
353,505,99,55172.0,2.14,41.0,0.0,1.0,0.0,0.0,1.0,77.0,1.0,0,0,0,1,0,0,0,0,0,0,0,1,10.918211,22.0,484.0,4.5796003,0.0,0.7608059
354,506,92,97200.0,82.4,745.33,0.0,0.0,1.0,0.0,1.0,66.0,0.0,0,0,0,1,0,0,0,0,0,1,0,0,11.484526,26.0,676.0,6789.7603,0.0,4.4115853
355,506,95,104613.0,83.44,841.33,0.0,0.0,1.0,0.0,1.0,66.0,0.0,0,0,0,1,0,0,0,0,0,0,1,0,11.558023,29.0,841.0,6962.234,0.0,4.424128
356,506,99,110552.0,85.14,968.333,0.0,0.0,1.0,0.0,1.0,66.0,0.0,0,0,0,1,0,0,0,0,0,0,0,1,11.613241,33.0,1089.0,7248.8193,0.0,4.444297
357,507,92,78950.0,29.62,138.833,0.0,0.0,1.0,0.0,1.0,75.0,0.0,0,0,0,1,0,0,0,0,0,1,0,0,11.27657,17.0,289.0,877.3444,0.0,3.38845
358,507,95,86747.0,31.38,148.833,0.0,0.0,1.0,0.0,1.0,75.0,0.0,0,0,0,1,0,0,0,0,0,0,1,0,11.370751,20.0,400.0,984.70435,0.0,3.4461708
359,507,99,95206.0,32.65,179.667,0.0,0.0,1.0,0.0,1.0,75.0,0.0,0,0,0,1,0,0,0,0,0,0,0,1,11.4637985,24.0,576.0,1066.0226,0.0,3.4858449
360,508,92,64400.0,27.12,119.333,0.0,0.0,1.0,0.0,0.0,78.0,0.0,0,0,0,1,0,0,0,0,0,1,0,0,11.072869,14.0,196.0,735.49445,0.0,3.3002715
361,508,95,80086.0,30.6,162.17,0.0,0.0,1.0,0.0,0.0,78.0,0.0,0,0,0,1,0,0,0,0,0,0,1,0,11.290856,17.0,289.0,936.36005,0.0,3.421
362,508,99,90769.0,31.33,189.83,0.0,0.0,1.0,0.0,0.0,78.0,0.0,0,0,0,1,0,0,0,0,0,0,0,1,11.416073,21.0,441.0,981.5689,0.0,3.444576
363,509,92,46300.0,0.62,6.0,,,,0.0,0.0,85.0,0.0,0,0,0,1,0,0,0,0,0,1,0,0,10.742897,7.0,49.0,0.3844,0.0,-0.4780358
364,509,95,49360.0,0.98,9.5,,,,0.0,0.0,85.0,0.0,0,0,0,1,0,0,0,0,0,0,1,0,10.806895,10.0,100.0,0.96040004,0.0,-0.020202687
365,509,99,57253.0,7.78,113.5,0.0,1.0,0.0,0.0,0.0,85.0,0.0,0,0,0,1,0,0,0,0,0,0,0,1,10.9552355,14.0,196.0,60.528404,0.0,2.0515563
366,510,92,53740.0,6.44,77.0,0.0,0.0,1.0,0.0,,,0.0,0,0,0,1,0,0,0,0,0,1,0,0,10.891912,,,41.473602,0.0,1.8625286
367,510,95,62825.0,6.44,92.0,0.0,0.0,1.0,0.0,,,0.0,0,0,0,1,0,0,0,0,0,0,1,0,11.048108,,,41.473602,0.0,1.8625286
368,510,99,,6.44,92.0,0.0,0.0,1.0,0.0,,,0.0,0,0,0,1,0,0,0,0,0,0,0,1,,,,41.473602,0.0,1.8625286
369,511,92,59287.0,2.73,149.0,0.0,0.0,1.0,0.0,,,0.0,0,0,0,1,0,0,0,0,0,1,0,0,10.990146,,,7.4529,0.0,1.0043017
370,511,95,61487.0,2.73,156.0,0.0,0.0,1.0,0.0,,,0.0,0,0,0,1,0,0,0,0,0,0,1,0,11.026581,,,7.4529,0.0,1.0043017
371,511,99,,2.73,156.0,0.0,0.0,1.0,0.0,,,0.0,0,0,0,1,0,0,0,0,0,0,0,1,,,,7.4529,0.0,1.0043017
372,512,92,,6.72,32.5,,,,0.0,1.0,89.0,0.0,0,0,0,1,0,0,0,0,0,1,0,0,,3.0,9.0,45.158398,0.0,1.9050881
373,512,95,,14.53,50.0,1.0,0.0,0.0,0.0,1.0,89.0,0.0,0,0,0,1,0,0,0,0,0,0,1,0,,6.0,36.0,211.1209,0.0,2.6762154
374,512,99,75000.0,18.2,92.5,1.0,0.0,0.0,0.0,1.0,89.0,0.0,0,0,0,1,0,0,0,0,0,0,0,1,11.225244,10.0,100.0,331.24002,0.0,2.9014215
375,513,92,,0.0,2.5,,,,0.0,1.0,93.0,0.0,0,0,0,1,0,0,0,0,0,1,0,0,,0.0,0.0,0.0,1.0,
376,513,95,,0.0,2.5,,,,0.0,1.0,93.0,0.0,0,0,0,1,0,0,0,0,0,0,1,0,,2.0,4.0,0.0,1.0,
377,513,99,,0.26,2.5,1.0,0.0,0.0,0.0,1.0,93.0,0.0,0,0,0,1,0,0,0,0,0,0,0,1,,6.0,36.0,0.0676,0.0,-1.3470737
378,514,92,57500.0,2.55,92.5,0.0,0.0,1.0,0.0,,,0.0,0,0,0,1,0,0,0,0,0,1,0,0,10.95954,,,6.5024996,0.0,0.93609333
379,514,95,,2.55,116.5,0.0,0.0,1.0,0.0,,,0.0,0,0,0,1,0,0,0,0,0,0,1,0,,,,6.5024996,0.0,0.93609333
380,514,99,,2.55,139.5,0.0,0.0,1.0,0.0,,,0.0,0,0,0,1,0,0,0,0,0,0,0,1,,,,6.5024996,0.0,0.93609333
381,515,92,68230.0,7.0,20.0,0.0,0.0,1.0,0.0,,,0.0,0,0,0,1,0,0,0,0,0,1,0,0,11.13064,,,49.0,0.0,1.9459101
382,515,95,70430.0,7.0,20.0,0.0,0.0,1.0,0.0,,,0.0,0,0,0,1,0,0,0,0,0,0,1,0,11.1623745,,,49.0,0.0,1.9459101
383,515,99,,7.0,20.0,0.0,0.0,1.0,0.0,,,0.0,0,0,0,1,0,0,0,0,0,0,0,1,,,,49.0,0.0,1.9459101
384,516,92,83845.0,18.5,84.667,0.0,0.0,1.0,0.0,,,0.0,0,0,0,1,0,0,0,0,0,1,0,0,11.336725,,,342.25,0.0,2.9177706
385,516,95,87900.0,20.5,86.667,0.0,0.0,1.0,0.0,,,0.0,0,0,0,1,0,0,0,0,0,0,1,0,11.383955,,,420.25,0.0,3.0204248
386,516,99,,23.0,89.167,0.0,0.0,1.0,0.0,,,0.0,0,0,0,1,0,0,0,0,0,0,0,1,,,,529.0,0.0,3.1354942
387,517,92,94000.0,18.5,134.5,0.0,0.0,1.0,0.0,0.0,70.0,0.0,0,0,0,1,0,0,0,0,0,1,0,0,11.45105,22.0,484.0,342.25,0.0,2.9177706
388,517,95,101386.0,21.77,169.5,0.0,0.0,1.0,0.0,0.0,70.0,0.0,0,0,0,1,0,0,0,0,0,0,1,0,11.5266905,25.0,625.0,473.93292,0.0,3.0805328
389,517,99,108500.0,23.13,203.67,0.0,0.0,1.0,0.0,0.0,70.0,0.0,0,0,0,1,0,0,0,0,0,0,0,1,11.594505,29.0,841.0,534.9969,0.0,3.1411304
390,518,92,68230.0,27.59,83.0,0.0,0.0,1.0,0.0,,,0.0,0,0,0,1,0,0,0,0,0,1,0,0,11.13064,,,761.2081,0.0,3.3174534
391,518,95,,27.59,83.0,0.0,0.0,1.0,0.0,,,0.0,0,0,0,1,0,0,0,0,0,0,1,0,,,,761.2081,0.0,3.3174534
392,518,99,,27.59,83.0,0.0,0.0,1.0,0.0,,,0.0,0,0,0,1,0,0,0,0,0,0,0,1,,,,761.2081,0.0,3.3174534
393,519,92,79150.0,40.32,154.5,0.0,0.0,1.0,0.0,0.0,73.0,0.0,0,0,0,1,0,0,0,0,0,1,0,0,11.2791,19.0,361.0,1625.7024,0.0,3.6968477
394,519,95,86142.0,42.81,167.0,0.0,0.0,1.0,0.0,0.0,73.0,0.0,0,0,0,1,0,0,0,0,0,0,1,0,11.363752,22.0,484.0,1832.6962,0.0,3.7567718
395,519,99,94401.0,72.58,237.33,0.0,0.0,1.0,0.0,0.0,73.0,0.0,0,0,0,1,0,0,0,0,0,0,0,1,11.455307,26.0,676.0,5267.8564,0.0,4.2846894
396,520,92,52883.0,13.14,97.5,0.0,1.0,0.0,0.0,1.0,75.0,0.0,0,0,0,1,0,0,0,0,0,1,0,0,10.875837,17.0,289.0,172.6596,0.0,2.575661
397,520,95,55368.0,13.14,97.5,0.0,1.0,0.0,0.0,1.0,75.0,0.0,0,0,0,1,0,0,0,0,0,0,1,0,10.921757,20.0,400.0,172.6596,0.0,2.575661
398,520,99,58294.0,13.14,104.5,0.0,1.0,0.0,0.0,1.0,75.0,0.0,0,0,0,1,0,0,0,0,0,0,0,1,10.973254,24.0,576.0,172.6596,0.0,2.575661
399,601,92,65009.0,92.27,376.5,0.0,0.0,1.0,,1.0,78.0,0.0,0,0,0,0,0,1,0,0,0,1,0,0,11.082281,14.0,196.0,8513.752,0.0,4.524719
400,601,95,184752.0,94.72,433.5,0.0,0.0,1.0,0.0,1.0,78.0,0.0,0,0,0,0,0,1,0,0,0,0,1,0,12.12677,17.0,289.0,8971.879,0.0,4.5509253
401,601,99,164265.0,94.88,439.5,0.0,0.0,1.0,0.0,1.0,78.0,0.0,0,0,0,0,0,1,0,0,0,0,0,1,12.009236,21.0,441.0,9002.214,0.0,4.552613
402,602,92,,43.41,81.167,,,,,0.0,81.0,0.0,0,0,0,0,0,1,0,0,0,1,0,0,,11.0,121.0,1884.4281,0.0,3.7706897
403,602,95,147852.0,60.64,130.67,0.0,0.0,1.0,0.0,0.0,81.0,0.0,0,0,0,0,0,1,0,0,0,0,1,0,11.903967,14.0,196.0,3677.2095,0.0,4.1049547
404,602,99,189631.0,72.01,158.67,0.0,0.0,1.0,0.0,0.0,81.0,0.0,0,0,0,0,0,1,0,0,0,0,0,1,12.152835,18.0,324.0,5185.4404,0.0,4.276805
405,603,92,131166.0,94.47,296.0,0.0,0.0,1.0,,1.0,51.0,0.0,0,0,0,0,0,1,0,0,0,1,0,0,11.784219,41.0,1681.0,8924.581,0.0,4.548282
406,603,95,118310.0,95.12,328.0,0.0,0.0,1.0,0.0,1.0,51.0,0.0,0,0,0,0,0,1,0,0,0,0,1,0,11.681064,44.0,1936.0,9047.814,0.0,4.555139
407,603,99,132229.0,95.12,328.0,0.0,0.0,1.0,0.0,1.0,51.0,0.0,0,0,0,0,0,1,0,0,0,0,0,1,11.792291,48.0,2304.0,9047.814,0.0,4.555139
408,604,92,89639.0,15.02,137.67,,,,,1.0,76.0,0.0,0,0,0,0,0,1,0,0,0,1,0,0,11.403545,16.0,256.0,225.60042,0.0,2.7093828
409,604,95,107026.0,16.47,178.0,0.0,0.0,1.0,0.0,1.0,76.0,0.0,0,0,0,0,0,1,0,0,0,0,1,0,11.580827,19.0,361.0,271.26086,0.0,2.8015406
410,604,99,130379.0,16.99,186.5,0.0,0.0,1.0,0.0,1.0,76.0,0.0,0,0,0,0,0,1,0,0,0,0,0,1,11.778201,23.0,529.0,288.6601,0.0,2.832625
411,605,92,85834.0,22.62,52.5,0.0,0.0,1.0,0.0,1.0,61.0,0.0,0,0,0,0,0,1,0,0,0,1,0,0,11.36017,31.0,961.0,511.66443,0.0,3.1188345
412,605,95,91155.0,22.62,52.5,0.0,0.0,1.0,0.0,1.0,61.0,0.0,0,0,0,0,0,1,0,0,0,0,1,0,11.420317,34.0,1156.0,511.66443,0.0,3.1188345
413,605,99,101044.0,22.62,52.5,0.0,0.0,1.0,0.0,1.0,61.0,0.0,0,0,0,0,0,1,0,0,0,0,0,1,11.523312,38.0,1444.0,511.66443,0.0,3.1188345
414,606,92,161566.0,114.95,252.5,0.0,0.0,1.0,0.0,1.0,75.0,0.0,0,0,0,0,0,1,0,0,0,1,0,0,11.992669,17.0,289.0,13213.502,0.0,4.7444973
415,606,95,169021.0,118.94,289.5,0.0,0.0,1.0,0.0,1.0,75.0,0.0,0,0,0,0,0,1,0,0,0,0,1,0,12.037778,20.0,400.0,14146.725,0.0,4.7786193
416,606,99,190412.0,134.34,355.67,0.0,0.0,1.0,0.0,1.0,75.0,0.0,0,0,0,0,0,1,0,0,0,0,0,1,12.156945,24.0,576.0,18047.234,0.0,4.900374
417,607,92,,0.0,0.0,0.0,0.0,0.0,0.0,1.0,95.0,0.0,0,0,0,0,0,1,0,0,0,1,0,0,,0.0,0.0,0.0,1.0,
418,607,95,21051.0,0.0,0.0,0.0,0.0,0.0,0.0,1.0,95.0,0.0,0,0,0,0,0,1,0,0,0,0,1,0,9.954703,0.0,0.0,0.0,1.0,
419,607,99,56818.0,4.86,65.0,1.0,0.0,0.0,0.0,1.0,95.0,0.0,0,0,0,0,0,1,0,0,0,0,0,1,10.947608,4.0,16.0,23.619602,0.0,1.5810385
420,608,92,70290.0,44.69,139.5,,,,,,,0.0,0,0,0,0,0,1,0,0,0,1,0,0,11.160385,,,1997.1959,0.0,3.7997499
421,608,95,,44.99,150.5,,,,,,,0.0,0,0,0,0,0,1,0,0,0,0,1,0,,,,2024.1002,0.0,3.8064404
422,608,99,,48.8,172.5,,,,,,,0.0,0,0,0,0,0,1,0,0,0,0,0,1,,,,2381.44,0.0,3.8877304
423,609,92,,25.76,59.5,1.0,0.0,0.0,0.0,1.0,85.0,0.0,0,0,0,0,0,1,0,0,0,1,0,0,,7.0,49.0,663.57764,0.0,3.248823
424,609,95,33155.0,31.76,65.5,0.0,1.0,0.0,0.0,1.0,85.0,0.0,0,0,0,0,0,1,0,0,0,0,1,0,10.408949,10.0,100.0,1008.69763,0.0,3.4582076
425,609,99,97037.0,84.83,198.5,0.0,1.0,0.0,0.0,1.0,85.0,0.0,0,0,0,0,0,1,0,0,0,0,0,1,11.482847,14.0,196.0,7196.1294,0.0,4.4406495
426,610,92,112219.0,113.06,204.5,0.0,0.0,1.0,0.0,0.0,38.0,0.0,0,0,0,0,0,1,0,0,0,1,0,0,11.628207,54.0,2916.0,12782.563,0.0,4.7279186
427,610,95,98223.0,113.22,230.5,0.0,0.0,1.0,0.0,0.0,38.0,0.0,0,0,0,0,0,1,0,0,0,0,1,0,11.494996,57.0,3249.0,12818.769,0.0,4.729333
428,610,99,48293.0,113.22,230.5,0.0,0.0,1.0,0.0,0.0,38.0,0.0,0,0,0,0,0,1,0,0,0,0,0,1,10.785042,61.0,3721.0,12818.769,0.0,4.729333
429,611,92,101075.0,26.58,184.67,,,,0.0,,,0.0,0,0,0,0,0,1,0,0,0,1,0,0,11.523618,,,706.4964,0.0,3.280159
430,611,95,223537.0,26.58,184.67,,,,0.0,,,0.0,0,0,0,0,0,1,0,0,0,0,1,0,12.317332,,,706.4964,0.0,3.280159
431,611,99,,26.58,184.67,,,,0.0,,,0.0,0,0,0,0,0,1,0,0,0,0,0,1,,,,706.4964,0.0,3.280159
432,612,92,73939.0,21.9,45.167,1.0,0.0,0.0,0.0,0.0,90.0,0.0,0,0,0,0,0,1,0,0,0,1,0,0,11.210996,2.0,4.0,479.61,0.0,3.0864866
433,612,95,118962.0,68.73,127.67,0.0,1.0,0.0,0.0,0.0,90.0,0.0,0,0,0,0,0,1,0,0,0,0,1,0,11.68656,5.0,25.0,4723.8135,0.0,4.230186
434,612,99,,118.05,267.67,0.0,0.0,1.0,0.0,0.0,90.0,0.0,0,0,0,0,0,1,0,0,0,0,0,1,,9.0,81.0,13935.803,0.0,4.771108
435,613,92,90940.0,82.07,278.0,0.0,0.0,1.0,0.0,1.0,79.0,0.0,0,0,0,0,0,1,0,0,0,1,0,0,11.417955,13.0,169.0,6735.485,0.0,4.4075727
436,613,95,127211.0,88.13,338.0,0.0,0.0,1.0,0.0,1.0,79.0,0.0,0,0,0,0,0,1,0,0,0,0,1,0,11.753602,16.0,256.0,7766.8965,0.0,4.478813
437,613,99,,89.16,349.0,0.0,0.0,1.0,0.0,1.0,79.0,0.0,0,0,0,0,0,1,0,0,0,0,0,1,,20.0,400.0,7949.5063,0.0,4.4904327
438,614,92,,0.0,0.0,0.0,0.0,0.0,0.0,1.0,93.0,0.0,0,0,0,0,0,1,0,0,0,1,0,0,,0.0,0.0,0.0,1.0,
439,614,95,57510.0,1.82,42.0,1.0,0.0,0.0,0.0,1.0,93.0,0.0,0,0,0,0,0,1,0,0,0,0,1,0,10.959714,2.0,4.0,3.3124,0.0,0.59883654
440,614,99,33128.0,13.37,68.5,1.0,0.0,0.0,0.0,1.0,93.0,0.0,0,0,0,0,0,1,0,0,0,0,0,1,10.408134,6.0,36.0,178.7569,0.0,2.5930133
441,615,92,52224.0,25.69,116.0,0.0,1.0,0.0,0.0,1.0,82.0,0.0,0,0,0,0,0,1,0,0,0,1,0,0,10.863297,10.0,100.0,659.97614,0.0,3.2461019
442,615,95,78371.0,25.89,123.0,0.0,1.0,0.0,0.0,1.0,82.0,0.0,0,0,0,0,0,1,0,0,0,0,1,0,11.269209,13.0,169.0,670.29205,0.0,3.2538567
443,615,99,51640.0,31.45,149.5,0.0,1.0,0.0,0.0,1.0,82.0,0.0,0,0,0,0,0,1,0,0,0,0,0,1,10.852052,17.0,289.0,989.10254,0.0,3.448399
444,616,92,18670.0,6.5,6.5,1.0,0.0,0.0,0.0,1.0,92.0,0.0,0,0,0,0,0,1,0,0,0,1,0,0,9.834673,0.0,0.0,42.25,0.0,1.8718022
445,616,95,64957.0,19.3,21.0,1.0,0.0,0.0,0.0,1.0,92.0,0.0,0,0,0,0,0,1,0,0,0,0,1,0,11.081481,3.0,9.0,372.48996,0.0,2.960105
446,616,99,41618.0,45.64,84.5,1.0,0.0,0.0,0.0,1.0,92.0,0.0,0,0,0,0,0,1,0,0,0,0,0,1,10.636288,7.0,49.0,2083.0095,0.0,3.8207846
447,617,92,74238.0,42.24,94.167,,,,,,,0.0,0,0,0,0,0,1,0,0,0,1,0,0,11.215032,,,1784.2178,0.0,3.7433677
448,617,95,22254.0,42.24,94.167,,,,,,,0.0,0,0,0,0,0,1,0,0,0,0,1,0,10.010277,,,1784.2178,0.0,3.7433677
449,617,99,,42.24,94.167,,,,,,,0.0,0,0,0,0,0,1,0,0,0,0,0,1,,,,1784.2178,0.0,3.7433677
450,618,92,87995.0,43.07,160.0,0.0,0.0,1.0,0.0,1.0,59.0,0.0,0,0,0,0,0,1,0,0,0,1,0,0,11.3850355,33.0,1089.0,1855.0249,0.0,3.7628267
451,618,95,93708.0,43.07,160.0,0.0,0.0,1.0,0.0,1.0,59.0,0.0,0,0,0,0,0,1,0,0,0,0,1,0,11.447939,36.0,1296.0,1855.0249,0.0,3.7628267
452,618,99,102495.0,43.47,173.5,0.0,0.0,1.0,0.0,1.0,59.0,0.0,0,0,0,0,0,1,0,0,0,0,0,1,11.537569,40.0,1600.0,1889.641,0.0,3.7720711
453,619,92,76019.0,25.96,86.0,,,,0.0,1.0,84.0,0.0,0,0,0,0,0,1,0,0,0,1,0,0,11.238739,8.0,64.0,673.9216,0.0,3.2565567
454,619,95,63819.0,37.41,117.0,0.0,0.0,1.0,0.0,1.0,84.0,0.0,0,0,0,0,0,1,0,0,0,0,1,0,11.063807,11.0,121.0,1399.508,0.0,3.621938
455,619,99,,62.63,202.0,0.0,0.0,1.0,0.0,1.0,84.0,0.0,0,0,0,0,0,1,0,0,0,0,0,1,,15.0,225.0,3922.517,0.0,4.137244
456,620,92,103328.0,34.1,338.0,0.0,0.0,0.0,0.0,1.0,54.0,0.0,0,0,0,0,0,1,0,0,0,1,0,0,11.545664,38.0,1444.0,1162.8099,0.0,3.5292974
457,620,95,98063.0,35.54,365.5,0.0,0.0,0.0,0.0,1.0,54.0,0.0,0,0,0,0,0,1,0,0,0,0,1,0,11.493365,41.0,1681.0,1263.0917,0.0,3.570659
458,620,99,67529.0,40.25,420.5,0.0,0.0,0.0,0.0,1.0,54.0,0.0,0,0,0,0,0,1,0,0,0,0,0,1,11.120313,45.0,2025.0,1620.0625,0.0,3.69511
459,621,92,44771.0,0.0,0.0,1.0,0.0,0.0,0.0,0.0,92.0,,0,0,0,0,0,1,0,0,0,1,0,0,10.709316,0.0,0.0,0.0,1.0,
460,621,95,47831.0,0.0,0.0,1.0,0.0,0.0,0.0,0.0,92.0,,0,0,0,0,0,1,0,0,0,0,1,0,10.775429,3.0,9.0,0.0,1.0,
461,621,99,51127.0,0.0,0.0,1.0,0.0,0.0,0.0,0.0,92.0,,0,0,0,0,0,1,0,0,0,0,0,1,10.842068,7.0,49.0,0.0,1.0,
462,622,92,121900.0,17.64,98.0,,,,,,,0.0,0,0,0,0,0,1,0,0,0,1,0,0,11.710957,,,311.1696,0.0,2.870169
463,622,95,129372.0,17.64,98.0,,,,,,,0.0,0,0,0,0,0,1,0,0,0,0,1,0,11.770448,,,311.1696,0.0,2.870169
464,622,99,158140.0,17.64,98.0,,,,,,,0.0,0,0,0,0,0,1,0,0,0,0,0,1,11.971236,,,311.1696,0.0,2.870169
465,623,92,29462.0,0.0,0.0,,,,,,,0.0,0,0,0,0,0,1,0,0,0,1,0,0,10.290856,,,0.0,1.0,
466,623,95,29337.0,1.02,6.5,,,,,,,0.0,0,0,0,0,0,1,0,0,0,0,1,0,10.286605,,,1.0403999,0.0,0.01980261
467,623,99,33642.0,1.22,22.5,,,,,,,0.0,0,0,0,0,0,1,0,0,0,0,0,1,10.423531,,,1.4884001,0.0,0.19885089
468,624,92,97892.0,14.14,129.5,0.0,0.0,1.0,0.0,1.0,70.0,0.0,0,0,0,0,0,1,0,0,0,1,0,0,11.49162,22.0,484.0,199.9396,0.0,2.6490078
469,624,95,101985.0,14.88,147.5,0.0,0.0,1.0,0.0,1.0,70.0,0.0,0,0,0,0,0,1,0,0,0,0,1,0,11.532581,25.0,625.0,221.4144,0.0,2.700018
470,624,99,126568.0,14.88,147.5,0.0,0.0,1.0,0.0,1.0,70.0,0.0,0,0,0,0,0,1,0,0,0,0,0,1,11.748535,29.0,841.0,221.4144,0.0,2.700018
471,625,92,,0.0,0.0,,,,,,,0.0,0,0,0,0,0,1,0,0,0,1,0,0,,,,0.0,1.0,
472,625,95,,0.0,0.0,,,,,,,0.0,0,0,0,0,0,1,0,0,0,0,1,0,,,,0.0,1.0,
473,625,99,,0.0,0.0,,,,,,,0.0,0,0,0,0,0,1,0,0,0,0,0,1,,,,0.0,1.0,
474,626,92,53104.0,21.16,59.0,1.0,0.0,0.0,0.0,0.0,85.0,0.0,0,0,0,0,0,1,0,0,0,1,0,0,10.880008,7.0,49.0,447.7456,0.0,3.0521126
475,626,95,53624.0,23.4,69.5,0.0,1.0,0.0,0.0,0.0,85.0,0.0,0,0,0,0,0,1,0,0,0,0,1,0,10.889752,10.0,100.0,547.56,0.0,3.152736
476,626,99,79891.0,29.07,96.5,0.0,1.0,0.0,0.0,0.0,85.0,0.0,0,0,0,0,0,1,0,0,0,0,0,1,11.288419,14.0,196.0,845.0649,0.0,3.3697066
477,627,92,157092.0,123.66,282.0,0.0,0.0,1.0,0.0,0.0,67.0,0.0,0,0,0,0,0,1,0,0,0,1,0,0,11.964587,25.0,625.0,15291.797,0.0,4.817536
478,627,95,102030.0,136.77,312.0,0.0,0.0,1.0,0.0,0.0,67.0,0.0,0,0,0,0,0,1,0,0,0,0,1,0,11.533022,28.0,784.0,18706.033,0.0,4.9183006
479,627,99,117629.0,146.87,377.5,0.0,0.0,1.0,0.0,0.0,67.0,0.0,0,0,0,0,0,1,0,0,0,0,0,1,11.675291,32.0,1024.0,21570.795,0.0,4.9895477
480,701,92,100900.0,10.1,111.417,0.0,0.0,1.0,0.0,0.0,83.0,0.0,0,0,0,0,0,0,0,0,1,1,0,0,11.521885,9.0,81.0,102.01001,0.0,2.3125355
481,701,95,87300.0,13.27,164.9167,0.0,0.0,1.0,0.0,0.0,83.0,0.0,0,0,0,0,0,0,0,0,1,0,1,0,11.377106,12.0,144.0,176.09291,0.0,2.585506
482,701,99,99500.0,14.25,173.9167,0.0,0.0,1.0,0.0,0.0,83.0,0.0,0,0,0,0,0,0,0,0,1,0,0,1,11.507913,16.0,256.0,203.0625,0.0,2.6567569
483,702,92,45950.0,6.01,43.67,0.0,1.0,0.0,0.0,1.0,88.0,1.0,0,0,0,0,0,0,0,0,1,1,0,0,10.73531,4.0,16.0,36.120102,0.0,1.7934248
484,702,95,69300.0,6.32,54.167,0.0,1.0,0.0,0.0,1.0,88.0,1.0,0,0,0,0,0,0,0,0,1,0,1,0,11.1462,7.0,49.0,39.9424,0.0,1.8437192
485,702,99,81310.0,8.63,72.67,0.0,1.0,0.0,0.0,1.0,88.0,1.0,0,0,0,0,0,0,0,0,1,0,0,1,11.306025,11.0,121.0,74.4769,0.0,2.1552446
486,703,92,59300.0,15.38,186.5,0.0,0.0,1.0,0.0,1.0,81.0,0.0,0,0,0,0,0,0,0,0,1,1,0,0,10.990365,11.0,121.0,236.5444,0.0,2.733068
487,703,95,65500.0,20.23,235.5,0.0,0.0,1.0,0.0,1.0,81.0,0.0,0,0,0,0,0,0,0,0,1,0,1,0,11.089806,14.0,196.0,409.25287,0.0,3.0071666
488,703,99,77875.0,23.69,268.5,0.0,0.0,1.0,0.0,1.0,81.0,0.0,0,0,0,0,0,0,0,0,1,0,0,1,11.26286,18.0,324.0,561.2161,0.0,3.1650531
489,704,92,81000.0,66.08,126.0,0.0,0.0,1.0,0.0,1.0,81.0,0.0,0,0,0,0,0,0,0,0,1,1,0,0,11.302204,11.0,121.0,4366.5664,0.0,4.190866
490,704,95,102500.0,76.94,220.5,0.0,0.0,1.0,0.0,1.0,81.0,0.0,0,0,0,0,0,0,0,0,1,0,1,0,11.537618,14.0,196.0,5919.764,0.0,4.343026
491,704,99,,93.13,352.0,0.0,0.0,1.0,0.0,1.0,81.0,0.0,0,0,0,0,0,0,0,0,1,0,0,1,,18.0,324.0,8673.196,0.0,4.533996
492,705,92,125000.0,18.12,119.5,0.0,0.0,1.0,0.0,1.0,60.0,0.0,0,0,0,0,0,0,0,0,1,1,0,0,11.736069,32.0,1024.0,328.33444,0.0,2.8970163
493,705,95,116000.0,23.12,135.0,0.0,0.0,1.0,0.0,1.0,60.0,0.0,0,0,0,0,0,0,0,0,1,0,1,0,11.6613455,35.0,1225.0,534.5344,0.0,3.1406982
494,705,99,119400.0,23.12,135.0,0.0,0.0,1.0,0.0,1.0,60.0,0.0,0,0,0,0,0,0,0,0,1,0,0,1,11.690234,39.0,1521.0,534.5344,0.0,3.1406982
495,706,92,80000.0,38.73,285.0,0.0,0.0,1.0,0.0,1.0,77.0,0.0,0,0,0,0,0,0,0,0,1,1,0,0,11.289782,15.0,225.0,1500.0128,0.0,3.6566145
496,706,95,91000.0,41.94,335.5,0.0,0.0,1.0,0.0,1.0,77.0,0.0,0,0,0,0,0,0,0,0,1,0,1,0,11.418614,18.0,324.0,1758.9635,0.0,3.73624
497,706,99,109000.0,47.7,407.5,0.0,0.0,1.0,0.0,1.0,77.0,0.0,0,0,0,0,0,0,0,0,1,0,0,1,11.599103,22.0,484.0,2275.29,0.0,3.8649313
498,707,92,,0.0,0.0,1.0,0.0,0.0,0.0,1.0,94.0,1.0,0,0,0,0,0,0,0,0,1,1,0,0,,0.0,0.0,0.0,1.0,
499,707,95,40500.0,0.0,12.0,1.0,0.0,0.0,0.0,1.0,94.0,1.0,0,0,0,0,0,0,0,0,1,0,1,0,10.609057,1.0,1.0,0.0,1.0,
500,707,99,59280.0,7.51,59.0,1.0,0.0,0.0,0.0,1.0,94.0,1.0,0,0,0,0,0,0,0,0,1,0,0,1,10.990027,5.0,25.0,56.400105,0.0,2.0162356
501,708,92,,14.93,163.5,0.0,0.0,1.0,0.0,1.0,81.0,0.0,0,0,0,0,0,0,0,0,1,1,0,0,,11.0,121.0,222.9049,0.0,2.7033727
502,708,95,89000.0,31.82,217.0,0.0,0.0,1.0,0.0,1.0,81.0,0.0,0,0,0,0,0,0,0,0,1,0,1,0,11.396392,14.0,196.0,1012.5124,0.0,3.460095
503,708,99,99008.0,36.4,263.5,0.0,0.0,1.0,0.0,1.0,81.0,0.0,0,0,0,0,0,0,0,0,1,0,0,1,11.502956,18.0,324.0,1324.9601,0.0,3.5945687
504,709,92,77170.0,15.46,113.83,0.0,0.0,1.0,0.0,1.0,59.0,0.0,0,0,0,0,0,0,0,0,1,1,0,0,11.253766,33.0,1089.0,239.0116,0.0,2.738256
505,709,95,82000.0,15.46,113.83,0.0,0.0,1.0,0.0,1.0,59.0,0.0,0,0,0,0,0,0,0,0,1,0,1,0,11.314474,36.0,1296.0,239.0116,0.0,2.738256
506,709,99,,15.46,113.83,0.0,0.0,1.0,0.0,1.0,59.0,0.0,0,0,0,0,0,0,0,0,1,0,0,1,,40.0,1600.0,239.0116,0.0,2.738256
507,710,92,76400.0,18.75,59.0,0.0,0.0,1.0,0.0,0.0,,0.0,0,0,0,0,0,0,0,0,1,1,0,0,11.243738,,,351.5625,0.0,2.9311938
508,710,95,82000.0,18.75,59.0,0.0,0.0,1.0,0.0,0.0,,0.0,0,0,0,0,0,0,0,0,1,0,1,0,11.314474,,,351.5625,0.0,2.9311938
509,710,99,93200.0,18.75,59.0,0.0,0.0,1.0,0.0,0.0,,0.0,0,0,0,0,0,0,0,0,1,0,0,1,11.442503,,,351.5625,0.0,2.9311938
510,711,92,,0.0,0.0,1.0,0.0,0.0,0.0,1.0,96.0,0.0,0,0,0,0,0,0,0,0,1,1,0,0,,0.0,0.0,0.0,1.0,
511,711,95,52000.0,0.0,0.0,1.0,0.0,0.0,0.0,1.0,96.0,0.0,0,0,0,0,0,0,0,0,1,0,1,0,10.858999,0.0,0.0,0.0,1.0,
512,711,99,57570.0,0.0,0.0,1.0,0.0,0.0,0.0,1.0,96.0,0.0,0,0,0,0,0,0,0,0,1,0,0,1,10.960757,3.0,9.0,0.0,1.0,
513,712,92,46200.0,6.76,86.0,0.0,1.0,0.0,0.0,1.0,84.0,0.0,0,0,0,0,0,0,0,0,1,1,0,0,10.740735,8.0,64.0,45.6976,0.0,1.9110229
514,712,95,52000.0,8.82,160.0,0.0,1.0,0.0,0.0,1.0,84.0,0.0,0,0,0,0,0,0,0,0,1,0,1,0,10.858999,11.0,121.0,77.7924,0.0,2.1770217
515,712,99,60450.0,8.82,166.5,0.0,1.0,0.0,0.0,1.0,84.0,0.0,0,0,0,0,0,0,0,0,1,0,0,1,11.009572,15.0,225.0,77.7924,0.0,2.1770217
516,713,92,76000.0,14.6,98.5,0.0,0.0,1.0,0.0,1.0,70.0,0.0,0,0,0,0,0,0,0,0,1,1,0,0,11.238488,22.0,484.0,213.16,0.0,2.6810215
517,713,95,85004.0,14.6,107.5,0.0,0.0,1.0,0.0,1.0,70.0,0.0,0,0,0,0,0,0,0,0,1,0,1,0,11.350453,25.0,625.0,213.16,0.0,2.6810215
518,713,99,94300.0,14.96,114.0,0.0,0.0,1.0,0.0,1.0,70.0,0.0,0,0,0,0,0,0,0,0,1,0,0,1,11.454236,29.0,841.0,223.8016,0.0,2.70538
519,714,92,,38.4,532.33,0.0,0.0,1.0,0.0,1.0,76.0,0.0,0,0,0,0,0,0,0,0,1,1,0,0,,16.0,256.0,1474.56,0.0,3.6480575
520,714,95,96000.0,41.47,664.33,0.0,0.0,1.0,0.0,1.0,76.0,0.0,0,0,0,0,0,0,0,0,1,0,1,0,11.472103,19.0,361.0,1719.761,0.0,3.7249703
521,714,99,111300.0,52.3,823.5,0.0,0.0,1.0,0.0,1.0,76.0,0.0,0,0,0,0,0,0,0,0,1,0,0,1,11.619985,23.0,529.0,2735.29,0.0,3.9569964
522,715,92,71240.0,7.67,172.0,0.0,0.0,1.0,0.0,1.0,68.0,1.0,0,0,0,0,0,0,0,0,1,1,0,0,11.17381,24.0,576.0,58.8289,0.0,2.0373166
523,715,95,81050.0,8.4,196.5,0.0,0.0,1.0,0.0,1.0,68.0,1.0,0,0,0,0,0,0,0,0,1,0,1,0,11.302821,27.0,729.0,70.55999,0.0,2.1282318
524,715,99,87800.0,8.77,234.5,0.0,0.0,1.0,0.0,1.0,68.0,1.0,0,0,0,0,0,0,0,0,1,0,0,1,11.382816,31.0,961.0,76.91291,0.0,2.171337
525,716,92,44100.0,2.0,25.0,0.0,1.0,0.0,0.0,1.0,90.0,0.0,0,0,0,0,0,0,0,0,1,1,0,0,10.694215,2.0,4.0,4.0,0.0,0.6931472
526,716,95,54000.0,13.5,103.5,0.0,1.0,0.0,0.0,1.0,90.0,0.0,0,0,0,0,0,0,0,0,1,0,1,0,10.896739,5.0,25.0,182.25,0.0,2.6026897
527,716,99,67000.0,21.05,192.5,0.0,1.0,0.0,0.0,1.0,90.0,0.0,0,0,0,0,0,0,0,0,1,0,0,1,11.112448,9.0,81.0,443.10248,0.0,3.0469005
528,717,92,,0.0,0.0,1.0,0.0,0.0,0.0,1.0,95.0,0.0,0,0,0,0,0,0,0,0,1,1,0,0,,0.0,0.0,0.0,1.0,
529,717,95,52000.0,4.0,4.0,1.0,0.0,0.0,0.0,1.0,95.0,0.0,0,0,0,0,0,0,0,0,1,0,1,0,10.858999,0.0,0.0,16.0,0.0,1.3862944
530,717,99,60300.0,18.06,37.33,1.0,0.0,0.0,0.0,1.0,95.0,0.0,0,0,0,0,0,0,0,0,1,0,0,1,11.007088,4.0,16.0,326.16357,0.0,2.8936994
531,718,92,70700.0,3.85,143.0,0.0,0.0,1.0,0.0,1.0,61.0,0.0,0,0,0,0,0,0,0,0,1,1,0,0,11.166201,31.0,961.0,14.822499,0.0,1.3480731
532,718,95,76346.0,3.85,143.0,0.0,0.0,1.0,0.0,1.0,61.0,0.0,0,0,0,0,0,0,0,0,1,0,1,0,11.243031,34.0,1156.0,14.822499,0.0,1.3480731
533,718,99,,3.86,146.0,0.0,0.0,1.0,0.0,1.0,61.0,0.0,0,0,0,0,0,0,0,0,1,0,0,1,,38.0,1444.0,14.899599,0.0,1.3506671
534,719,92,48200.0,17.01,124.0,0.0,1.0,0.0,0.0,1.0,81.0,0.0,0,0,0,0,0,0,0,0,1,1,0,0,10.783114,11.0,121.0,289.34012,0.0,2.8338015
535,719,95,54100.0,18.37,135.0,0.0,1.0,0.0,0.0,1.0,81.0,0.0,0,0,0,0,0,0,0,0,1,0,1,0,10.898589,14.0,196.0,337.45694,0.0,2.910719
536,719,99,60215.0,18.37,138.33,0.0,1.0,0.0,0.0,1.0,81.0,0.0,0,0,0,0,0,0,0,0,1,0,0,1,11.005677,18.0,324.0,337.45694,0.0,2.910719
537,720,92,79800.0,10.92,157.0,0.0,0.0,1.0,0.0,1.0,68.0,0.0,0,0,0,0,0,0,0,0,1,1,0,0,11.287279,24.0,576.0,119.2464,0.0,2.390596
538,720,95,88000.0,10.92,191.0,0.0,0.0,1.0,0.0,1.0,68.0,0.0,0,0,0,0,0,0,0,0,1,0,1,0,11.385092,27.0,729.0,119.2464,0.0,2.390596
539,720,99,103800.0,13.92,218.0,0.0,0.0,1.0,0.0,1.0,68.0,0.0,0,0,0,0,0,0,0,0,1,0,0,1,11.550221,31.0,961.0,193.7664,0.0,2.6333268
540,721,92,52460.0,4.12,60.167,0.0,0.0,1.0,0.0,1.0,80.0,0.0,0,0,0,0,0,0,0,0,1,1,0,0,10.867806,12.0,144.0,16.9744,0.0,1.4158531
541,721,95,63253.0,5.77,60.167,0.0,0.0,1.0,0.0,1.0,80.0,0.0,0,0,0,0,0,0,0,0,1,0,1,0,11.054898,15.0,225.0,33.2929,0.0,1.7526721
542,721,99,74125.0,5.77,79.167,0.0,0.0,1.0,0.0,1.0,80.0,0.0,0,0,0,0,0,0,0,0,1,0,0,1,11.213509,19.0,361.0,33.2929,0.0,1.7526721
543,722,92,77300.0,26.83,129.33,0.0,0.0,1.0,0.0,0.0,78.0,0.0,0,0,0,0,0,0,0,0,1,1,0,0,11.255449,14.0,196.0,719.8489,0.0,3.2895207
544,722,95,87500.0,40.17,161.33,0.0,0.0,1.0,0.0,0.0,78.0,0.0,0,0,0,0,0,0,0,0,1,0,1,0,11.379395,17.0,289.0,1613.6288,0.0,3.6931205
545,722,99,109000.0,41.32,188.33,0.0,0.0,1.0,0.0,0.0,78.0,0.0,0,0,0,0,0,0,0,0,1,0,0,1,11.599103,21.0,441.0,1707.3424,0.0,3.7213466
546,723,92,82100.0,11.65,90.0,0.0,0.0,1.0,0.0,1.0,83.0,0.0,0,0,0,0,0,0,0,0,1,1,0,0,11.315693,9.0,81.0,135.72249,0.0,2.455306
547,723,95,96000.0,16.98,128.83,0.0,0.0,1.0,0.0,1.0,83.0,0.0,0,0,0,0,0,0,0,0,1,0,1,0,11.472103,12.0,144.0,288.32037,0.0,2.8320363
548,723,99,125000.0,21.55,189.83,0.0,0.0,1.0,0.0,1.0,83.0,0.0,0,0,0,0,0,0,0,0,1,0,0,1,11.736069,16.0,256.0,464.40247,0.0,3.0703757
549,724,92,74200.0,2.42,22.0,0.0,0.0,1.0,0.0,1.0,61.0,0.0,0,0,0,0,0,0,0,0,1,1,0,0,11.2145195,31.0,961.0,5.8564005,0.0,0.88376755
550,724,95,78000.0,2.42,22.0,0.0,0.0,1.0,0.0,1.0,61.0,0.0,0,0,0,0,0,0,0,0,1,0,1,0,11.264464,34.0,1156.0,5.8564005,0.0,0.88376755
551,724,99,,2.42,22.0,0.0,0.0,1.0,0.0,1.0,61.0,0.0,0,0,0,0,0,0,0,0,1,0,0,1,,38.0,1444.0,5.8564005,0.0,0.88376755
552,725,92,38200.0,2.29,35.0,0.0,0.0,1.0,0.0,1.0,69.0,0.0,0,0,0,0,0,0,0,0,1,1,0,0,10.5505905,23.0,529.0,5.2440996,0.0,0.8285518
553,725,95,47000.0,2.29,35.0,0.0,0.0,1.0,0.0,1.0,69.0,0.0,0,0,0,0,0,0,0,0,1,0,1,0,10.757903,26.0,676.0,5.2440996,0.0,0.8285518
554,725,99,51400.0,2.29,35.0,0.0,0.0,1.0,0.0,1.0,69.0,0.0,0,0,0,0,0,0,0,0,1,0,0,1,10.847393,30.0,900.0,5.2440996,0.0,0.8285518
555,726,92,71800.0,8.16,114.0,0.0,0.0,1.0,1.0,0.0,68.0,0.0,0,0,0,0,0,0,0,0,1,1,0,0,11.18164,24.0,576.0,66.585594,0.0,2.099244
556,726,95,100000.0,8.16,114.0,0.0,0.0,1.0,1.0,0.0,68.0,0.0,0,0,0,0,0,0,0,0,1,0,1,0,11.512925,27.0,729.0,66.585594,0.0,2.099244
557,726,99,111500.0,8.16,114.0,0.0,0.0,1.0,1.0,0.0,68.0,0.0,0,0,0,0,0,0,0,0,1,0,0,1,11.621779,31.0,961.0,66.585594,0.0,2.099244
558,727,92,81000.0,34.04,166.9,0.0,0.0,1.0,0.0,1.0,74.0,0.0,0,0,0,0,0,0,0,0,1,1,0,0,11.302204,18.0,324.0,1158.7217,0.0,3.5275364
559,727,95,94700.0,34.21,170.9,0.0,0.0,1.0,0.0,1.0,74.0,0.0,0,0,0,0,0,0,0,0,1,0,1,0,11.458469,21.0,441.0,1170.3241,0.0,3.532518
560,727,99,83736.0,38.71,204.9,0.0,0.0,1.0,0.0,1.0,74.0,0.0,0,0,0,0,0,0,0,0,1,0,0,1,11.335424,25.0,625.0,1498.464,0.0,3.656098
561,728,92,65600.0,27.21,393.5,0.0,0.0,1.0,0.0,1.0,76.0,0.0,0,0,0,0,0,0,0,0,1,1,0,0,11.091331,16.0,256.0,740.38403,0.0,3.3035846
562,728,95,77000.0,27.96,425.5,0.0,0.0,1.0,0.0,1.0,76.0,0.0,0,0,0,0,0,0,0,0,1,0,1,0,11.251561,19.0,361.0,781.76154,0.0,3.3307748
563,728,99,86400.0,28.96,489.5,0.0,0.0,1.0,0.0,1.0,76.0,0.0,0,0,0,0,0,0,0,0,1,0,0,1,11.366743,23.0,529.0,838.6815,0.0,3.3659155
564,729,92,44550.0,9.05,42.0,0.0,1.0,0.0,0.0,0.0,87.0,0.0,0,0,0,0,0,0,0,0,1,1,0,0,10.704368,5.0,25.0,81.902504,0.0,2.2027647
565,729,95,57800.0,18.38,69.0,0.0,1.0,0.0,0.0,0.0,87.0,0.0,0,0,0,0,0,0,0,0,1,0,1,0,10.964744,8.0,64.0,337.82437,0.0,2.911263
566,729,99,65500.0,26.0,111.5,0.0,1.0,0.0,0.0,0.0,87.0,0.0,0,0,0,0,0,0,0,0,1,0,0,1,11.089806,12.0,144.0,676.0,0.0,3.2580965
567,730,92,65000.0,43.3,145.5,0.0,1.0,0.0,0.0,1.0,82.0,0.0,0,0,0,0,0,0,0,0,1,1,0,0,11.082143,10.0,100.0,1874.8899,0.0,3.7681527
568,730,95,75000.0,50.07,153.167,0.0,1.0,0.0,0.0,1.0,82.0,0.0,0,0,0,0,0,0,0,0,1,0,1,0,11.225244,13.0,169.0,2507.005,0.0,3.913422
569,730,99,84750.0,51.25,193.67,0.0,1.0,0.0,0.0,1.0,82.0,0.0,0,0,0,0,0,0,0,0,1,0,0,1,11.347461,17.0,289.0,2626.5625,0.0,3.9367156
570,731,92,75300.0,18.31,193.33,0.0,0.0,1.0,0.0,1.0,73.0,0.0,0,0,0,0,0,0,0,0,1,1,0,0,11.229236,19.0,361.0,335.25607,0.0,2.9074473
571,731,95,85300.0,19.5,229.33,0.0,0.0,1.0,0.0,1.0,73.0,0.0,0,0,0,0,0,0,0,0,1,0,1,0,11.3539295,22.0,484.0,380.25,0.0,2.9704144
572,731,99,96400.0,21.91,259.67,0.0,0.0,1.0,0.0,1.0,73.0,0.0,0,0,0,0,0,0,0,0,1,0,0,1,11.476261,26.0,676.0,480.0481,0.0,3.0869431
573,732,92,112500.0,38.71,137.5,0.0,0.0,1.0,0.0,0.0,72.0,0.0,0,0,0,0,0,0,0,0,1,1,0,0,11.630709,20.0,400.0,1498.464,0.0,3.656098
574,732,95,85875.0,38.71,137.5,0.0,0.0,1.0,0.0,0.0,72.0,0.0,0,0,0,0,0,0,0,0,1,0,1,0,11.360648,23.0,529.0,1498.464,0.0,3.656098
575,732,99,128400.0,38.71,137.5,0.0,0.0,1.0,0.0,0.0,72.0,0.0,0,0,0,0,0,0,0,0,1,0,0,1,11.762906,27.0,729.0,1498.464,0.0,3.656098
576,733,92,48950.0,15.38,200.33,0.0,0.0,1.0,0.0,1.0,58.0,0.0,0,0,0,0,0,0,0,0,1,1,0,0,10.798554,34.0,1156.0,236.5444,0.0,2.733068
577,733,95,110000.0,18.51,232.0,0.0,0.0,1.0,0.0,1.0,58.0,0.0,0,0,0,0,0,0,0,0,1,0,1,0,11.608235,37.0,1369.0,342.62012,0.0,2.918311
578,733,99,118500.0,24.16,300.0,0.0,0.0,1.0,0.0,1.0,58.0,0.0,0,0,0,0,0,0,0,0,1,0,0,1,11.682669,41.0,1681.0,583.70557,0.0,3.1846983
579,801,92,59200.0,54.09,168.5,0.0,0.0,1.0,0.0,1.0,73.0,0.0,0,0,0,0,0,0,1,0,0,1,0,0,10.988677,19.0,361.0,2925.728,0.0,3.9906492
580,801,95,73700.0,55.61,174.0,0.0,0.0,1.0,0.0,1.0,73.0,0.0,0,0,0,0,0,0,1,0,0,0,1,0,11.207758,22.0,484.0,3092.4722,0.0,4.018363
581,801,99,86115.0,56.45,203.0,0.0,0.0,1.0,0.0,1.0,73.0,0.0,0,0,0,0,0,0,1,0,0,0,0,1,11.363439,26.0,676.0,3186.6025,0.0,4.033355
582,802,92,46000.0,0.0,0.0,1.0,0.0,0.0,0.0,1.0,92.0,0.0,0,0,0,0,0,0,1,0,0,1,0,0,10.736397,0.0,0.0,0.0,1.0,
583,802,95,53400.0,24.96,32.0,0.0,1.0,0.0,0.0,1.0,92.0,0.0,0,0,0,0,0,0,1,0,0,0,1,0,10.885566,3.0,9.0,623.0015,0.0,3.2172744
584,802,99,82600.0,84.2,109.5,0.0,1.0,0.0,0.0,1.0,92.0,0.0,0,0,0,0,0,0,1,0,0,0,0,1,11.321765,7.0,49.0,7089.6396,0.0,4.433195
585,803,92,52400.0,90.3,130.167,0.0,1.0,0.0,0.0,1.0,87.0,0.0,0,0,0,0,0,0,1,0,0,1,0,0,10.866662,5.0,25.0,8154.0903,0.0,4.5031376
586,803,95,70800.0,23.87,172.33,0.0,1.0,0.0,0.0,1.0,87.0,0.0,0,0,0,0,0,0,1,0,0,0,1,0,11.167614,8.0,64.0,569.7769,0.0,3.1726224
587,803,99,93100.0,39.73,213.67,0.0,0.0,1.0,0.0,1.0,87.0,0.0,0,0,0,0,0,0,1,0,0,0,0,1,11.441429,12.0,144.0,1578.4729,0.0,3.6821065
588,804,92,98124.0,116.42,250.167,0.0,0.0,1.0,0.0,1.0,74.0,0.0,0,0,0,0,0,0,1,0,0,1,0,0,11.493987,18.0,324.0,13553.616,0.0,4.7572045
589,804,95,122388.0,117.27,265.5,0.0,0.0,1.0,0.0,1.0,74.0,0.0,0,0,0,0,0,0,1,0,0,0,1,0,11.7149515,21.0,441.0,13752.252,0.0,4.764479
590,804,99,143674.0,121.77,294.67,0.0,0.0,1.0,0.0,1.0,74.0,0.0,0,0,0,0,0,0,1,0,0,0,0,1,11.875302,25.0,625.0,14827.932,0.0,4.802134
591,806,92,,0.0,0.0,0.0,0.0,0.0,0.0,0.0,95.0,0.0,0,0,0,0,0,0,1,0,0,1,0,0,,0.0,0.0,0.0,1.0,
592,806,95,52000.0,0.0,8.0,0.0,0.0,0.0,0.0,0.0,95.0,0.0,0,0,0,0,0,0,1,0,0,0,1,0,10.858999,0.0,0.0,0.0,1.0,
593,806,99,63900.0,29.39,70.5,1.0,0.0,0.0,0.0,0.0,95.0,0.0,0,0,0,0,0,0,1,0,0,0,0,1,11.065075,4.0,16.0,863.77203,0.0,3.3806546
594,807,92,45000.0,0.0,0.0,1.0,0.0,0.0,0.0,1.0,92.0,0.0,0,0,0,0,0,0,1,0,0,1,0,0,10.714417,0.0,0.0,0.0,1.0,
595,807,95,52675.0,0.0,12.0,1.0,0.0,0.0,0.0,1.0,92.0,0.0,0,0,0,0,0,0,1,0,0,0,1,0,10.871896,3.0,9.0,0.0,1.0,
596,807,99,65950.0,3.75,53.5,1.0,0.0,0.0,0.0,1.0,92.0,0.0,0,0,0,0,0,0,1,0,0,0,0,1,11.096652,7.0,49.0,14.0625,0.0,1.3217559
597,808,92,78600.0,43.66,128.33,0.0,0.0,1.0,0.0,1.0,74.0,0.0,0,0,0,0,0,0,1,0,0,1,0,0,11.272127,18.0,324.0,1906.1956,0.0,3.7764323
598,808,95,90200.0,54.42,167.17,0.0,0.0,1.0,0.0,1.0,74.0,0.0,0,0,0,0,0,0,1,0,0,0,1,0,11.409784,21.0,441.0,2961.5361,0.0,3.9967318
599,808,99,164320.0,55.33,178.67,0.0,0.0,1.0,0.0,1.0,74.0,0.0,0,0,0,0,0,0,1,0,0,0,0,1,12.009571,25.0,625.0,3061.4092,0.0,4.013315
600,809,92,84700.0,33.12,77.9,0.0,0.0,1.0,0.0,1.0,73.0,0.0,0,0,0,0,0,0,1,0,0,1,0,0,11.34687,19.0,361.0,1096.9343,0.0,3.5001373
601,809,95,105800.0,33.12,77.9,0.0,0.0,1.0,0.0,1.0,73.0,0.0,0,0,0,0,0,0,1,0,0,0,1,0,11.569305,22.0,484.0,1096.9343,0.0,3.5001373
602,809,99,128500.0,33.12,77.9,0.0,0.0,1.0,0.0,1.0,73.0,0.0,0,0,0,0,0,0,1,0,0,0,0,1,11.763684,26.0,676.0,1096.9343,0.0,3.5001373
603,810,92,91000.0,80.69,379.67,0.0,0.0,1.0,0.0,1.0,71.0,0.0,0,0,0,0,0,0,1,0,0,1,0,0,11.418614,21.0,441.0,6510.8765,0.0,4.3906145
604,810,95,108000.0,86.19,488.0,0.0,0.0,1.0,0.0,1.0,71.0,0.0,0,0,0,0,0,0,1,0,0,0,1,0,11.589887,24.0,576.0,7428.7163,0.0,4.4565544
605,810,99,,88.57,527.0,0.0,0.0,1.0,0.0,1.0,71.0,0.0,0,0,0,0,0,0,1,0,0,0,0,1,,28.0,784.0,7844.645,0.0,4.4837933
606,811,92,90000.0,104.77,234.167,0.0,0.0,1.0,0.0,1.0,76.0,0.0,0,0,0,0,0,0,1,0,0,1,0,0,11.407565,16.0,256.0,10976.752,0.0,4.6517673
607,811,95,108600.0,113.15,282.33,0.0,0.0,1.0,0.0,1.0,76.0,0.0,0,0,0,0,0,0,1,0,0,0,1,0,11.595427,19.0,361.0,12802.923,0.0,4.7287145
608,811,99,134400.0,152.61,360.33,0.0,0.0,1.0,0.0,1.0,76.0,0.0,0,0,0,0,0,0,1,0,0,0,0,1,11.808576,23.0,529.0,23289.812,0.0,5.0278854
609,812,92,92500.0,108.3,544.0,0.0,0.0,1.0,0.0,1.0,65.0,0.0,0,0,0,0,0,0,1,0,0,1,0,0,11.434964,27.0,729.0,11728.891,0.0,4.684905
610,812,95,139000.0,118.38,577.0,0.0,0.0,1.0,0.0,1.0,65.0,0.0,0,0,0,0,0,0,1,0,0,0,1,0,11.842229,30.0,900.0,14013.824,0.0,4.7738996
611,812,99,150300.0,125.49,647.0,0.0,0.0,1.0,0.0,1.0,65.0,0.0,0,0,0,0,0,0,1,0,0,0,0,1,11.920388,34.0,1156.0,15747.739,0.0,4.8322263
612,813,92,,0.0,4.67,1.0,0.0,0.0,0.0,1.0,93.0,0.0,0,0,0,0,0,0,1,0,0,1,0,0,,0.0,0.0,0.0,1.0,
613,813,95,50200.0,1.23,15.33,1.0,0.0,0.0,0.0,1.0,93.0,0.0,0,0,0,0,0,0,1,0,0,0,1,0,10.8237705,2.0,4.0,1.5129,0.0,0.20701419
614,813,99,61650.0,4.56,50.33,1.0,0.0,0.0,0.0,1.0,93.0,0.0,0,0,0,0,0,0,1,0,0,0,0,1,11.029228,6.0,36.0,20.7936,0.0,1.5173227
615,814,92,73000.0,44.97,114.0,0.0,0.0,1.0,0.0,0.0,73.0,0.0,0,0,0,0,0,0,1,0,0,1,0,0,11.198215,19.0,361.0,2022.301,0.0,3.8059957
616,814,95,79800.0,45.98,146.0,0.0,0.0,1.0,0.0,0.0,73.0,0.0,0,0,0,0,0,0,1,0,0,0,1,0,11.287279,22.0,484.0,2114.1604,0.0,3.8282065
617,814,99,88700.0,50.32,176.5,0.0,0.0,1.0,0.0,0.0,73.0,0.0,0,0,0,0,0,0,1,0,0,0,0,1,11.393015,26.0,676.0,2532.1023,0.0,3.9184027
618,815,92,82500.0,13.09,122.5,0.0,0.0,1.0,0.0,1.0,64.0,0.0,0,0,0,0,0,0,1,0,0,1,0,0,11.320554,28.0,784.0,171.3481,0.0,2.5718486
619,815,95,90000.0,13.09,125.5,0.0,0.0,1.0,0.0,1.0,64.0,0.0,0,0,0,0,0,0,1,0,0,0,1,0,11.407565,31.0,961.0,171.3481,0.0,2.5718486
620,815,99,95700.0,13.09,125.5,0.0,0.0,1.0,0.0,1.0,64.0,0.0,0,0,0,0,0,0,1,0,0,0,0,1,11.468973,35.0,1225.0,171.3481,0.0,2.5718486
621,816,92,76800.0,118.84,226.67,0.0,0.0,1.0,0.0,1.0,66.0,0.0,0,0,0,0,0,0,1,0,0,1,0,0,11.24896,26.0,676.0,14122.944,0.0,4.777778
622,816,95,85700.0,130.2,238.5,0.0,0.0,1.0,0.0,1.0,66.0,0.0,0,0,0,0,0,0,1,0,0,0,1,0,11.358608,29.0,841.0,16952.04,0.0,4.8690715
623,816,99,97300.0,134.21,255.5,0.0,0.0,1.0,0.0,1.0,66.0,0.0,0,0,0,0,0,0,1,0,0,0,0,1,11.485555,33.0,1089.0,18012.326,0.0,4.899406
624,817,92,57200.0,46.08,69.5,0.0,1.0,0.0,0.0,1.0,87.0,0.0,0,0,0,0,0,0,1,0,0,1,0,0,10.954309,5.0,25.0,2123.3665,0.0,3.830379
625,817,95,73300.0,83.88,140.5,0.0,0.0,1.0,0.0,1.0,87.0,0.0,0,0,0,0,0,0,1,0,0,0,1,0,11.202316,8.0,64.0,7035.854,0.0,4.429387
626,817,99,89500.0,94.48,146.5,0.0,0.0,1.0,0.0,1.0,87.0,0.0,0,0,0,0,0,0,1,0,0,0,0,1,11.401994,12.0,144.0,8926.471,0.0,4.548388
627,818,92,61000.0,2.54,22.0,1.0,0.0,0.0,0.0,0.0,88.0,0.0,0,0,0,0,0,0,1,0,0,1,0,0,11.018629,4.0,16.0,6.4515996,0.0,0.9321641
628,818,95,75000.0,13.28,101.5,1.0,0.0,0.0,0.0,0.0,88.0,0.0,0,0,0,0,0,0,1,0,0,0,1,0,11.225244,7.0,49.0,176.3584,0.0,2.5862591
629,818,99,95000.0,45.81,139.0,0.0,1.0,0.0,0.0,0.0,88.0,0.0,0,0,0,0,0,0,1,0,0,0,0,1,11.461632,11.0,121.0,2098.5562,0.0,3.8245025
630,819,92,70500.0,125.67,365.0,0.0,0.0,1.0,0.0,1.0,75.0,0.0,0,0,0,0,0,0,1,0,0,1,0,0,11.163368,17.0,289.0,15792.948,0.0,4.833659
631,819,95,78400.0,129.27,453.0,0.0,0.0,1.0,0.0,1.0,75.0,0.0,0,0,0,0,0,0,1,0,0,0,1,0,11.269579,20.0,400.0,16710.734,0.0,4.861903
632,819,99,97600.0,145.27,461.0,0.0,0.0,1.0,0.0,1.0,75.0,0.0,0,0,0,0,0,0,1,0,0,0,0,1,11.488633,24.0,576.0,21103.375,0.0,4.9785943
633,820,92,54400.0,21.15,126.0,0.0,0.0,1.0,0.0,1.0,83.0,0.0,0,0,0,0,0,0,1,0,0,1,0,0,10.9041195,9.0,81.0,447.32248,0.0,3.0516398
634,820,95,73200.0,51.21,176.167,0.0,0.0,1.0,0.0,1.0,83.0,0.0,0,0,0,0,0,0,1,0,0,0,1,0,11.200951,12.0,144.0,2622.464,0.0,3.9359348
635,820,99,91900.0,57.62,200.167,0.0,0.0,1.0,0.0,1.0,83.0,0.0,0,0,0,0,0,0,1,0,0,0,0,1,11.428456,16.0,256.0,3320.0642,0.0,4.0538697
636,821,92,64000.0,27.55,39.67,0.0,1.0,0.0,0.0,1.0,87.0,0.0,0,0,0,0,0,0,1,0,0,1,0,0,11.066638,5.0,25.0,759.00244,0.0,3.3160026
637,821,95,82400.0,114.69,156.83,0.0,0.0,1.0,0.0,1.0,87.0,0.0,0,0,0,0,0,0,1,0,0,0,1,0,11.319341,8.0,64.0,13153.797,0.0,4.742233
638,821,99,118800.0,147.92,191.167,0.0,0.0,1.0,0.0,1.0,87.0,0.0,0,0,0,0,0,0,1,0,0,0,0,1,11.685197,12.0,144.0,21880.326,0.0,4.9966717
639,822,92,54400.0,32.85,100.167,0.0,1.0,0.0,0.0,1.0,86.0,0.0,0,0,0,0,0,0,1,0,0,1,0,0,10.9041195,6.0,36.0,1079.1224,0.0,3.4919517
640,822,95,67800.0,39.6,117.167,0.0,0.0,1.0,0.0,1.0,86.0,0.0,0,0,0,0,0,0,1,0,0,0,1,0,11.124317,9.0,81.0,1568.1599,0.0,3.6788292
641,822,99,93040.0,51.82,131.67,0.0,0.0,1.0,0.0,1.0,86.0,0.0,0,0,0,0,0,0,1,0,0,0,0,1,11.440784,13.0,169.0,2685.3123,0.0,3.947776
642,823,92,84000.0,55.67,346.83,0.0,0.0,1.0,0.0,1.0,57.0,0.0,0,0,0,0,0,0,1,0,0,1,0,0,11.3385725,35.0,1225.0,3099.1487,0.0,4.0194416
643,823,95,89200.0,55.67,346.83,0.0,0.0,1.0,0.0,1.0,57.0,0.0,0,0,0,0,0,0,1,0,0,0,1,0,11.398636,38.0,1444.0,3099.1487,0.0,4.0194416
644,823,99,91000.0,56.3,357.83,0.0,0.0,1.0,0.0,1.0,57.0,0.0,0,0,0,0,0,0,1,0,0,0,0,1,11.418614,42.0,1764.0,3169.69,0.0,4.0306945
645,824,92,89300.0,121.91,184.83,0.0,0.0,1.0,0.0,1.0,73.0,0.0,0,0,0,0,0,0,1,0,0,1,0,0,11.399756,19.0,361.0,14862.049,0.0,4.803283
646,824,95,96300.0,143.62,219.0,0.0,0.0,1.0,0.0,1.0,73.0,0.0,0,0,0,0,0,0,1,0,0,0,1,0,11.475224,22.0,484.0,20626.703,0.0,4.9671707
647,824,99,103200.0,164.1,236.0,0.0,0.0,1.0,0.0,1.0,73.0,0.0,0,0,0,0,0,0,1,0,0,0,0,1,11.544424,26.0,676.0,26928.812,0.0,5.1004763
648,825,92,94200.0,31.57,163.0,0.0,0.0,1.0,0.0,1.0,71.0,0.0,0,0,0,0,0,0,1,0,0,1,0,0,11.453176,21.0,441.0,996.66486,0.0,3.4522073
649,825,95,100500.0,36.17,210.0,0.0,0.0,1.0,0.0,1.0,71.0,0.0,0,0,0,0,0,0,1,0,0,0,1,0,11.517913,24.0,576.0,1308.2688,0.0,3.58823
650,825,99,102000.0,36.17,250.0,0.0,0.0,1.0,0.0,1.0,71.0,0.0,0,0,0,0,0,0,1,0,0,0,0,1,11.532728,28.0,784.0,1308.2688,0.0,3.58823
651,826,92,67000.0,71.89,216.67,0.0,0.0,1.0,0.0,1.0,89.0,0.0,0,0,0,0,0,0,1,0,0,1,0,0,11.112448,3.0,9.0,5168.172,0.0,4.275137
652,826,95,87700.0,86.94,232.67,0.0,0.0,1.0,0.0,1.0,89.0,0.0,0,0,0,0,0,0,1,0,0,0,1,0,11.381678,6.0,36.0,7558.564,0.0,4.465218
653,826,99,108200.0,92.24,306.83,0.0,0.0,1.0,0.0,1.0,89.0,0.0,0,0,0,0,0,0,1,0,0,0,0,1,11.591737,10.0,100.0,8508.217,0.0,4.524394
654,827,92,61500.0,36.23,55.5,0.0,0.0,1.0,0.0,1.0,70.0,0.0,0,0,0,0,0,0,1,0,0,1,0,0,11.026793,22.0,484.0,1312.6129,0.0,3.5898874
655,827,95,71600.0,36.23,55.5,0.0,0.0,1.0,0.0,1.0,70.0,0.0,0,0,0,0,0,0,1,0,0,0,1,0,11.17885,25.0,625.0,1312.6129,0.0,3.5898874
656,827,99,85000.0,36.23,55.5,0.0,0.0,1.0,0.0,1.0,70.0,0.0,0,0,0,0,0,0,1,0,0,0,0,1,11.350407,29.0,841.0,1312.6129,0.0,3.5898874
657,828,92,77000.0,78.65,299.333,0.0,0.0,1.0,0.0,1.0,80.0,0.0,0,0,0,0,0,0,1,0,0,1,0,0,11.251561,12.0,144.0,6185.8228,0.0,4.365008
658,828,95,97000.0,118.58,489.83,0.0,0.0,1.0,0.0,1.0,80.0,0.0,0,0,0,0,0,0,1,0,0,0,1,0,11.482467,15.0,225.0,14061.217,0.0,4.775588
659,828,99,123600.0,141.16,599.25,0.0,0.0,1.0,0.0,1.0,80.0,0.0,0,0,0,0,0,0,1,0,0,0,0,1,11.724806,19.0,361.0,19926.146,0.0,4.949894
660,829,92,63000.0,72.06,122.083,0.0,0.0,1.0,0.0,1.0,83.0,0.0,0,0,0,0,0,0,1,0,0,1,0,0,11.05089,9.0,81.0,5192.643,0.0,4.277499
661,829,95,87700.0,73.59,126.75,0.0,0.0,1.0,0.0,1.0,83.0,0.0,0,0,0,0,0,0,1,0,0,0,1,0,11.381678,12.0,144.0,5415.488,0.0,4.298509
662,829,99,100500.0,73.64,134.25,0.0,0.0,1.0,0.0,1.0,83.0,0.0,0,0,0,0,0,0,1,0,0,0,0,1,11.517913,16.0,256.0,5422.8496,0.0,4.299188
663,830,92,,0.72,0.0,0.0,0.0,0.0,0.0,1.0,95.0,0.0,0,0,0,0,0,0,1,0,0,1,0,0,,0.0,0.0,0.5184,0.0,-0.32850403
664,830,95,52000.0,0.72,7.0,1.0,0.0,0.0,0.0,1.0,95.0,0.0,0,0,0,0,0,0,1,0,0,0,1,0,10.858999,0.0,0.0,0.5184,0.0,-0.32850403
665,830,99,67600.0,40.28,114.5,1.0,0.0,0.0,0.0,1.0,95.0,0.0,0,0,0,0,0,0,1,0,0,0,0,1,11.121364,4.0,16.0,1622.4783,0.0,3.6958551
666,831,92,52000.0,27.41,39.67,1.0,0.0,0.0,0.0,1.0,83.0,0.0,0,0,0,0,0,0,1,0,0,1,0,0,10.858999,9.0,81.0,751.3081,0.0,3.3109078
667,831,95,61200.0,41.94,57.0,0.0,1.0,0.0,0.0,1.0,83.0,0.0,0,0,0,0,0,0,1,0,0,0,1,0,11.021902,12.0,144.0,1758.9635,0.0,3.73624
668,831,99,119700.0,84.09,112.33,0.0,0.0,1.0,0.0,1.0,83.0,0.0,0,0,0,0,0,0,1,0,0,0,0,1,11.692744,16.0,256.0,7071.1274,0.0,4.4318876
669,832,92,78500.0,184.89,243.0,0.0,0.0,1.0,0.0,1.0,68.0,0.0,0,0,0,0,0,0,1,0,0,1,0,0,11.270854,24.0,576.0,34184.312,0.0,5.219761
670,832,95,86600.0,188.89,248.0,0.0,0.0,1.0,0.0,1.0,68.0,0.0,0,0,0,0,0,0,1,0,0,0,1,0,11.369055,27.0,729.0,35679.434,0.0,5.2411647
671,832,99,132782.0,209.91,302.167,0.0,0.0,1.0,0.0,1.0,68.0,0.0,0,0,0,0,0,0,1,0,0,0,0,1,11.796464,31.0,961.0,44062.21,0.0,5.3466787
672,833,92,93000.0,44.55,233.33,0.0,0.0,1.0,0.0,1.0,58.0,0.0,0,0,0,0,0,0,1,0,0,1,0,0,11.440354,34.0,1156.0,1984.7024,0.0,3.796612
673,833,95,100000.0,45.1,265.167,0.0,0.0,1.0,0.0,1.0,58.0,0.0,0,0,0,0,0,0,1,0,0,0,1,0,11.512925,37.0,1369.0,2034.0099,0.0,3.8088822
674,833,99,102280.0,46.46,344.167,0.0,0.0,1.0,0.0,1.0,58.0,0.0,0,0,0,0,0,0,1,0,0,0,0,1,11.535469,41.0,1681.0,2158.5315,0.0,3.8385918
675,834,92,61400.0,37.88,359.5,0.0,0.0,1.0,0.0,1.0,66.0,0.0,0,0,0,0,0,0,1,0,0,1,0,0,11.025166,26.0,676.0,1434.8945,0.0,3.6344233
676,834,95,69700.0,37.88,390.83,0.0,0.0,1.0,0.0,1.0,66.0,0.0,0,0,0,0,0,0,1,0,0,0,1,0,11.151956,29.0,841.0,1434.8945,0.0,3.6344233
677,834,99,80850.0,41.27,396.83,0.0,0.0,1.0,0.0,1.0,66.0,0.0,0,0,0,0,0,0,1,0,0,0,0,1,11.300351,33.0,1089.0,1703.2129,0.0,3.720136
678,835,92,58000.0,16.82,90.0,0.0,0.0,1.0,0.0,1.0,81.0,0.0,0,0,0,0,0,0,1,0,0,1,0,0,10.968198,11.0,121.0,282.91238,0.0,2.8225687
679,835,95,63350.0,18.37,99.5,0.0,0.0,1.0,0.0,1.0,81.0,0.0,0,0,0,0,0,0,1,0,0,0,1,0,11.05643,14.0,196.0,337.45694,0.0,2.910719
680,835,99,75700.0,24.9,106.67,0.0,0.0,1.0,0.0,1.0,81.0,0.0,0,0,0,0,0,0,1,0,0,0,0,1,11.234533,18.0,324.0,620.01,0.0,3.2148678
681,836,92,79000.0,54.57,395.5,0.0,0.0,1.0,0.0,1.0,73.0,0.0,0,0,0,0,0,0,1,0,0,1,0,0,11.277204,19.0,361.0,2977.8848,0.0,3.9994843
682,836,95,93200.0,63.48,457.0,0.0,0.0,1.0,0.0,1.0,73.0,0.0,0,0,0,0,0,0,1,0,0,0,1,0,11.442503,22.0,484.0,4029.7104,0.0,4.150725
683,836,99,107400.0,82.85,506.167,0.0,0.0,1.0,0.0,1.0,73.0,0.0,0,0,0,0,0,0,1,0,0,0,0,1,11.584315,26.0,676.0,6864.122,0.0,4.417032
684,837,92,,135.29,176.0,0.0,0.0,1.0,0.0,0.0,71.0,0.0,0,0,0,0,0,0,1,0,0,1,0,0,,21.0,441.0,18303.383,0.0,4.9074206
685,837,95,161000.0,148.97,240.0,0.0,0.0,1.0,0.0,0.0,71.0,0.0,0,0,0,0,0,0,1,0,0,0,1,0,11.98916,24.0,576.0,22192.06,0.0,5.003745
686,837,99,122700.0,157.06,305.5,0.0,0.0,1.0,0.0,0.0,71.0,0.0,0,0,0,0,0,0,1,0,0,0,0,1,11.717498,28.0,784.0,24667.844,0.0,5.0566278
687,901,92,111060.0,0.0,,0.0,0.0,1.0,0.0,1.0,50.0,0.0,0,0,0,0,0,0,0,1,0,1,0,0,11.6178255,42.0,1764.0,0.0,1.0,
688,901,95,117314.0,0.0,,0.0,0.0,1.0,0.0,1.0,50.0,0.0,0,0,0,0,0,0,0,1,0,0,1,0,11.672609,45.0,2025.0,0.0,1.0,
689,901,99,,0.0,,0.0,0.0,1.0,0.0,1.0,50.0,0.0,0,0,0,0,0,0,0,1,0,0,0,1,,49.0,2401.0,0.0,1.0,
690,902,92,110068.0,137.36,380.83,0.0,0.0,1.0,0.0,1.0,77.0,0.0,0,0,0,0,0,0,0,1,0,1,0,0,11.608853,15.0,225.0,18867.77,0.0,4.922605
691,902,95,119165.0,137.36,433.83,0.0,0.0,1.0,0.0,1.0,77.0,0.0,0,0,0,0,0,0,0,1,0,0,1,0,11.688264,18.0,324.0,18867.77,0.0,4.922605
692,902,99,129550.0,178.79,511.33,0.0,0.0,1.0,0.0,1.0,77.0,0.0,0,0,0,0,0,0,0,1,0,0,0,1,11.771822,22.0,484.0,31965.861,0.0,5.186212
693,903,92,55715.0,0.0,,,,,,,,,0,0,0,0,0,0,0,1,0,1,0,0,10.928004,,,0.0,1.0,
694,903,95,57511.0,0.0,,,,,,,,,0,0,0,0,0,0,0,1,0,0,1,0,10.959731,,,0.0,1.0,
695,903,99,,0.0,,,,,,,,,0,0,0,0,0,0,0,1,0,0,0,1,,,,0.0,1.0,
696,904,92,,80.78,137.83,0.0,0.0,1.0,0.0,1.0,83.0,0.0,0,0,0,0,0,0,0,1,0,1,0,0,,9.0,81.0,6525.408,0.0,4.3917294
697,904,95,99308.0,90.43,163.33,0.0,0.0,1.0,0.0,1.0,83.0,0.0,0,0,0,0,0,0,0,1,0,0,1,0,11.505981,12.0,144.0,8177.585,0.0,4.504576
698,904,99,111655.0,130.16,206.17,0.0,0.0,1.0,0.0,1.0,83.0,0.0,0,0,0,0,0,0,0,1,0,0,0,1,11.623169,16.0,256.0,16941.627,0.0,4.8687644
699,905,92,,36.37,103.5,0.0,0.0,0.0,0.0,1.0,86.0,0.0,0,0,0,0,0,0,0,1,0,1,0,0,,6.0,36.0,1322.7769,0.0,3.5937443
700,905,95,81450.0,56.23,194.0,0.0,1.0,0.0,0.0,1.0,86.0,0.0,0,0,0,0,0,0,0,1,0,0,1,0,11.307745,9.0,81.0,3161.8127,0.0,4.0294504
701,905,99,100000.0,60.34,231.83,0.0,0.0,1.0,0.0,1.0,86.0,0.0,0,0,0,0,0,0,0,1,0,0,0,1,11.512925,13.0,169.0,3640.9155,0.0,4.099995
702,906,92,52533.0,0.0,,,,,,,,,0,0,0,0,0,0,0,1,0,1,0,0,10.869197,,,0.0,1.0,
703,906,95,54225.0,0.0,,,,,,,,,0,0,0,0,0,0,0,1,0,0,1,0,10.900897,,,0.0,1.0,
704,906,99,,0.0,,,,,,,,,0,0,0,0,0,0,0,1,0,0,0,1,,,,0.0,1.0,
705,907,92,,0.0,,,,,,,,,0,0,0,0,0,0,0,1,0,1,0,0,,,,0.0,1.0,
706,907,95,,0.0,,,,,,,,,0,0,0,0,0,0,0,1,0,0,1,0,,,,0.0,1.0,
707,907,99,,0.0,,,,,,,,,0,0,0,0,0,0,0,1,0,0,0,1,,,,0.0,1.0,
708,908,92,,0.0,,,,,,,,,0,0,0,0,0,0,0,1,0,1,0,0,,,,0.0,1.0,
709,908,95,,0.0,,,,,,,,,0,0,0,0,0,0,0,1,0,0,1,0,,,,0.0,1.0,
710,908,99,,0.0,,,,,,,,,0,0,0,0,0,0,0,1,0,0,0,1,,,,0.0,1.0,
711,909,92,112162.0,0.0,,,,,,,,,0,0,0,0,0,0,0,1,0,1,0,0,11.6277,,,0.0,1.0,
712,909,95,118183.0,0.0,,,,,,,,,0,0,0,0,0,0,0,1,0,0,1,0,11.67999,,,0.0,1.0,
713,909,99,,0.0,,,,,,,,,0,0,0,0,0,0,0,1,0,0,0,1,,,,0.0,1.0,
714,910,92,85816.0,0.0,,0.0,0.0,1.0,0.0,1.0,58.0,0.0,0,0,0,0,0,0,0,1,0,1,0,0,11.359961,34.0,1156.0,0.0,1.0,
715,910,95,102699.0,0.0,,0.0,0.0,1.0,0.0,1.0,58.0,0.0,0,0,0,0,0,0,0,1,0,0,1,0,11.539557,37.0,1369.0,0.0,1.0,
716,910,99,,0.0,,0.0,0.0,1.0,0.0,1.0,58.0,0.0,0,0,0,0,0,0,0,1,0,0,0,1,,41.0,1681.0,0.0,1.0,
717,911,92,110429.0,84.91,330.83,0.0,0.0,1.0,0.0,0.0,63.0,0.0,0,0,0,0,0,0,0,1,0,1,0,0,11.612128,29.0,841.0,7209.7085,0.0,4.4415917
718,911,95,121053.0,86.66,346.17,0.0,0.0,1.0,0.0,0.0,63.0,0.0,0,0,0,0,0,0,0,1,0,0,1,0,11.703983,32.0,1024.0,7509.956,0.0,4.4619923
719,911,99,129295.0,86.66,346.17,0.0,0.0,1.0,0.0,0.0,63.0,0.0,0,0,0,0,0,0,0,1,0,0,0,1,11.769852,36.0,1296.0,7509.956,0.0,4.4619923
720,912,92,,0.0,,,,,,,,,0,0,0,0,0,0,0,1,0,1,0,0,,,,0.0,1.0,
721,912,95,,0.0,,,,,,,,,0,0,0,0,0,0,0,1,0,0,1,0,,,,0.0,1.0,
722,912,99,,0.0,,,,,,,,,0,0,0,0,0,0,0,1,0,0,0,1,,,,0.0,1.0,
723,913,92,87700.0,38.13,200.5,0.0,0.0,1.0,0.0,1.0,61.0,0.0,0,0,0,0,0,0,0,1,0,1,0,0,11.381678,31.0,961.0,1453.897,0.0,3.6410015
724,913,95,94814.0,38.13,217.5,0.0,0.0,1.0,0.0,1.0,61.0,0.0,0,0,0,0,0,0,0,1,0,0,1,0,11.459672,34.0,1156.0,1453.897,0.0,3.6410015
725,913,99,98930.0,38.13,237.5,0.0,0.0,1.0,0.0,1.0,61.0,0.0,0,0,0,0,0,0,0,1,0,0,0,1,11.502168,38.0,1444.0,1453.897,0.0,3.6410015
726,914,92,70042.0,40.46,115.17,0.0,1.0,0.0,0.0,1.0,86.0,0.0,0,0,0,0,0,0,0,1,0,1,0,0,11.156851,6.0,36.0,1637.0115,0.0,3.7003138
727,914,95,74697.0,82.71,194.17,0.0,1.0,0.0,0.0,1.0,86.0,0.0,0,0,0,0,0,0,0,1,0,0,1,0,11.221195,9.0,81.0,6840.944,0.0,4.4153404
728,914,99,110000.0,112.73,252.0,0.0,0.0,1.0,0.0,1.0,86.0,0.0,0,0,0,0,0,0,0,1,0,0,0,1,11.608235,13.0,169.0,12708.054,0.0,4.7249956
729,915,92,,0.0,,,,,,,,,0,0,0,0,0,0,0,1,0,1,0,0,,,,0.0,1.0,
730,915,95,,0.0,,,,,,,,,0,0,0,0,0,0,0,1,0,0,1,0,,,,0.0,1.0,
731,915,99,,0.0,,,,,,,,,0,0,0,0,0,0,0,1,0,0,0,1,,,,0.0,1.0,
732,916,92,85000.0,90.08,142.67,0.0,0.0,1.0,0.0,1.0,73.0,0.0,0,0,0,0,0,0,0,1,0,1,0,0,11.350407,19.0,361.0,8114.4067,0.0,4.500698
733,916,95,102149.0,103.1,204.67,0.0,0.0,1.0,0.0,1.0,73.0,0.0,0,0,0,0,0,0,0,1,0,0,1,0,11.534188,22.0,484.0,10629.609,0.0,4.6356993
734,916,99,107360.0,103.1,204.67,0.0,0.0,1.0,0.0,1.0,73.0,0.0,0,0,0,0,0,0,0,1,0,0,0,1,11.583943,26.0,676.0,10629.609,0.0,4.6356993
735,917,92,49553.0,47.42,58.83,1.0,0.0,0.0,0.0,,,0.0,0,0,0,0,0,0,0,1,0,1,0,0,10.810798,,,2248.6562,0.0,3.859044
736,917,95,67915.0,47.42,58.83,0.0,1.0,0.0,0.0,,,0.0,0,0,0,0,0,0,0,1,0,0,1,0,11.126012,,,2248.6562,0.0,3.859044
737,917,99,86155.0,55.62,95.33,0.0,0.0,1.0,0.0,,,0.0,0,0,0,0,0,0,0,1,0,0,0,1,11.363903,,,3093.5842,0.0,4.018543
738,918,92,,0.2,,0.0,0.0,0.0,0.0,1.0,93.0,0.0,0,0,0,0,0,0,0,1,0,1,0,0,,0.0,0.0,0.040000003,0.0,-1.609438
739,918,95,50700.0,0.2,,1.0,0.0,0.0,0.0,1.0,93.0,0.0,0,0,0,0,0,0,0,1,0,0,1,0,10.833681,2.0,4.0,0.040000003,0.0,-1.609438
740,918,99,52900.0,26.72,,1.0,0.0,0.0,0.0,1.0,93.0,0.0,0,0,0,0,0,0,0,1,0,0,0,1,10.876159,6.0,36.0,713.9584,0.0,3.2854123
741,919,92,43207.0,0.0,,,,,,,,,0,0,0,0,0,0,0,1,0,1,0,0,10.673758,,,0.0,1.0,
742,919,95,51138.0,0.0,,,,,,,,,0,0,0,0,0,0,0,1,0,0,1,0,10.842283,,,0.0,1.0,
743,919,99,,0.0,,,,,,,,,0,0,0,0,0,0,0,1,0,0,0,1,,,,0.0,1.0,
744,920,92,106542.0,65.53,292.08,0.0,0.0,1.0,0.0,,,0.0,0,0,0,0,0,0,0,1,0,1,0,0,11.576295,,,4294.1807,0.0,4.182508
745,920,95,118134.0,97.56,333.08,0.0,0.0,1.0,0.0,,,0.0,0,0,0,0,0,0,0,1,0,0,1,0,11.679575,,,9517.953,0.0,4.5804677
746,920,99,121430.0,129.6,418.58,0.0,0.0,1.0,0.0,,,0.0,0,0,0,0,0,0,0,1,0,0,0,1,11.707093,,,16796.162,0.0,4.864453
747,921,92,,69.47,89.5,0.0,0.0,0.0,0.0,1.0,86.0,0.0,0,0,0,0,0,0,0,1,0,1,0,0,,6.0,36.0,4826.081,0.0,4.240895
748,921,95,78751.0,95.72,125.5,0.0,1.0,0.0,,1.0,86.0,0.0,0,0,0,0,0,0,0,1,0,0,1,0,11.274046,9.0,81.0,9162.318,0.0,4.561427
749,921,99,116725.0,107.09,170.83,0.0,0.0,1.0,,1.0,86.0,0.0,0,0,0,0,0,0,0,1,0,0,0,1,11.667576,13.0,169.0,11468.268,0.0,4.6736693
750,922,92,65331.0,2.94,33.17,0.0,0.0,1.0,0.0,1.0,60.0,0.0,0,0,0,0,0,0,0,1,0,1,0,0,11.087222,32.0,1024.0,8.6436,0.0,1.0784096
751,922,95,67604.0,2.94,33.17,0.0,0.0,1.0,0.0,1.0,60.0,0.0,0,0,0,0,0,0,0,1,0,0,1,0,11.121423,35.0,1225.0,8.6436,0.0,1.0784096
752,922,99,68180.0,2.94,37.67,0.0,0.0,1.0,0.0,1.0,60.0,0.0,0,0,0,0,0,0,0,1,0,0,0,1,11.129907,39.0,1521.0,8.6436,0.0,1.0784096
753,923,92,75883.0,42.77,120.33,0.0,0.0,1.0,0.0,1.0,68.0,0.0,0,0,0,0,0,0,0,1,0,1,0,0,11.236948,24.0,576.0,1829.273,0.0,3.755837
754,923,95,83553.0,42.77,120.33,0.0,0.0,1.0,0.0,1.0,68.0,0.0,0,0,0,0,0,0,0,1,0,0,1,0,11.333237,27.0,729.0,1829.273,0.0,3.755837
755,923,99,93204.0,42.77,120.33,0.0,0.0,1.0,0.0,1.0,68.0,0.0,0,0,0,0,0,0,0,1,0,0,0,1,11.442546,31.0,961.0,1829.273,0.0,3.755837
756,924,92,77749.0,0.0,,,,,,,,,0,0,0,0,0,0,0,1,0,1,0,0,11.261241,,,0.0,1.0,
757,924,95,108000.0,0.0,,,,,,,,,0,0,0,0,0,0,0,1,0,0,1,0,11.589887,,,0.0,1.0,
758,924,99,,0.0,,,,,,,,,0,0,0,0,0,0,0,1,0,0,0,1,,,,0.0,1.0,
759,925,92,83241.0,124.55,530.33,0.0,0.0,1.0,0.0,0.0,78.0,0.0,0,0,0,0,0,0,0,1,0,1,0,0,11.329495,14.0,196.0,15512.703,0.0,4.824707
760,925,95,104092.0,188.96,686.67,0.0,0.0,1.0,0.0,0.0,78.0,0.0,0,0,0,0,0,0,0,1,0,0,1,0,11.55303,17.0,289.0,35705.883,0.0,5.241535
761,925,99,123099.0,248.9,767.33,0.0,0.0,1.0,0.0,0.0,78.0,0.0,0,0,0,0,0,0,0,1,0,0,0,1,11.720744,21.0,441.0,61951.207,0.0,5.517051
762,926,92,47810.0,3.99,25.0,1.0,0.0,0.0,0.0,1.0,88.0,0.0,0,0,0,0,0,0,0,1,0,1,0,0,10.77499,4.0,16.0,15.9201,0.0,1.3837912
763,926,95,55949.0,38.71,109.33,0.0,1.0,0.0,0.0,1.0,88.0,0.0,0,0,0,0,0,0,0,1,0,0,1,0,10.932196,7.0,49.0,1498.464,0.0,3.656098
764,926,99,105000.0,63.01,149.83,0.0,0.0,1.0,0.0,1.0,88.0,0.0,0,0,0,0,0,0,0,1,0,0,0,1,11.561716,11.0,121.0,3970.26,0.0,4.1432934
765,927,92,,75.11,168.75,0.0,1.0,0.0,,1.0,85.0,0.0,0,0,0,0,0,0,0,1,0,1,0,0,,7.0,49.0,5641.512,0.0,4.3189535
766,927,95,82411.0,77.86,204.75,0.0,1.0,0.0,,1.0,85.0,0.0,0,0,0,0,0,0,0,1,0,0,1,0,11.319474,10.0,100.0,6062.1797,0.0,4.3549123
767,927,99,126875.0,127.46,303.75,0.0,0.0,1.0,,1.0,85.0,0.0,0,0,0,0,0,0,0,1,0,0,0,1,11.7509575,14.0,196.0,16246.052,0.0,4.8478026
768,928,92,45358.0,0.0,,,,,,,,,0,0,0,0,0,0,0,1,0,1,0,0,10.722342,,,0.0,1.0,
769,928,95,57882.0,0.0,,,,,,,,,0,0,0,0,0,0,0,1,0,0,1,0,10.966162,,,0.0,1.0,
770,928,99,,0.0,,,,,,,,,0,0,0,0,0,0,0,1,0,0,0,1,,,,0.0,1.0,
771,929,92,56463.0,12.99,94.5,0.0,0.0,1.0,0.0,,,0.0,0,0,0,0,0,0,0,1,0,1,0,0,10.94134,,,168.7401,0.0,2.56418
772,929,95,79056.0,14.41,101.0,0.0,0.0,1.0,0.0,,,0.0,0,0,0,0,0,0,0,1,0,0,1,0,11.277912,,,207.6481,0.0,2.6679225
773,929,99,92500.0,14.57,106.0,0.0,0.0,1.0,0.0,,,0.0,0,0,0,0,0,0,0,1,0,0,0,1,11.434964,,,212.2849,0.0,2.6789646
774,930,92,47575.0,42.39,82.33,1.0,0.0,0.0,,1.0,86.0,0.0,0,0,0,0,0,0,0,1,0,1,0,0,10.770062,6.0,36.0,1796.912,0.0,3.7469125
775,930,95,61652.0,45.71,123.83,0.0,1.0,0.0,,1.0,86.0,0.0,0,0,0,0,0,0,0,1,0,0,1,0,11.029261,9.0,81.0,2089.404,0.0,3.8223171
776,930,99,90000.0,46.14,130.83,0.0,0.0,1.0,,1.0,86.0,0.0,0,0,0,0,0,0,0,1,0,0,0,1,11.407565,13.0,169.0,2128.8997,0.0,3.8316803
777,931,92,86122.0,83.84,199.0,0.0,0.0,1.0,1.0,1.0,83.0,0.0,0,0,0,0,0,0,0,1,0,1,0,0,11.363521,9.0,81.0,7029.145,0.0,4.4289103
778,931,95,98908.0,100.43,240.67,0.0,0.0,1.0,1.0,1.0,83.0,0.0,0,0,0,0,0,0,0,1,0,0,1,0,11.5019455,12.0,144.0,10086.185,0.0,4.609461
779,931,99,124225.0,121.38,279.17,0.0,0.0,1.0,1.0,1.0,83.0,0.0,0,0,0,0,0,0,0,1,0,0,0,1,11.72985,16.0,256.0,14733.104,0.0,4.798926
780,932,92,90856.0,72.71,269.17,0.0,0.0,1.0,0.0,1.0,73.0,1.0,0,0,0,0,0,0,0,1,0,1,0,0,11.417031,19.0,361.0,5286.744,0.0,4.286479
781,932,95,110090.0,73.46,294.0,0.0,0.0,1.0,0.0,1.0,73.0,1.0,0,0,0,0,0,0,0,1,0,0,1,0,11.609054,22.0,484.0,5396.3716,0.0,4.296741
782,932,99,122397.0,75.16,315.0,0.0,0.0,1.0,0.0,1.0,73.0,1.0,0,0,0,0,0,0,0,1,0,0,0,1,11.715025,26.0,676.0,5649.0264,0.0,4.319619
783,933,92,45755.0,2.19,9.5,1.0,0.0,0.0,0.0,1.0,91.0,0.0,0,0,0,0,0,0,0,1,0,1,0,0,10.731056,1.0,1.0,4.7961,0.0,0.7839016
784,933,95,51846.0,8.11,88.0,1.0,0.0,0.0,0.0,1.0,92.0,0.0,0,0,0,0,0,0,0,1,0,0,1,0,10.856033,3.0,9.0,65.772095,0.0,2.093098
785,933,99,69630.0,59.45,208.5,0.0,1.0,0.0,0.0,1.0,93.0,0.0,0,0,0,0,0,0,0,1,0,0,0,1,11.15095,6.0,36.0,3534.3025,0.0,4.0851355
