,educ,south,nonwhite,female,married,exper,expersq,union,lwage,age,year,y85,y85fem,y85educ,y85union
0,12,0,0,0,0,8,64,0,1.215,25,78,0,0,0,0
1,12,0,0,1,1,30,900,1,1.6094,47,78,0,0,0,0
2,6,0,0,0,1,38,1444,1,2.1401,49,78,0,0,0,0
3,12,0,0,0,1,19,361,1,2.0732,36,78,0,0,0,0
4,12,0,0,0,1,11,121,0,1.649,28,78,0,0,0,0
5,8,0,0,0,1,43,1849,0,1.7148,56,78,0,0,0,0
6,11,0,0,0,0,2,4,0,1.0986,18,78,0,0,0,0
7,15,0,0,1,0,9,81,0,1.8326,29,78,0,0,0,0
8,16,0,0,1,0,17,289,0,0.3567,38,78,0,0,0,0
9,15,0,0,0,1,23,529,1,2.1547,43,78,0,0,0,0
10,15,0,0,0,1,39,1521,1,1.9867,59,78,0,0,0,0
11,12,0,0,1,1,5,25,1,1.7047,22,78,0,0,0,0
12,11,0,0,0,1,27,729,1,2.1102,43,78,0,0,0,0
13,12,0,0,0,1,29,841,0,1.8326,46,78,0,0,0,0
14,12,0,0,0,0,7,49,0,1.3083,24,78,0,0,0,0
15,12,0,0,1,0,42,1764,1,2.23,59,78,0,0,0,0
16,18,0,0,0,1,35,1225,1,2.5257,58,78,0,0,0,0
17,18,0,0,1,1,31,961,1,2.3979,54,78,0,0,0,0
18,6,0,0,0,1,24,576,0,1.2528,35,78,0,0,0,0
19,14,0,1,0,1,14,196,1,2.0794,33,78,0,0,0,0
20,12,0,0,1,0,40,1600,1,2.0149,57,78,0,0,0,0
21,12,0,0,1,0,10,100,0,1.204,27,78,0,0,0,0
22,13,0,0,1,0,3,9,0,1.3863,21,78,0,0,0,0
23,13,0,0,0,0,2,4,0,1.2311,20,78,0,0,0,0
24,15,0,0,0,0,7,49,0,1.5041,27,78,0,0,0,0
25,16,0,0,0,0,29,841,0,2.5997,50,78,0,0,0,0
26,13,0,0,0,1,27,729,1,2.238,45,78,0,0,0,0
27,18,0,0,0,0,8,64,0,2.3539,31,78,0,0,0,0
28,10,0,0,0,1,6,36,1,2.5257,21,78,0,0,0,0
29,14,0,0,1,0,2,4,0,0.9361,21,78,0,0,0,0
30,8,0,0,0,0,36,1296,1,2.0149,49,78,0,0,0,0
31,15,0,0,1,1,23,529,1,1.1314,43,78,0,0,0,0
32,8,0,0,1,1,48,2304,1,1.6582,61,78,0,0,0,0
33,12,0,0,0,0,21,441,1,2.0677,38,78,0,0,0,0
34,8,0,0,0,1,11,121,1,2.082,24,78,0,0,0,0
35,12,0,0,1,1,26,676,1,2.1547,43,78,0,0,0,0
36,16,0,0,1,1,10,100,0,1.9671,31,78,0,0,0,0
37,14,0,0,0,1,37,1369,0,2.7593,56,78,0,0,0,0
38,13,0,0,0,1,21,441,0,1.2972,39,78,0,0,0,0
39,16,0,0,1,1,21,441,0,1.2528,42,78,0,0,0,0
40,13,0,0,0,0,6,36,1,2.3749,24,78,0,0,0,0
41,12,0,0,0,1,25,625,1,1.6368,42,78,0,0,0,0
42,13,0,0,0,0,5,25,0,1.2321,23,78,0,0,0,0
43,11,0,0,0,0,13,169,1,1.7492,29,78,0,0,0,0
44,16,0,0,0,0,15,225,0,2.3026,36,78,0,0,0,0
45,12,0,0,1,1,8,64,0,1.5581,25,78,0,0,0,0
46,10,0,0,0,1,8,64,1,1.6094,23,78,0,0,0,0
47,14,0,0,0,1,11,121,0,1.5581,30,78,0,0,0,0
48,12,0,1,0,1,34,1156,1,2.0541,51,78,0,0,0,0
49,13,0,0,0,0,8,64,0,1.8326,26,78,0,0,0,0
50,12,0,0,0,1,36,1296,0,1.9459,53,78,0,0,0,0
51,12,0,0,1,1,30,900,0,1.8326,47,78,0,0,0,0
52,16,0,0,1,1,5,25,1,1.1856,26,78,0,0,0,0
53,11,0,0,1,1,13,169,0,0.9118,29,78,0,0,0,0
54,11,0,0,0,0,2,4,1,1.8718,18,78,0,0,0,0
55,9,0,0,0,1,12,144,1,1.9459,26,78,0,0,0,0
56,18,0,0,0,1,24,576,0,2.1691,47,78,0,0,0,0
57,12,0,1,0,1,17,289,1,2.0149,34,78,0,0,0,0
58,8,0,0,0,1,50,2500,0,1.6448,63,78,0,0,0,0
59,18,0,0,0,1,8,64,0,2.1072,31,78,0,0,0,0
60,12,0,0,1,0,11,121,1,1.6292,28,78,0,0,0,0
61,12,0,0,0,1,7,49,0,1.0594,24,78,0,0,0,0
62,17,0,0,1,1,26,676,1,2.1691,48,78,0,0,0,0
63,8,0,0,0,1,19,361,0,1.3218,32,78,0,0,0,0
64,12,0,1,1,0,13,169,1,1.8555,30,78,0,0,0,0
65,12,0,0,0,1,9,81,1,1.7492,26,78,0,0,0,0
66,14,0,0,0,1,38,1444,0,1.9661,57,78,0,0,0,0
67,12,0,0,0,0,4,16,0,1.1982,21,78,0,0,0,0
68,14,0,0,1,0,11,121,0,1.9279,30,78,0,0,0,0
69,10,0,0,0,1,43,1849,0,2.3026,58,78,0,0,0,0
70,11,0,1,0,1,15,225,0,1.3863,31,78,0,0,0,0
71,12,0,1,0,1,31,961,1,-0.47,48,78,0,0,0,0
72,6,0,1,0,1,44,1936,1,1.3151,55,78,0,0,0,0
73,16,0,0,0,1,16,256,0,2.8994,37,78,0,0,0,0
74,12,0,0,0,1,25,625,1,1.9981,42,78,0,0,0,0
75,14,0,0,0,1,19,361,1,1.7047,38,78,0,0,0,0
76,12,0,0,1,0,3,9,0,1.1787,20,78,0,0,0,0
77,13,0,0,1,0,14,196,0,1.6094,32,78,0,0,0,0
78,12,0,0,0,1,30,900,0,2.0149,47,78,0,0,0,0
79,12,0,0,0,1,32,1024,1,2.4849,49,78,0,0,0,0
80,10,0,0,0,1,48,2304,1,2.0794,63,78,0,0,0,0
81,12,0,0,0,0,36,1296,1,2.1401,53,78,0,0,0,0
82,12,0,0,1,1,7,49,1,1.5828,24,78,0,0,0,0
83,12,0,0,0,1,19,361,1,2.3346,36,78,0,0,0,0
84,18,0,0,0,0,11,121,0,1.6503,34,78,0,0,0,0
85,13,0,0,0,1,32,1024,1,1.5476,50,78,0,0,0,0
86,12,0,0,1,1,10,100,0,1.7707,27,78,0,0,0,0
87,14,0,0,1,0,3,9,0,1.6094,22,78,0,0,0,0
88,16,0,0,1,1,10,100,0,1.2947,31,78,0,0,0,0
89,16,0,0,1,1,9,81,0,2.0402,30,78,0,0,0,0
90,12,0,0,1,1,13,169,1,1.3218,30,78,0,0,0,0
91,12,0,0,0,1,20,400,0,1.8563,37,78,0,0,0,0
92,12,0,0,0,1,30,900,1,2.1102,47,78,0,0,0,0
93,12,0,0,0,1,10,100,1,2.3632,27,78,0,0,0,0
94,18,0,0,1,0,17,289,0,0.6707,40,78,0,0,0,0
95,10,0,0,0,1,7,49,1,1.579,22,78,0,0,0,0
96,8,0,0,0,1,32,1024,0,2.1401,45,78,0,0,0,0
97,9,0,0,0,1,36,1296,1,1.663,50,78,0,0,0,0
98,14,0,0,0,1,43,1849,0,2.6127,62,78,0,0,0,0
99,16,0,0,0,1,9,81,0,2.1691,30,78,0,0,0,0
100,8,0,0,0,1,41,1681,1,1.6094,54,78,0,0,0,0
101,12,0,0,0,1,21,441,1,2.0794,38,78,0,0,0,0
102,14,0,0,0,1,26,676,0,1.5141,45,78,0,0,0,0
103,12,0,0,1,1,21,441,0,1.1907,38,78,0,0,0,0
104,12,0,0,1,1,42,1764,0,1.7918,59,78,0,0,0,0
105,12,0,0,0,1,41,1681,0,2.23,58,78,0,0,0,0
106,13,0,0,1,1,22,484,0,0.9746,40,78,0,0,0,0
107,18,0,0,0,1,10,100,0,2.0412,33,78,0,0,0,0
108,12,0,0,0,0,3,9,1,1.7918,20,78,0,0,0,0
109,14,0,0,0,0,14,196,0,2.1628,33,78,0,0,0,0
110,12,0,0,0,1,24,576,1,2.4849,41,78,0,0,0,0
111,12,0,0,0,1,13,169,1,1.7918,30,78,0,0,0,0
112,12,0,0,1,0,41,1681,1,1.6956,58,78,0,0,0,0
113,14,0,0,0,1,16,256,0,2.5257,35,78,0,0,0,0
114,12,1,0,0,0,3,9,0,0.9746,20,78,0,0,0,0
115,16,1,0,0,1,27,729,0,2.109,48,78,0,0,0,0
116,7,1,0,1,0,31,961,0,1.2947,43,78,0,0,0,0
117,11,1,0,1,0,2,4,0,0.9746,18,78,0,0,0,0
118,12,1,0,0,1,19,361,0,1.2238,36,78,0,0,0,0
119,1,1,0,0,1,47,2209,0,1.204,53,78,0,0,0,0
120,12,1,0,0,0,1,1,0,1.0473,18,78,0,0,0,0
121,9,1,0,0,1,5,25,0,1.8216,19,78,0,0,0,0
122,12,1,1,1,0,38,1444,1,1.1394,55,78,0,0,0,0
123,12,1,0,1,0,2,4,0,0.9163,19,78,0,0,0,0
124,12,1,0,0,1,19,361,0,2.2083,36,78,0,0,0,0
125,12,1,0,0,1,38,1444,1,2.1691,55,78,0,0,0,0
126,12,1,0,0,1,22,484,0,1.7918,39,78,0,0,0,0
127,12,1,0,0,1,6,36,0,1.3863,23,78,0,0,0,0
128,13,1,0,1,1,15,225,0,1.8718,33,78,0,0,0,0
129,12,1,0,0,1,27,729,0,1.204,44,78,0,0,0,0
130,12,1,0,1,0,1,1,0,1.2164,18,78,0,0,0,0
131,17,1,0,1,1,12,144,0,1.9095,34,78,0,0,0,0
132,16,1,0,0,1,31,961,0,1.7636,52,78,0,0,0,0
133,10,1,0,0,1,18,324,0,1.2958,33,78,0,0,0,0
134,7,1,1,1,0,33,1089,0,1.3218,45,78,0,0,0,0
135,6,1,0,0,0,39,1521,0,1.5669,50,78,0,0,0,0
136,16,1,0,0,0,4,16,0,1.6094,25,78,0,0,0,0
137,14,1,0,1,0,4,16,0,1.4291,23,78,0,0,0,0
138,14,1,0,1,0,2,4,0,1.6582,21,78,0,0,0,0
139,17,1,0,0,0,4,16,0,1.9058,26,78,0,0,0,0
140,13,1,0,1,0,21,441,1,2.0149,39,78,0,0,0,0
141,4,1,0,0,0,13,169,0,0.9555,22,78,0,0,0,0
142,17,1,0,0,1,18,324,0,2.6455,40,78,0,0,0,0
143,14,1,0,1,0,9,81,0,2.5269,28,78,0,0,0,0
144,16,1,0,0,0,8,64,0,1.6094,29,78,0,0,0,0
145,10,1,1,0,1,35,1225,0,1.3863,50,78,0,0,0,0
146,6,1,0,1,1,17,289,0,1.0647,28,78,0,0,0,0
147,13,0,0,0,0,1,1,0,1.5261,19,78,0,0,0,0
148,16,0,0,0,1,3,9,1,1.4469,24,78,0,0,0,0
149,10,0,0,0,1,41,1681,1,1.8718,56,78,0,0,0,0
150,12,0,0,1,1,41,1681,1,3.0564,58,78,0,0,0,0
151,18,0,0,0,1,36,1296,0,1.8839,59,78,0,0,0,0
152,10,0,1,1,1,16,256,1,1.2528,31,78,0,0,0,0
153,12,0,1,1,0,36,1296,1,1.5892,53,78,0,0,0,0
154,12,0,1,0,1,39,1521,0,1.8205,56,78,0,0,0,0
155,13,0,0,0,1,2,4,0,1.7918,20,78,0,0,0,0
156,15,0,0,0,1,8,64,0,1.8137,28,78,0,0,0,0
157,12,0,0,0,1,35,1225,0,2.1972,52,78,0,0,0,0
158,12,0,0,1,0,12,144,0,1.6607,29,78,0,0,0,0
159,12,0,0,1,0,11,121,0,1.6094,28,78,0,0,0,0
160,18,0,1,1,0,10,100,0,1.8839,33,78,0,0,0,0
161,16,0,1,1,0,3,9,0,1.3218,24,78,0,0,0,0
162,10,0,0,0,1,48,2304,1,1.2528,63,78,0,0,0,0
163,15,0,0,0,0,20,400,1,2.495,40,78,0,0,0,0
164,6,0,0,0,1,51,2601,1,1.8718,62,78,0,0,0,0
165,12,0,0,1,1,12,144,0,1.2238,29,78,0,0,0,0
166,10,0,0,0,1,26,676,0,1.7385,41,78,0,0,0,0
167,9,0,0,1,1,34,1156,1,2.0794,48,78,0,0,0,0
168,13,0,0,1,1,35,1225,0,1.4453,53,78,0,0,0,0
169,12,0,0,1,0,12,144,0,1.4469,29,78,0,0,0,0
170,11,0,0,0,0,5,25,0,1.2879,21,78,0,0,0,0
171,14,0,0,0,0,8,64,0,1.7492,27,78,0,0,0,0
172,12,0,0,0,1,29,841,1,2.0477,46,78,0,0,0,0
173,7,0,0,0,1,38,1444,1,1.8326,50,78,0,0,0,0
174,12,0,0,0,1,33,1089,0,1.3987,50,78,0,0,0,0
175,8,0,0,0,1,42,1764,0,1.8326,55,78,0,0,0,0
176,16,0,0,0,0,1,1,0,1.9315,22,78,0,0,0,0
177,13,0,1,0,0,17,289,1,1.9577,35,78,0,0,0,0
178,16,0,0,1,1,5,25,0,1.8326,26,78,0,0,0,0
179,12,0,0,1,0,13,169,0,1.2528,30,78,0,0,0,0
180,12,0,0,1,1,23,529,0,1.2384,40,78,0,0,0,0
181,16,0,0,1,1,12,144,1,0.6131,33,78,0,0,0,0
182,12,0,1,0,1,20,400,1,2.0149,37,78,0,0,0,0
183,13,0,0,0,1,33,1089,0,2.1691,51,78,0,0,0,0
184,9,0,0,0,1,22,484,0,1.43,36,78,0,0,0,0
185,10,0,0,1,0,27,729,1,1.6405,42,78,0,0,0,0
186,14,0,0,0,1,9,81,1,1.9279,28,78,0,0,0,0
187,16,0,0,0,0,5,25,0,1.981,26,78,0,0,0,0
188,12,0,0,0,1,8,64,0,1.5581,25,78,0,0,0,0
189,12,0,0,0,1,32,1024,1,2.1691,49,78,0,0,0,0
190,11,0,0,0,1,12,144,1,2.0149,28,78,0,0,0,0
191,16,0,0,0,0,2,4,0,1.9772,23,78,0,0,0,0
192,12,0,0,0,1,32,1024,1,1.9033,49,78,0,0,0,0
193,12,0,0,0,1,32,1024,0,1.8326,49,78,0,0,0,0
194,18,0,1,0,1,13,169,1,2.2571,36,78,0,0,0,0
195,8,0,0,0,1,34,1156,1,1.8563,47,78,0,0,0,0
196,9,0,0,1,0,16,256,0,-0.078,30,78,0,0,0,0
197,16,0,0,0,1,8,64,0,1.674,29,78,0,0,0,0
198,10,0,1,0,0,33,1089,0,1.6094,48,78,0,0,0,0
199,12,0,0,0,1,24,576,1,2.0794,41,78,0,0,0,0
200,9,0,1,0,1,34,1156,1,1.8326,48,78,0,0,0,0
201,18,0,0,0,1,30,900,0,2.9208,53,78,0,0,0,0
202,12,0,0,0,0,4,16,1,1.1394,21,78,0,0,0,0
203,16,0,1,1,1,5,25,0,1.8326,26,78,0,0,0,0
204,12,0,0,1,1,5,25,0,1.5841,22,78,0,0,0,0
205,10,0,0,0,1,44,1936,1,2.082,59,78,0,0,0,0
206,11,0,0,0,0,8,64,0,1.7047,24,78,0,0,0,0
207,12,0,0,1,1,26,676,0,1.8245,43,78,0,0,0,0
208,14,0,0,0,1,37,1369,0,1.9924,56,78,0,0,0,0
209,12,0,1,1,0,20,400,0,1.0296,37,78,0,0,0,0
210,16,0,1,0,1,16,256,1,2.2558,37,78,0,0,0,0
211,12,0,0,0,1,14,196,0,2.3026,31,78,0,0,0,0
212,10,0,0,1,0,15,225,1,1.6376,30,78,0,0,0,0
213,12,0,0,0,0,3,9,1,1.5841,20,78,0,0,0,0
214,16,0,0,0,1,11,121,0,2.1768,32,78,0,0,0,0
215,8,0,0,0,1,40,1600,1,1.8326,53,78,0,0,0,0
216,12,0,0,1,0,21,441,0,2.4079,38,78,0,0,0,0
217,13,0,0,0,1,3,9,0,1.9636,21,78,0,0,0,0
218,12,0,0,1,0,17,289,0,1.9741,34,78,0,0,0,0
219,12,0,0,0,0,6,36,0,1.4351,23,78,0,0,0,0
220,11,1,1,0,1,28,784,1,2.0794,44,78,0,0,0,0
221,12,1,0,1,1,6,36,0,1.204,23,78,0,0,0,0
222,14,1,0,1,0,4,16,0,1.2528,23,78,0,0,0,0
223,12,1,0,0,1,41,1681,0,2.1691,58,78,0,0,0,0
224,12,1,0,0,0,16,256,1,2.0149,33,78,0,0,0,0
225,12,1,0,1,1,6,36,0,0.452,23,78,0,0,0,0
226,12,1,0,0,1,39,1521,1,2.0794,56,78,0,0,0,0
227,10,1,0,0,1,15,225,0,1.6928,30,78,0,0,0,0
228,12,1,0,1,1,18,324,0,1.4325,35,78,0,0,0,0
229,15,1,0,0,1,7,49,0,1.4929,27,78,0,0,0,0
230,16,1,0,0,1,36,1296,0,1.1394,57,78,0,0,0,0
231,14,1,0,1,1,6,36,0,1.7237,25,78,0,0,0,0
232,12,1,1,1,0,13,169,0,1.5261,30,78,0,0,0,0
233,13,1,0,0,0,2,4,0,1.0986,20,78,0,0,0,0
234,5,1,0,0,1,50,2500,0,1.1575,60,78,0,0,0,0
235,12,1,0,1,1,21,441,0,1.5581,38,78,0,0,0,0
236,12,1,0,0,1,28,784,0,1.2936,45,78,0,0,0,0
237,12,1,0,0,1,12,144,1,1.4759,29,78,0,0,0,0
238,15,1,1,1,1,29,841,0,1.2809,49,78,0,0,0,0
239,12,1,0,0,1,7,49,0,1.3863,24,78,0,0,0,0
240,12,1,0,0,1,22,484,0,2.1203,39,78,0,0,0,0
241,12,1,1,1,0,11,121,0,1.3481,28,78,0,0,0,0
242,12,0,0,1,0,40,1600,0,1.5217,57,78,0,0,0,0
243,12,0,0,0,1,31,961,0,1.5315,48,78,0,0,0,0
244,12,0,0,1,1,10,100,0,1.4214,27,78,0,0,0,0
245,16,0,0,0,1,9,81,0,1.981,30,78,0,0,0,0
246,12,0,1,1,1,10,100,1,1.4469,27,78,0,0,0,0
247,15,0,0,0,1,42,1764,0,3.1322,62,78,0,0,0,0
248,12,0,0,1,1,45,2025,0,0.8873,62,78,0,0,0,0
249,17,0,0,0,1,8,64,1,2.3514,30,78,0,0,0,0
250,15,0,0,0,1,32,1024,0,2.1691,52,78,0,0,0,0
251,14,0,0,0,0,1,1,0,1.2528,20,78,0,0,0,0
252,12,0,0,1,1,17,289,0,1.4271,34,78,0,0,0,0
253,14,0,0,0,1,10,100,0,1.7405,29,78,0,0,0,0
254,12,0,0,0,1,18,324,1,2.2266,35,78,0,0,0,0
255,12,0,0,1,0,10,100,1,0.9676,27,78,0,0,0,0
256,12,0,0,0,1,29,841,1,1.8326,46,78,0,0,0,0
257,12,0,0,1,0,39,1521,0,1.6094,56,78,0,0,0,0
258,12,0,0,1,1,31,961,0,1.1787,48,78,0,0,0,0
259,10,0,0,0,1,18,324,1,2.2513,33,78,0,0,0,0
260,12,0,1,1,1,14,196,1,2.0149,31,78,0,0,0,0
261,12,0,0,1,1,8,64,0,1.0116,25,78,0,0,0,0
262,12,1,0,0,0,9,81,0,1.6094,26,78,0,0,0,0
263,16,1,0,1,0,3,9,0,1.0296,24,78,0,0,0,0
264,9,1,1,1,1,24,576,0,0.9746,38,78,0,0,0,0
265,7,1,0,1,1,21,441,0,0.8109,33,78,0,0,0,0
266,12,1,0,0,1,15,225,0,1.2879,32,78,0,0,0,0
267,18,1,0,0,0,2,4,0,1.8005,25,78,0,0,0,0
268,16,1,1,1,0,12,144,0,1.0986,33,78,0,0,0,0
269,12,1,1,1,1,7,49,0,1.1939,24,78,0,0,0,0
270,9,1,1,1,0,33,1089,0,1.3218,47,78,0,0,0,0
271,15,1,0,0,0,5,25,0,1.6487,25,78,0,0,0,0
272,18,1,0,1,0,3,9,0,1.3218,26,78,0,0,0,0
273,11,1,0,1,1,8,64,0,0.899,24,78,0,0,0,0
274,13,1,0,1,1,5,25,0,1.3797,23,78,0,0,0,0
275,12,1,0,1,1,1,1,0,1.2264,18,78,0,0,0,0
276,12,0,0,1,1,21,441,0,0.922,38,78,0,0,0,0
277,12,0,0,0,0,1,1,0,0.9773,18,78,0,0,0,0
278,11,0,0,1,1,37,1369,0,1.0159,53,78,0,0,0,0
279,12,0,0,0,1,17,289,1,1.6094,34,78,0,0,0,0
280,12,0,0,1,0,43,1849,0,1.6582,60,78,0,0,0,0
281,12,0,0,0,0,4,16,0,1.7272,21,78,0,0,0,0
282,12,0,0,0,0,6,36,0,1.0986,23,78,0,0,0,0
283,8,0,0,0,1,49,2401,1,1.9459,62,78,0,0,0,0
284,16,0,0,0,1,13,169,0,2.2783,34,78,0,0,0,0
285,18,0,0,0,1,11,121,1,1.5333,34,78,0,0,0,0
286,8,0,0,1,1,18,324,0,1.0473,31,78,0,0,0,0
287,7,1,1,0,1,14,196,0,1.5179,26,78,0,0,0,0
288,15,1,0,1,1,20,400,0,1.6297,40,78,0,0,0,0
289,14,1,0,1,0,38,1444,0,1.8718,57,78,0,0,0,0
290,10,1,0,0,1,46,2116,1,1.6094,61,78,0,0,0,0
291,18,1,0,0,1,20,400,0,2.6872,43,78,0,0,0,0
292,16,1,0,1,0,7,49,0,1.8908,28,78,0,0,0,0
293,12,1,0,1,1,10,100,0,1.1787,27,78,0,0,0,0
294,18,1,0,0,1,12,144,0,2.708,35,78,0,0,0,0
295,12,1,0,1,0,13,169,0,2.1914,30,78,0,0,0,0
296,16,1,0,0,1,20,400,0,2.1203,41,78,0,0,0,0
297,12,1,0,0,0,6,36,0,1.5041,23,78,0,0,0,0
298,9,1,0,1,0,6,36,0,1.1787,20,78,0,0,0,0
299,8,1,0,0,1,40,1600,0,1.1632,53,78,0,0,0,0
300,12,1,0,1,0,1,1,0,0.9445,18,78,0,0,0,0
301,10,1,1,0,0,14,196,1,1.6094,29,78,0,0,0,0
302,12,1,0,0,0,5,25,0,1.0647,22,78,0,0,0,0
303,8,1,0,0,1,17,289,0,1.0647,30,78,0,0,0,0
304,12,1,0,0,1,14,196,0,2.0015,31,78,0,0,0,0
305,12,1,0,1,1,12,144,0,1.1394,29,78,0,0,0,0
306,13,1,0,0,1,30,900,1,1.9913,48,78,0,0,0,0
307,14,1,0,0,1,38,1444,1,2.0149,57,78,0,0,0,0
308,12,1,1,0,1,23,529,0,1.0647,40,78,0,0,0,0
309,9,1,0,0,0,5,25,0,0.9746,19,78,0,0,0,0
310,12,1,0,0,1,36,1296,1,2.1576,53,78,0,0,0,0
311,11,1,1,1,0,34,1156,0,1.1787,50,78,0,0,0,0
312,13,1,0,0,1,5,25,1,1.9936,23,78,0,0,0,0
313,6,0,1,0,1,48,2304,0,1.5738,59,78,0,0,0,0
314,6,0,0,0,1,38,1444,0,2.2225,49,78,0,0,0,0
315,15,0,1,1,0,8,64,0,1.6549,28,78,0,0,0,0
316,12,0,0,1,0,39,1521,1,1.7272,56,78,0,0,0,0
317,16,0,0,1,0,16,256,1,2.0314,37,78,0,0,0,0
318,14,0,0,1,1,25,625,0,0.452,44,78,0,0,0,0
319,13,1,0,0,1,4,16,0,1.3218,22,78,0,0,0,0
320,12,1,0,0,0,6,36,0,1.6094,23,78,0,0,0,0
321,12,1,0,1,0,46,2116,0,2.0215,63,78,0,0,0,0
322,18,1,1,1,0,22,484,0,1.6818,45,78,0,0,0,0
323,11,1,0,0,1,27,729,0,1.8326,43,78,0,0,0,0
324,12,1,0,0,1,4,16,1,1.2528,21,78,0,0,0,0
325,11,1,0,0,1,41,1681,1,1.6341,57,78,0,0,0,0
326,16,1,1,1,0,30,900,1,2.3026,51,78,0,0,0,0
327,14,1,0,1,1,3,9,0,1.743,22,78,0,0,0,0
328,7,1,1,0,1,21,441,1,1.8326,33,78,0,0,0,0
329,12,1,1,1,1,22,484,0,1.0498,39,78,0,0,0,0
330,18,1,0,0,0,9,81,0,2.1576,32,78,0,0,0,0
331,16,1,0,0,1,27,729,0,2.3826,48,78,0,0,0,0
332,16,1,0,1,0,2,4,0,1.5581,23,78,0,0,0,0
333,12,0,0,1,1,8,64,1,1.4231,25,78,0,0,0,0
334,10,0,0,1,1,27,729,0,1.1632,42,78,0,0,0,0
335,12,0,0,0,1,13,169,0,1.6243,30,78,0,0,0,0
336,10,0,0,0,1,43,1849,1,2.0149,58,78,0,0,0,0
337,14,0,0,0,1,16,256,0,1.9867,35,78,0,0,0,0
338,12,0,0,0,1,12,144,0,1.0498,29,78,0,0,0,0
339,15,0,0,1,0,4,16,0,1.3863,24,78,0,0,0,0
340,12,0,0,1,1,4,16,0,1.3218,21,78,0,0,0,0
341,12,0,0,1,0,12,144,1,1.5261,29,78,0,0,0,0
342,16,0,0,0,1,5,25,0,2.1972,26,78,0,0,0,0
343,18,1,0,0,1,36,1296,0,1.8971,59,78,0,0,0,0
344,2,1,1,0,1,55,3025,0,1.1394,62,78,0,0,0,0
345,12,1,0,0,0,17,289,0,1.3545,34,78,0,0,0,0
346,12,1,0,0,1,14,196,0,2.1203,31,78,0,0,0,0
347,18,1,0,0,0,31,961,0,2.492,54,78,0,0,0,0
348,12,1,0,1,0,21,441,0,1.0986,38,78,0,0,0,0
349,12,1,0,0,0,5,25,0,1.5993,22,78,0,0,0,0
350,14,1,0,1,1,22,484,0,2.0949,41,78,0,0,0,0
351,7,1,0,0,1,19,361,1,1.6094,31,78,0,0,0,0
352,11,1,0,0,1,30,900,0,2.5257,46,78,0,0,0,0
353,14,1,0,0,1,9,81,0,1.8326,28,78,0,0,0,0
354,12,1,0,1,1,30,900,0,1.5686,47,78,0,0,0,0
355,12,1,0,0,0,9,81,1,1.7143,26,78,0,0,0,0
356,12,1,0,1,0,7,49,0,1.1787,24,78,0,0,0,0
357,13,1,0,1,0,1,1,0,0.6931,19,78,0,0,0,0
358,12,1,0,0,1,14,196,1,1.5581,31,78,0,0,0,0
359,8,0,0,0,1,37,1369,1,2.3979,50,78,0,0,0,0
360,12,0,0,1,1,28,784,0,1.6094,45,78,0,0,0,0
361,13,0,0,1,1,8,64,1,1.7492,26,78,0,0,0,0
362,12,0,0,0,1,36,1296,1,1.6292,53,78,0,0,0,0
363,12,0,0,1,0,1,1,0,1.2528,18,78,0,0,0,0
364,12,0,0,1,0,17,289,0,1.6094,34,78,0,0,0,0
365,15,0,0,0,0,5,25,0,1.3218,25,78,0,0,0,0
366,12,0,0,1,1,4,16,0,1.2528,21,78,0,0,0,0
367,12,0,0,0,1,15,225,1,1.9021,32,78,0,0,0,0
368,8,1,0,0,1,18,324,0,0.9925,31,78,0,0,0,0
369,16,1,0,0,1,2,4,0,1.3863,23,78,0,0,0,0
370,16,1,0,0,1,6,36,0,1.8971,27,78,0,0,0,0
371,12,1,0,1,1,23,529,0,1.7272,40,78,0,0,0,0
372,12,1,0,1,0,12,144,0,0.9746,29,78,0,0,0,0
373,12,1,0,0,1,20,400,1,2.3026,37,78,0,0,0,0
374,16,1,0,0,1,17,289,0,2.3026,38,78,0,0,0,0
375,16,0,0,1,1,8,64,0,2.0412,29,78,0,0,0,0
376,12,0,0,1,0,4,16,0,1.5315,21,78,0,0,0,0
377,12,0,1,0,0,13,169,0,1.3863,30,78,0,0,0,0
378,16,0,0,0,0,12,144,0,2.0468,33,78,0,0,0,0
379,15,0,0,0,0,17,289,0,2.29,37,78,0,0,0,0
380,17,0,0,1,1,8,64,0,1.8718,30,78,0,0,0,0
381,10,0,0,0,1,42,1764,0,1.8654,57,78,0,0,0,0
382,10,0,0,0,0,5,25,1,1.7309,20,78,0,0,0,0
383,16,0,0,0,0,18,324,1,1.9741,39,78,0,0,0,0
384,12,0,0,1,0,3,9,0,1.4469,20,78,0,0,0,0
385,8,0,0,0,0,22,484,0,1.4271,35,78,0,0,0,0
386,12,0,0,1,1,18,324,0,1.2649,35,78,0,0,0,0
387,12,0,0,0,1,8,64,0,1.9636,25,78,0,0,0,0
388,15,0,0,0,1,1,1,0,1.7272,21,78,0,0,0,0
389,15,0,0,1,0,4,16,0,1.4858,24,78,0,0,0,0
390,12,0,0,0,1,11,121,0,1.3863,28,78,0,0,0,0
391,12,0,0,0,1,45,2025,1,2.1518,62,78,0,0,0,0
392,12,0,0,0,1,35,1225,0,2.1019,52,78,0,0,0,0
393,11,1,1,0,0,22,484,0,1.0116,38,78,0,0,0,0
394,12,1,0,1,1,13,169,0,1.7272,30,78,0,0,0,0
395,14,1,0,0,1,34,1156,0,3.3514,53,78,0,0,0,0
396,10,1,0,0,1,9,81,1,1.3218,24,78,0,0,0,0
397,10,1,0,0,1,36,1296,0,1.7918,51,78,0,0,0,0
398,10,1,0,0,1,14,196,0,1.6094,29,78,0,0,0,0
399,12,0,0,1,1,2,4,0,1.1291,19,78,0,0,0,0
400,8,0,0,0,1,32,1024,1,1.6487,45,78,0,0,0,0
401,14,0,0,1,0,39,1521,0,1.9459,58,78,0,0,0,0
402,12,0,0,1,1,9,81,0,0.865,26,78,0,0,0,0
403,18,0,0,0,1,3,9,0,1.9373,26,78,0,0,0,0
404,10,0,0,0,1,8,64,0,0.865,23,78,0,0,0,0
405,16,0,0,0,1,7,49,0,1.3806,28,78,0,0,0,0
406,14,0,0,0,1,7,49,0,1.6094,26,78,0,0,0,0
407,13,0,0,0,1,4,16,0,1.8326,22,78,0,0,0,0
408,16,0,0,0,0,5,25,0,1.6677,26,78,0,0,0,0
409,14,1,1,0,0,6,36,0,1.0986,25,78,0,0,0,0
410,12,1,0,0,1,37,1369,0,1.8795,54,78,0,0,0,0
411,6,1,1,0,0,11,121,0,1.0986,22,78,0,0,0,0
412,8,1,0,1,0,41,1681,1,1.6094,54,78,0,0,0,0
413,12,1,1,1,0,30,900,0,2.7444,47,78,0,0,0,0
414,16,1,0,0,1,13,169,0,2.1638,34,78,0,0,0,0
415,18,0,0,1,0,4,16,0,1.6094,27,78,0,0,0,0
416,12,0,0,1,1,16,256,0,1.7272,33,78,0,0,0,0
417,13,0,0,0,1,8,64,1,1.3083,26,78,0,0,0,0
418,16,0,0,0,1,32,1024,0,2.0149,53,78,0,0,0,0
419,12,0,0,1,0,6,36,0,0.9704,23,78,0,0,0,0
420,14,0,0,1,1,30,900,0,1.361,49,78,0,0,0,0
421,12,0,0,1,0,1,1,0,1.0986,18,78,0,0,0,0
422,12,0,0,0,0,4,16,1,1.6487,21,78,0,0,0,0
423,13,0,0,0,1,41,1681,1,2.6912,59,78,0,0,0,0
424,12,0,0,0,1,22,484,1,2.0412,39,78,0,0,0,0
425,12,0,0,0,1,22,484,0,1.7619,39,78,0,0,0,0
426,15,0,0,0,1,31,961,1,2.5257,51,78,0,0,0,0
427,16,0,0,1,0,2,4,1,1.8524,23,78,0,0,0,0
428,15,0,0,0,1,19,361,1,2.0794,39,78,0,0,0,0
429,12,0,0,1,1,14,196,0,1.8101,31,78,0,0,0,0
430,11,0,0,1,0,16,256,0,1.204,32,78,0,0,0,0
431,12,1,0,0,0,3,9,0,1.3466,20,78,0,0,0,0
432,12,1,0,0,1,3,9,1,1.5146,20,78,0,0,0,0
433,8,1,0,0,1,30,900,1,2.1102,43,78,0,0,0,0
434,12,1,0,1,0,3,9,0,0.9163,20,78,0,0,0,0
435,4,1,1,0,1,55,3025,0,1.1474,64,78,0,0,0,0
436,12,1,0,0,0,3,9,0,1.1394,20,78,0,0,0,0
437,11,1,0,0,1,19,361,1,2.5257,35,78,0,0,0,0
438,9,1,0,1,0,27,729,1,1.4553,41,78,0,0,0,0
439,12,1,0,0,1,9,81,1,1.7918,26,78,0,0,0,0
440,12,0,1,0,0,13,169,0,1.4351,30,78,0,0,0,0
441,16,0,0,0,1,31,961,0,2.5494,52,78,0,0,0,0
442,12,0,0,1,0,16,256,0,1.5422,33,78,0,0,0,0
443,11,0,0,0,0,4,16,0,0.9746,20,78,0,0,0,0
444,16,0,0,0,1,3,9,0,2.0015,24,78,0,0,0,0
445,16,0,0,1,0,4,16,0,1.4469,25,78,0,0,0,0
446,12,0,0,1,1,36,1296,1,1.3218,53,78,0,0,0,0
447,9,1,0,0,1,6,36,0,1.6094,20,78,0,0,0,0
448,12,1,0,0,1,19,361,0,1.9867,36,78,0,0,0,0
449,18,1,0,0,1,14,196,0,2.0669,37,78,0,0,0,0
450,12,0,0,0,1,38,1444,0,1.461,55,78,0,0,0,0
451,13,0,0,0,1,8,64,1,1.8101,26,78,0,0,0,0
452,12,0,0,1,1,4,16,0,1.5581,21,78,0,0,0,0
453,15,0,0,0,0,12,144,0,1.8326,32,78,0,0,0,0
454,12,0,0,0,1,41,1681,0,2.4445,58,78,0,0,0,0
455,12,0,0,1,1,24,576,0,1.743,41,78,0,0,0,0
456,11,0,0,0,1,17,289,0,1.7918,33,78,0,0,0,0
457,12,0,0,1,1,8,64,0,1.1787,25,78,0,0,0,0
458,12,0,0,0,0,2,4,0,1.3863,19,78,0,0,0,0
459,12,0,0,0,1,2,4,0,1.2448,19,78,0,0,0,0
460,12,0,0,1,1,39,1521,0,1.4469,56,78,0,0,0,0
461,12,0,0,0,1,6,36,0,2.5257,23,78,0,0,0,0
462,9,0,0,1,1,34,1156,0,1.0296,48,78,0,0,0,0
463,17,0,0,0,1,14,196,0,2.0149,36,78,0,0,0,0
464,17,0,0,0,1,7,49,0,2.0949,29,78,0,0,0,0
465,10,0,0,1,0,46,2116,0,0.9943,61,78,0,0,0,0
466,18,0,0,0,1,4,16,0,1.9279,27,78,0,0,0,0
467,12,0,0,1,1,12,144,0,0.5596,29,78,0,0,0,0
468,12,0,0,1,1,6,36,0,1.2164,23,78,0,0,0,0
469,6,0,0,0,1,15,225,0,1.4469,26,78,0,0,0,0
470,13,0,0,0,1,12,144,1,1.5041,30,78,0,0,0,0
471,17,0,0,0,1,15,225,0,2.1691,37,78,0,0,0,0
472,12,0,0,0,1,15,225,0,2.0794,32,78,0,0,0,0
473,12,0,1,1,1,12,144,1,1.1151,29,78,0,0,0,0
474,12,0,0,0,1,23,529,0,1.679,40,78,0,0,0,0
475,14,0,0,0,0,41,1681,0,2.1848,60,78,0,0,0,0
476,12,0,0,1,0,42,1764,0,1.5041,59,78,0,0,0,0
477,12,0,0,0,1,10,100,0,1.7047,27,78,0,0,0,0
478,10,0,0,0,1,20,400,0,1.4586,35,78,0,0,0,0
479,13,0,0,0,1,4,16,1,1.7297,22,78,0,0,0,0
480,16,0,0,1,1,11,121,1,1.8326,32,78,0,0,0,0
481,12,0,0,1,0,6,36,0,1.1394,23,78,0,0,0,0
482,14,0,0,0,1,19,361,0,1.2496,38,78,0,0,0,0
483,12,0,0,0,1,32,1024,0,2.2401,49,78,0,0,0,0
484,12,0,0,0,1,21,441,0,1.3863,38,78,0,0,0,0
485,11,0,0,0,1,39,1521,0,1.2164,55,78,0,0,0,0
486,18,0,0,0,1,15,225,0,2.0815,38,78,0,0,0,0
487,12,0,0,1,1,25,625,1,1.5943,42,78,0,0,0,0
488,12,0,0,1,0,18,324,0,1.0733,35,78,0,0,0,0
489,12,0,0,1,1,21,441,0,1.7047,38,78,0,0,0,0
490,17,0,0,1,1,11,121,1,2.2437,33,78,0,0,0,0
491,14,0,0,0,0,6,36,0,1.1394,25,78,0,0,0,0
492,12,0,1,0,0,5,25,1,0.8755,22,78,0,0,0,0
493,15,1,1,1,1,12,144,0,2.1041,32,78,0,0,0,0
494,8,1,1,0,1,44,1936,0,1.0986,57,78,0,0,0,0
495,16,1,1,1,0,7,49,0,2.1691,28,78,0,0,0,0
496,16,1,1,1,0,25,625,0,1.3481,46,78,0,0,0,0
497,12,0,0,1,0,5,25,1,1.0986,22,78,0,0,0,0
498,12,0,0,0,1,27,729,0,2.0794,44,78,0,0,0,0
499,10,0,0,1,0,36,1296,1,1.2936,51,78,0,0,0,0
500,12,0,0,0,0,31,961,0,2.1401,48,78,0,0,0,0
501,14,0,0,0,0,27,729,0,2.4049,46,78,0,0,0,0
502,13,0,0,1,1,44,1936,0,1.3987,62,78,0,0,0,0
503,16,0,0,1,0,7,49,0,1.4291,28,78,0,0,0,0
504,12,0,0,0,0,13,169,1,1.9913,30,78,0,0,0,0
505,14,0,0,1,1,36,1296,0,1.3545,55,78,0,0,0,0
506,12,0,0,1,0,4,16,0,1.2669,21,78,0,0,0,0
507,12,0,0,0,1,30,900,1,2.0477,47,78,0,0,0,0
508,10,0,0,0,1,16,256,0,1.6094,31,78,0,0,0,0
509,17,0,0,0,1,15,225,1,2.0149,37,78,0,0,0,0
510,13,0,0,1,0,2,4,0,0.9725,20,78,0,0,0,0
511,12,0,0,0,1,32,1024,1,1.8326,49,78,0,0,0,0
512,12,0,0,0,1,9,81,0,1.204,26,78,0,0,0,0
513,18,0,0,0,1,21,441,0,2.3026,44,78,0,0,0,0
514,12,0,0,1,1,4,16,0,1.2528,21,78,0,0,0,0
515,13,0,0,1,1,35,1225,0,1.5041,53,78,0,0,0,0
516,14,0,0,1,1,5,25,0,1.3863,24,78,0,0,0,0
517,12,0,0,1,0,1,1,0,1.0116,18,78,0,0,0,0
518,10,0,0,0,0,3,9,0,1.3657,18,78,0,0,0,0
519,12,0,0,1,0,3,9,0,1.3218,20,78,0,0,0,0
520,12,0,0,0,1,21,441,0,2.3026,38,78,0,0,0,0
521,12,0,0,0,1,6,36,0,2.0149,23,78,0,0,0,0
522,18,1,0,0,0,34,1156,0,3.2179,57,78,0,0,0,0
523,12,1,0,1,0,22,484,0,1.6094,39,78,0,0,0,0
524,17,1,0,0,1,16,256,0,2.584,38,78,0,0,0,0
525,13,0,0,1,0,4,16,0,1.3218,22,78,0,0,0,0
526,18,0,0,0,1,15,225,0,2.1019,38,78,0,0,0,0
527,13,0,0,0,1,26,676,0,1.6784,44,78,0,0,0,0
528,17,0,0,1,1,19,361,1,1.7492,41,78,0,0,0,0
529,7,0,0,0,1,43,1849,0,0.9746,55,78,0,0,0,0
530,8,0,0,0,1,18,324,0,1.8718,31,78,0,0,0,0
531,17,0,0,0,1,10,100,1,1.6094,32,78,0,0,0,0
532,10,0,0,0,0,3,9,0,0.7985,18,78,0,0,0,0
533,9,0,0,0,1,46,2116,0,1.204,60,78,0,0,0,0
534,12,0,0,1,1,10,100,1,1.4171,27,78,0,0,0,0
535,17,0,0,0,1,5,25,1,1.8871,27,78,0,0,0,0
536,14,0,0,0,0,5,25,0,1.6503,24,78,0,0,0,0
537,12,0,0,1,0,7,49,0,1.1925,24,78,0,0,0,0
538,12,0,0,0,1,15,225,1,2.3933,32,78,0,0,0,0
539,12,0,0,0,1,31,961,1,2.1889,48,78,0,0,0,0
540,12,0,0,0,1,39,1521,0,2.5257,56,78,0,0,0,0
541,14,0,0,0,1,8,64,0,1.6094,27,78,0,0,0,0
542,13,0,0,1,1,28,784,0,0.9163,46,78,0,0,0,0
543,16,0,0,1,0,10,100,1,2.4145,31,78,0,0,0,0
544,12,0,0,0,1,36,1296,1,2.5257,53,78,0,0,0,0
545,15,0,0,1,1,3,9,1,2.0794,23,78,0,0,0,0
546,12,0,0,0,1,27,729,1,2.6583,44,78,0,0,0,0
547,8,0,0,0,1,47,2209,1,2.4744,60,78,0,0,0,0
548,12,0,0,1,0,39,1521,1,2.6391,56,78,0,0,0,0
549,15,0,0,0,0,12,144,0,2.5257,32,78,0,0,0,0
550,10,0,0,0,1,27,729,0,2.1972,43,85,1,0,10,0
551,12,0,0,0,1,20,400,0,1.7047,38,85,1,0,12,0
552,12,0,0,1,0,4,16,0,1.335,22,85,1,1,12,0
553,12,0,0,1,1,29,841,0,2.3514,47,85,1,1,12,0
554,12,0,0,0,1,40,1600,1,2.708,58,85,1,0,12,1
555,16,0,0,1,1,27,729,0,2.1972,49,85,1,1,16,0
556,12,0,0,1,1,5,25,1,2.2586,23,85,1,1,12,1
557,14,0,0,0,0,22,484,0,2.708,42,85,1,0,14,0
558,8,0,0,0,1,42,1764,0,2.3979,56,85,1,0,8,0
559,12,0,0,1,1,14,196,0,1.6094,32,85,1,1,12,0
560,17,0,0,0,1,18,324,0,3.2179,41,85,1,0,17,0
561,17,0,0,0,0,3,9,0,3.0155,26,85,1,0,17,0
562,14,0,0,0,0,4,16,1,3.2189,24,85,1,0,14,1
563,14,0,0,0,0,14,196,0,2.6376,34,85,1,0,14,0
564,12,0,0,0,1,35,1225,0,1.2528,53,85,1,0,12,0
565,14,0,0,0,0,0,0,0,1.6094,20,85,1,0,14,0
566,16,0,0,0,1,7,49,1,2.3026,29,85,1,0,16,1
567,16,0,1,0,1,26,676,1,2.708,48,85,1,0,16,1
568,13,0,1,0,0,3,9,0,1.763,22,85,1,0,13,0
569,13,0,0,0,0,16,256,0,2.2083,35,85,1,0,13,0
570,17,0,1,1,1,32,1024,0,2.4204,55,85,1,1,17,0
571,12,0,1,0,1,25,625,1,2.5649,43,85,1,0,12,1
572,14,0,0,1,0,15,225,1,2.0794,35,85,1,1,14,1
573,12,0,0,1,1,38,1444,0,1.454,56,85,1,1,12,0
574,16,0,1,0,1,17,289,0,2.0637,39,85,1,0,16,0
575,12,0,0,1,0,7,49,0,1.9379,25,85,1,1,12,0
576,17,0,0,1,0,5,25,0,3.2179,28,85,1,1,17,0
577,14,0,0,0,1,22,484,0,2.3026,42,85,1,0,14,0
578,14,0,0,0,1,21,441,0,2.621,41,85,1,0,14,0
579,13,0,0,1,1,2,4,0,1.7272,21,85,1,1,13,0
580,14,0,1,0,1,16,256,0,2.6858,36,85,1,0,14,0
581,16,0,0,0,1,18,324,0,3.2179,40,85,1,0,16,0
582,12,0,0,0,1,14,196,0,2.4849,32,85,1,0,12,0
583,18,0,0,0,1,12,144,0,2.708,36,85,1,0,18,0
584,16,0,0,0,0,3,9,0,1.7535,25,85,1,0,16,0
585,17,0,0,1,1,13,169,0,2.5377,36,85,1,1,17,0
586,16,0,0,1,0,42,1764,0,2.4605,64,85,1,1,16,0
587,12,0,0,0,1,8,64,0,2.5649,26,85,1,0,12,0
588,15,0,0,1,1,6,36,0,2.5257,27,85,1,1,15,0
589,16,0,0,0,1,22,484,0,3.1135,44,85,1,0,16,0
590,16,0,1,1,0,3,9,0,2.4204,25,85,1,1,16,0
591,16,0,0,0,1,33,1089,0,2.7331,55,85,1,0,16,0
592,13,0,0,1,0,8,64,1,2.0412,27,85,1,1,13,1
593,12,0,0,0,1,26,676,0,2.4715,44,85,1,0,12,0
594,14,0,0,0,1,0,0,0,1.6094,20,85,1,0,14,0
595,12,0,0,0,1,28,784,0,1.8718,46,85,1,0,12,0
596,8,0,0,0,1,33,1089,1,2.1972,47,85,1,0,8,1
597,12,0,0,0,0,0,0,0,1.209,18,85,1,0,12,0
598,12,0,0,1,1,7,49,0,1.5041,25,85,1,1,12,0
599,14,0,0,1,1,12,144,0,2.3539,32,85,1,1,14,0
600,9,0,0,0,1,47,2209,1,1.2528,62,85,1,0,9,1
601,16,0,0,0,1,12,144,0,2.708,34,85,1,0,16,0
602,12,0,0,1,0,25,625,0,2.1401,43,85,1,1,12,0
603,12,0,0,1,1,44,1936,0,2.2159,62,85,1,1,12,0
604,9,0,0,0,0,33,1089,1,2.2618,48,85,1,0,9,1
605,8,0,0,1,1,22,484,0,1.9279,36,85,1,1,8,0
606,18,0,0,1,1,14,196,0,2.6355,38,85,1,1,18,0
607,14,0,1,0,0,22,484,0,2.3026,42,85,1,0,14,0
608,12,0,0,1,0,41,1681,0,1.3218,59,85,1,1,12,0
609,12,0,0,1,0,8,64,0,2.0794,26,85,1,1,12,0
610,12,0,0,1,1,43,1849,0,2.4567,61,85,1,1,12,0
611,8,0,1,1,0,29,841,0,2.1844,43,85,1,1,8,0
612,12,0,1,0,0,6,36,1,1.3863,24,85,1,0,12,1
613,12,0,1,1,0,21,441,0,1.7047,39,85,1,1,12,0
614,16,0,1,0,0,3,9,0,1.209,25,85,1,0,16,0
615,12,0,0,1,1,40,1600,0,2.3805,58,85,1,1,12,0
616,12,0,0,0,1,5,25,0,1.9459,23,85,1,0,12,0
617,13,0,0,0,1,34,1156,1,2.3026,53,85,1,0,13,1
618,16,0,0,1,1,10,100,0,1.6864,32,85,1,1,16,0
619,12,0,0,1,0,10,100,0,2.0149,28,85,1,1,12,0
620,12,0,0,0,1,41,1681,1,2.4204,59,85,1,0,12,1
621,10,0,0,1,1,25,625,1,2.3026,41,85,1,1,10,1
622,13,0,0,0,0,0,0,0,1.3863,19,85,1,0,13,0
623,18,0,0,0,1,14,196,1,2.6037,38,85,1,0,18,1
624,12,0,0,0,0,22,484,0,1.9095,40,85,1,0,12,0
625,14,0,0,1,1,32,1024,0,2.6593,52,85,1,1,14,0
626,15,0,0,1,1,9,81,0,2.2773,30,85,1,1,15,0
627,12,0,0,1,0,0,0,0,1.209,18,85,1,1,12,0
628,8,0,0,1,0,49,2401,0,1.2238,63,85,1,1,8,0
629,14,0,0,1,1,32,1024,0,1.7272,52,85,1,1,14,0
630,12,0,0,0,1,7,49,1,1.9459,25,85,1,0,12,1
631,16,0,0,1,1,10,100,0,2.3026,32,85,1,1,16,0
632,10,0,0,1,0,44,1936,1,1.8083,60,85,1,1,10,1
633,12,0,0,1,1,27,729,0,1.4279,45,85,1,1,12,0
634,12,0,0,1,1,16,256,0,1.5686,34,85,1,1,12,0
635,12,0,0,0,1,3,9,0,1.7492,21,85,1,0,12,0
636,12,0,0,0,1,8,64,0,1.5581,26,85,1,0,12,0
637,17,0,0,0,1,7,49,1,2.238,30,85,1,0,17,1
638,12,0,0,1,0,8,64,0,1.6582,26,85,1,1,12,0
639,9,0,0,1,1,42,1764,0,1.5994,57,85,1,1,9,0
640,16,0,0,1,1,11,121,0,2.964,33,85,1,1,16,0
641,12,0,0,0,1,23,529,0,2.9947,41,85,1,0,12,0
642,12,0,0,0,0,4,16,0,1.3863,22,85,1,0,12,0
643,12,0,0,1,0,0,0,0,1.6094,18,85,1,1,12,0
644,14,0,0,0,1,25,625,0,2.359,45,85,1,0,14,0
645,12,0,1,0,0,22,484,1,2.3026,40,85,1,0,12,1
646,14,0,0,1,0,15,225,0,1.9981,35,85,1,1,14,0
647,15,0,0,0,0,10,100,0,2.5257,31,85,1,0,15,0
648,16,0,0,1,0,20,400,0,1.3863,42,85,1,1,16,0
649,12,0,0,1,1,24,576,0,2.7101,42,85,1,1,12,0
650,12,1,0,0,1,12,144,0,2.7726,30,85,1,0,12,0
651,12,1,0,1,0,12,144,0,1.2698,30,85,1,1,12,0
652,12,1,0,0,0,16,256,0,1.5041,34,85,1,0,12,0
653,12,1,0,1,0,4,16,0,1.5151,22,85,1,1,12,0
654,12,1,0,1,1,43,1849,0,1.2809,61,85,1,1,12,0
655,12,1,0,1,1,14,196,0,2.0794,32,85,1,1,12,0
656,12,1,0,1,0,10,100,0,1.5581,28,85,1,1,12,0
657,12,1,0,0,1,2,4,0,1.9066,20,85,1,0,12,0
658,12,1,0,0,1,28,784,0,2.4079,46,85,1,0,12,0
659,7,1,0,1,1,15,225,0,1.7918,28,85,1,1,7,0
660,12,1,0,0,1,20,400,0,2.3026,38,85,1,0,12,0
661,12,1,0,1,1,30,900,0,2.4204,48,85,1,1,12,0
662,12,1,0,1,1,9,81,0,1.3737,27,85,1,1,12,0
663,16,1,1,0,1,13,169,0,2.8622,35,85,1,0,16,0
664,13,1,0,1,0,1,1,0,1.2669,20,85,1,1,13,0
665,16,1,0,0,0,8,64,0,1.7918,30,85,1,0,16,0
666,14,1,0,0,1,15,225,0,3.091,35,85,1,0,14,0
667,12,1,0,1,0,6,36,0,1.8326,24,85,1,1,12,0
668,7,1,0,0,1,14,196,0,1.5041,27,85,1,0,7,0
669,13,1,0,1,0,28,784,0,2.3341,47,85,1,1,13,0
670,14,1,0,0,1,10,100,0,2.5014,30,85,1,0,14,0
671,17,1,0,0,0,14,196,0,2.8994,37,85,1,0,17,0
672,16,1,0,0,1,10,100,0,2.708,32,85,1,0,16,0
673,13,1,0,1,1,10,100,0,2.1691,29,85,1,1,13,0
674,14,1,0,0,1,44,1936,0,2.9947,64,85,1,0,14,0
675,16,0,0,1,0,10,100,1,1.8971,32,85,1,1,16,1
676,14,0,0,0,1,22,484,1,2.2644,42,85,1,0,14,1
677,11,0,0,0,1,18,324,1,1.7047,35,85,1,0,11,1
678,12,0,0,1,0,9,81,0,2.0794,27,85,1,1,12,0
679,18,0,0,1,1,19,361,0,2.9957,43,85,1,1,18,0
680,17,0,0,1,1,14,196,0,2.2513,37,85,1,1,17,0
681,16,0,0,1,0,6,36,1,2.4672,28,85,1,1,16,1
682,16,0,0,1,0,17,289,0,2.6311,39,85,1,1,16,0
683,11,0,0,1,1,24,576,0,1.7047,41,85,1,1,11,0
684,11,0,0,1,0,12,144,0,1.9459,29,85,1,1,11,0
685,12,0,0,1,1,38,1444,0,2.267,56,85,1,1,12,0
686,15,0,0,1,0,33,1089,0,2.3618,54,85,1,1,15,0
687,2,0,0,0,0,16,256,0,1.3218,24,85,1,0,2,0
688,14,0,0,1,1,10,100,0,2.4849,30,85,1,1,14,0
689,14,0,0,1,1,14,196,0,2.1471,34,85,1,1,14,0
690,14,0,0,0,0,16,256,0,2.7813,36,85,1,0,14,0
691,11,0,0,0,0,11,121,0,1.3218,28,85,1,0,11,0
692,16,0,1,1,1,6,36,0,2.1972,28,85,1,1,16,0
693,12,0,1,1,1,33,1089,0,2.5745,51,85,1,1,12,0
694,16,0,0,0,0,10,100,0,2.5802,32,85,1,0,16,0
695,12,0,0,0,0,19,361,0,2.2246,37,85,1,0,12,0
696,12,0,0,0,0,4,16,0,1.6094,22,85,1,0,12,0
697,17,0,0,1,0,3,9,1,1.7918,26,85,1,1,17,1
698,12,0,0,1,1,32,1024,0,1.9459,50,85,1,1,12,0
699,8,0,0,0,1,19,361,0,1.5476,33,85,1,0,8,0
700,16,0,0,1,1,22,484,0,2.0149,44,85,1,1,16,0
701,18,0,0,0,1,33,1089,0,1.9459,57,85,1,0,18,0
702,18,0,0,0,1,19,361,0,2.4174,43,85,1,0,18,0
703,18,0,0,0,1,3,9,0,1.743,27,85,1,0,18,0
704,12,0,0,0,1,12,144,0,1.7047,30,85,1,0,12,0
705,12,0,0,0,1,16,256,0,2.1972,34,85,1,0,12,0
706,12,0,0,1,1,4,16,0,1.4171,22,85,1,1,12,0
707,12,0,0,0,1,11,121,1,2.3026,29,85,1,0,12,1
708,12,0,0,0,1,17,289,0,2.0149,35,85,1,0,12,0
709,11,0,0,0,0,16,256,0,1.2947,33,85,1,0,11,0
710,12,0,0,0,1,18,324,0,2.1848,36,85,1,0,12,0
711,18,0,0,0,1,15,225,0,2.8904,39,85,1,0,18,0
712,14,0,1,0,0,0,0,0,1.209,20,85,1,0,14,0
713,16,0,1,0,0,8,64,0,2.599,30,85,1,0,16,0
714,16,0,0,0,1,17,289,0,3.1135,39,85,1,0,16,0
715,18,0,0,0,0,13,169,0,2.9444,37,85,1,0,18,0
716,12,0,0,1,1,18,324,0,2.1894,36,85,1,1,12,0
717,11,0,1,1,1,16,256,0,1.9459,33,85,1,1,11,0
718,14,0,0,1,0,24,576,0,1.4271,44,85,1,1,14,0
719,12,0,0,0,1,23,529,0,2.2854,41,85,1,0,12,0
720,12,0,0,0,0,1,1,0,1.8971,19,85,1,0,12,0
721,12,0,0,1,1,10,100,1,1.9459,28,85,1,1,12,1
722,12,0,0,1,1,42,1764,0,1.291,60,85,1,1,12,0
723,18,0,0,1,0,37,1369,0,3.1279,61,85,1,1,18,0
724,12,0,0,1,1,14,196,0,1.6094,32,85,1,1,12,0
725,18,0,0,0,1,14,196,0,3.1135,38,85,1,0,18,0
726,12,0,0,1,1,11,121,0,2.4849,29,85,1,1,12,0
727,12,0,0,1,1,38,1444,0,1.8374,56,85,1,1,12,0
728,12,0,0,1,0,3,9,0,1.5041,21,85,1,1,12,0
729,12,0,0,0,1,9,81,0,1.7918,27,85,1,0,12,0
730,10,0,0,0,1,13,169,0,1.9095,29,85,1,0,10,0
731,12,0,0,0,0,9,81,0,2.1691,27,85,1,0,12,0
732,16,0,0,0,1,11,121,0,2.5859,33,85,1,0,16,0
733,13,0,0,1,1,30,900,0,1.8326,49,85,1,1,13,0
734,12,0,0,1,0,15,225,1,2.1961,33,85,1,1,12,1
735,14,0,0,0,0,2,4,0,2.0149,22,85,1,0,14,0
736,17,0,0,1,1,24,576,0,2.4849,47,85,1,1,17,0
737,18,0,0,1,0,31,961,1,2.6391,55,85,1,1,18,1
738,14,0,0,0,0,19,361,0,2.7988,39,85,1,0,14,0
739,14,0,0,0,0,2,4,0,1.8326,22,85,1,0,14,0
740,12,0,0,0,1,4,16,1,2.3514,22,85,1,0,12,1
741,9,0,0,1,1,46,2116,1,2.2513,61,85,1,1,9,1
742,6,0,0,1,1,43,1849,1,1.0986,55,85,1,1,6,1
743,14,0,0,1,1,13,169,0,2.2214,33,85,1,1,14,0
744,12,0,0,1,0,15,225,0,1.3863,33,85,1,1,12,0
745,12,0,0,1,0,16,256,0,1.335,34,85,1,1,12,0
746,12,0,0,1,1,19,361,0,1.7918,37,85,1,1,12,0
747,12,0,0,1,1,28,784,0,1.6094,46,85,1,1,12,0
748,12,0,0,0,1,42,1764,0,2.708,60,85,1,0,12,0
749,11,0,0,1,0,45,2025,1,1.7138,62,85,1,1,11,1
750,16,0,1,0,1,7,49,0,2.1972,29,85,1,0,16,0
751,17,0,0,0,1,31,961,0,3.2179,54,85,1,0,17,0
752,12,0,0,1,1,24,576,0,2.1389,42,85,1,1,12,0
753,14,0,0,1,1,17,289,0,1.6094,37,85,1,1,14,0
754,12,0,0,0,1,26,676,1,3.1001,44,85,1,0,12,1
755,16,0,1,0,1,5,25,1,2.2235,27,85,1,0,16,1
756,16,0,0,1,1,17,289,0,2.0794,39,85,1,1,16,0
757,10,1,0,1,0,33,1089,0,1.2528,49,85,1,1,10,0
758,13,1,0,1,1,2,4,0,1.209,21,85,1,1,13,0
759,16,1,1,1,1,14,196,0,1.209,36,85,1,1,16,0
760,16,1,0,1,1,28,784,1,2.9957,50,85,1,1,16,1
761,12,1,0,1,0,46,2116,0,1.3863,64,85,1,1,12,0
762,16,1,0,0,1,38,1444,0,2.8904,60,85,1,0,16,0
763,13,1,0,1,0,0,0,0,1.5041,19,85,1,1,13,0
764,12,1,0,1,0,1,1,0,2.0557,19,85,1,1,12,0
765,12,1,0,1,1,5,25,0,0.5596,23,85,1,1,12,0
766,18,1,0,1,1,13,169,0,1.6487,37,85,1,1,18,0
767,10,1,0,0,0,19,361,0,2.1691,35,85,1,0,10,0
768,12,1,0,0,1,5,25,0,1.6094,23,85,1,0,12,0
769,12,1,1,1,1,6,36,0,1.3218,24,85,1,1,12,0
770,13,1,0,0,1,9,81,0,1.7834,28,85,1,0,13,0
771,12,1,0,0,0,7,49,0,1.3863,25,85,1,0,12,0
772,3,1,0,0,1,55,3025,0,1.9459,64,85,1,0,3,0
773,17,1,0,1,0,1,1,0,1.6094,24,85,1,1,17,0
774,6,1,1,1,0,33,1089,0,1.5304,45,85,1,1,6,0
775,12,1,0,1,1,21,441,0,1.7492,39,85,1,1,12,0
776,18,0,0,0,1,29,841,0,3.2179,53,85,1,0,18,0
777,18,0,0,0,1,7,49,0,2.7593,31,85,1,0,18,0
778,16,0,0,0,0,10,100,0,2.7444,32,85,1,0,16,0
779,16,0,0,0,0,9,81,0,1.209,31,85,1,0,16,0
780,18,0,0,0,1,7,49,0,2.8994,31,85,1,0,18,0
781,18,0,0,0,0,33,1089,1,2.0794,57,85,1,0,18,1
782,13,0,0,0,0,31,961,0,1.7918,50,85,1,0,13,0
783,18,0,0,0,1,5,25,0,2.8478,29,85,1,0,18,0
784,16,0,0,1,0,2,4,0,1.7047,24,85,1,1,16,0
785,12,0,0,0,0,20,400,0,2.0347,38,85,1,0,12,0
786,16,0,1,0,0,4,16,0,1.8326,26,85,1,0,16,0
787,12,0,0,1,1,45,2025,0,1.8563,63,85,1,1,12,0
788,12,0,0,1,1,24,576,0,1.8839,42,85,1,1,12,0
789,12,0,0,0,1,43,1849,0,2.5257,61,85,1,0,12,0
790,18,0,0,0,1,10,100,0,2.5903,34,85,1,0,18,0
791,12,0,0,0,0,3,9,0,1.7047,21,85,1,0,12,0
792,15,0,0,0,0,5,25,0,2.4204,26,85,1,0,15,0
793,12,0,0,1,0,45,2025,0,2.3632,63,85,1,1,12,0
794,12,0,1,1,1,43,1849,1,2.0794,61,85,1,1,12,1
795,17,0,0,1,1,26,676,1,2.3224,49,85,1,1,17,1
796,12,0,0,1,1,42,1764,0,1.7561,60,85,1,1,12,0
797,12,0,0,0,1,37,1369,0,1.9879,55,85,1,0,12,0
798,14,0,0,1,0,1,1,0,3.7955,21,85,1,1,14,0
799,13,0,0,1,1,14,196,0,2.3514,33,85,1,1,13,0
800,12,0,0,0,1,8,64,0,2.2364,26,85,1,0,12,0
801,12,0,0,1,1,24,576,0,1.6487,42,85,1,1,12,0
802,12,0,0,1,1,20,400,0,1.4469,38,85,1,1,12,0
803,17,0,0,1,0,13,169,1,2.7695,36,85,1,1,17,1
804,15,0,0,0,1,12,144,0,3.1135,33,85,1,0,15,0
805,16,1,0,1,1,4,16,0,1.6094,26,85,1,1,16,0
806,12,1,1,0,1,14,196,0,1.6677,32,85,1,0,12,0
807,18,1,0,0,1,14,196,0,1.8326,38,85,1,0,18,0
808,18,1,0,1,0,13,169,0,2.3026,37,85,1,1,18,0
809,12,1,0,0,1,20,400,0,1.7047,38,85,1,0,12,0
810,9,1,0,1,1,30,900,0,1.9169,45,85,1,1,9,0
811,12,1,0,1,1,28,784,0,1.0986,46,85,1,1,12,0
812,16,1,0,0,1,14,196,1,2.3026,36,85,1,0,16,1
813,10,1,0,0,0,13,169,0,1.579,29,85,1,0,10,0
814,12,1,0,0,1,32,1024,0,2.2425,50,85,1,0,12,0
815,15,1,0,1,0,26,676,0,1.7918,47,85,1,1,15,0
816,13,1,0,1,0,0,0,0,1.4469,19,85,1,1,13,0
817,14,1,0,0,1,12,144,1,2.3997,32,85,1,0,14,1
818,12,1,1,1,1,32,1024,0,2.4982,50,85,1,1,12,0
819,12,1,0,0,1,12,144,0,2.1318,30,85,1,0,12,0
820,12,1,0,0,0,3,9,0,2.4361,21,85,1,0,12,0
821,9,1,0,0,1,29,841,0,2.9947,44,85,1,0,9,0
822,14,1,0,1,0,10,100,0,1.9279,30,85,1,1,14,0
823,12,0,0,1,1,16,256,1,1.743,34,85,1,1,12,1
824,12,0,0,1,1,8,64,0,1.209,26,85,1,1,12,0
825,9,0,0,1,1,16,256,0,1.579,31,85,1,1,9,0
826,12,0,0,1,1,15,225,0,1.7492,33,85,1,1,12,0
827,12,0,0,1,1,18,324,0,1.6864,36,85,1,1,12,0
828,12,0,0,1,1,38,1444,0,2.577,56,85,1,1,12,0
829,12,0,0,1,1,13,169,0,2.4262,31,85,1,1,12,0
830,13,0,0,0,1,18,324,0,2.1691,37,85,1,0,13,0
831,12,0,0,0,1,19,361,1,2.5031,37,85,1,0,12,1
832,10,0,0,0,1,15,225,0,1.6582,31,85,1,0,10,0
833,14,1,0,0,0,5,25,0,1.7148,25,85,1,0,14,0
834,12,1,0,1,1,36,1296,0,1.5239,54,85,1,1,12,0
835,12,1,0,0,1,38,1444,0,2.0149,56,85,1,0,12,0
836,12,1,0,0,0,5,25,0,2.4849,23,85,1,0,12,0
837,12,1,0,0,1,35,1225,1,2.7726,53,85,1,0,12,1
838,11,1,1,0,0,3,9,0,1.209,20,85,1,0,11,0
839,10,1,0,0,0,27,729,0,1.4929,43,85,1,0,10,0
840,12,1,0,1,1,29,841,0,1.4469,47,85,1,1,12,0
841,10,1,1,1,1,38,1444,0,2.5726,54,85,1,1,10,0
842,10,1,0,0,1,9,81,0,1.9459,25,85,1,0,10,0
843,6,1,0,0,1,45,2025,0,1.7492,57,85,1,0,6,0
844,8,1,0,0,1,27,729,0,1.8718,41,85,1,0,8,0
845,12,1,1,0,1,20,400,0,2.0293,38,85,1,0,12,0
846,16,1,0,0,1,14,196,1,3.0204,36,85,1,0,16,1
847,12,1,0,0,0,1,1,0,1.8326,19,85,1,0,12,0
848,11,1,1,1,1,25,625,0,1.3455,42,85,1,1,11,0
849,14,1,0,0,1,21,441,0,2.8124,41,85,1,0,14,0
850,17,0,0,1,0,10,100,0,2.4204,33,85,1,1,17,0
851,14,0,0,0,0,2,4,0,1.7317,22,85,1,0,14,0
852,11,0,0,0,0,17,289,0,1.8718,34,85,1,0,11,0
853,12,0,0,1,1,24,576,0,2.0477,42,85,1,1,12,0
854,12,0,0,0,1,26,676,1,1.9359,44,85,1,0,12,1
855,12,0,0,0,1,39,1521,1,2.708,57,85,1,0,12,1
856,7,0,1,0,1,42,1764,1,1.9459,55,85,1,0,7,1
857,7,1,0,0,1,43,1849,0,1.209,56,85,1,0,7,0
858,12,1,0,0,0,5,25,0,1.8718,23,85,1,0,12,0
859,16,1,0,1,1,7,49,0,1.8326,29,85,1,1,16,0
860,13,1,0,1,1,6,36,0,1.6094,25,85,1,1,13,0
861,13,1,1,1,0,1,1,0,1.2384,20,85,1,1,13,0
862,14,1,0,0,1,41,1681,0,2.1748,61,85,1,0,14,0
863,16,1,0,1,1,4,16,0,2.3026,26,85,1,1,16,0
864,11,1,0,1,1,25,625,1,1.3863,42,85,1,1,11,1
865,12,1,0,1,1,39,1521,0,2.2513,57,85,1,1,12,0
866,14,1,0,1,1,15,225,0,2.3447,35,85,1,1,14,0
867,18,1,0,0,1,10,100,0,1.6506,34,85,1,0,18,0
868,12,1,0,1,0,20,400,0,2.0149,38,85,1,1,12,0
869,17,1,0,0,1,2,4,0,1.9459,25,85,1,0,17,0
870,11,1,1,0,1,28,784,1,2.3777,45,85,1,0,11,1
871,10,1,0,0,1,27,729,1,2.1861,43,85,1,0,10,1
872,16,1,0,1,0,13,169,0,1.3218,35,85,1,1,16,0
873,15,1,0,0,0,4,16,0,1.3218,25,85,1,0,15,0
874,12,0,0,0,0,13,169,0,2.246,31,85,1,0,12,0
875,12,0,0,0,1,33,1089,1,2.708,51,85,1,0,12,1
876,12,0,0,1,0,6,36,0,1.2809,24,85,1,1,12,0
877,18,0,0,0,1,23,529,1,2.4849,47,85,1,0,18,1
878,16,0,0,1,1,6,36,0,2.3632,28,85,1,1,16,0
879,16,0,0,1,1,16,256,0,2.6391,38,85,1,1,16,0
880,16,0,0,0,0,3,9,1,1.6094,25,85,1,0,16,1
881,12,0,0,0,0,19,361,1,2.4423,37,85,1,0,12,1
882,12,0,0,0,1,43,1849,1,2.6181,61,85,1,0,12,1
883,12,1,0,0,1,34,1156,0,2.3632,52,85,1,0,12,0
884,12,1,0,1,0,25,625,0,2.0082,43,85,1,1,12,0
885,10,1,1,0,1,41,1681,1,1.9095,57,85,1,0,10,1
886,17,1,1,1,0,6,36,0,1.7707,29,85,1,1,17,0
887,12,1,1,0,0,2,4,0,1.2321,20,85,1,0,12,0
888,8,1,1,1,1,37,1369,0,1.4702,51,85,1,1,8,0
889,12,1,1,0,1,19,361,1,2.5649,37,85,1,0,12,1
890,5,1,0,0,1,44,1936,0,2.6391,55,85,1,0,5,0
891,10,1,1,1,1,37,1369,0,1.2566,53,85,1,1,10,0
892,13,1,0,0,0,8,64,0,1.4586,27,85,1,0,13,0
893,18,1,0,0,1,12,144,0,1.767,36,85,1,0,18,0
894,12,0,0,0,0,8,64,0,1.7918,26,85,1,0,12,0
895,16,0,0,0,1,13,169,1,2.3979,35,85,1,0,16,1
896,13,0,0,0,0,32,1024,0,3.0564,51,85,1,0,13,0
897,16,0,0,0,1,18,324,0,2.6759,40,85,1,0,16,0
898,12,0,1,0,0,8,64,0,1.9242,26,85,1,0,12,0
899,16,0,0,1,0,0,0,0,2.3026,18,85,1,1,16,0
900,16,0,0,1,1,7,49,0,2.3026,29,85,1,1,16,0
901,16,1,0,1,0,5,25,0,3.2179,27,85,1,1,16,0
902,12,1,0,1,1,17,289,0,1.3218,35,85,1,1,12,0
903,11,1,0,0,1,39,1521,0,1.8718,56,85,1,0,11,0
904,12,1,0,0,0,4,16,0,1.6094,22,85,1,0,12,0
905,8,1,0,1,0,45,2025,0,1.5151,59,85,1,1,8,0
906,12,0,0,0,0,8,64,0,1.8718,26,85,1,0,12,0
907,16,0,0,0,0,9,81,0,2.3585,31,85,1,0,16,0
908,12,0,0,0,1,23,529,0,2.2576,41,85,1,0,12,0
909,16,0,0,1,1,14,196,0,2.4849,36,85,1,1,16,0
910,12,0,0,1,0,16,256,0,2.1401,34,85,1,1,12,0
911,12,0,0,1,1,15,225,0,1.411,33,85,1,1,12,0
912,12,0,0,1,0,15,225,0,1.5041,33,85,1,1,12,0
913,16,0,0,0,1,16,256,0,2.4423,38,85,1,0,16,0
914,14,0,0,0,0,13,169,0,2.1861,33,85,1,0,14,0
915,11,0,0,0,0,15,225,1,2.6539,32,85,1,0,11,1
916,16,0,0,0,1,11,121,0,2.6137,33,85,1,0,16,0
917,18,0,0,1,0,40,1600,0,3.1001,64,85,1,1,18,0
918,18,0,0,1,1,11,121,0,2.708,35,85,1,1,18,0
919,13,1,0,0,1,17,289,0,2.0869,36,85,1,0,13,0
920,12,1,0,0,1,12,144,0,1.9095,30,85,1,0,12,0
921,11,1,1,0,1,14,196,0,1.5041,31,85,1,0,11,0
922,12,1,0,1,1,26,676,0,1.9459,44,85,1,1,12,0
923,12,1,1,1,1,27,729,0,2.0149,45,85,1,1,12,0
924,12,1,0,1,1,16,256,0,2.0149,34,85,1,1,12,0
925,12,1,1,0,0,2,4,0,2.1401,20,85,1,0,12,0
926,7,1,0,0,1,44,1936,0,2.0794,57,85,1,0,7,0
927,8,1,0,0,1,8,64,0,1.2528,22,85,1,0,8,0
928,12,1,0,0,1,9,81,0,2.5257,27,85,1,0,12,0
929,12,1,0,0,0,1,1,1,1.7918,19,85,1,0,12,1
930,16,1,0,1,0,2,4,0,1.6582,24,85,1,1,16,0
931,12,1,0,0,0,6,36,0,1.6094,24,85,1,0,12,0
932,11,1,0,1,1,17,289,0,1.2528,34,85,1,1,11,0
933,14,1,0,0,1,14,196,1,2.3979,34,85,1,0,14,1
934,12,0,0,0,0,3,9,0,2.0149,21,85,1,0,12,0
935,12,0,0,0,1,13,169,0,2.1401,31,85,1,0,12,0
936,12,0,0,0,0,11,121,0,2.5257,29,85,1,0,12,0
937,12,0,0,0,1,24,576,1,2.3749,42,85,1,0,12,1
938,12,0,0,1,1,14,196,1,2.5257,32,85,1,1,12,1
939,17,0,0,0,1,7,49,0,2.0541,30,85,1,0,17,0
940,17,0,0,0,1,13,169,0,2.4849,36,85,1,0,17,0
941,12,1,1,1,1,10,100,0,1.209,28,85,1,1,12,0
942,12,1,0,0,1,13,169,1,2.9895,31,85,1,0,12,1
943,13,1,0,0,1,7,49,0,1.7918,26,85,1,0,13,0
944,8,1,0,1,1,39,1521,0,1.4398,53,85,1,1,8,0
945,14,1,0,1,1,6,36,0,1.2528,26,85,1,1,14,0
946,12,1,0,0,1,20,400,1,2.4849,38,85,1,0,12,1
947,12,0,0,1,1,7,49,0,1.209,25,85,1,1,12,0
948,12,0,0,0,1,20,400,1,2.1972,38,85,1,0,12,1
949,14,0,0,1,0,6,36,0,1.3813,26,85,1,1,14,0
950,12,0,0,1,1,39,1521,0,1.6094,57,85,1,1,12,0
951,16,0,0,0,1,15,225,0,2.539,37,85,1,0,16,0
952,15,0,0,0,1,31,961,0,2.8478,52,85,1,0,15,0
953,12,0,0,1,0,25,625,0,2.2513,43,85,1,1,12,0
954,11,0,0,0,1,13,169,1,2.6391,30,85,1,0,11,1
955,12,0,1,0,1,8,64,1,2.1401,26,85,1,0,12,1
956,12,0,0,1,1,2,4,0,1.4469,20,85,1,1,12,0
957,16,0,0,0,1,14,196,0,1.7579,36,85,1,0,16,0
958,13,0,0,0,1,14,196,0,2.4204,33,85,1,0,13,0
959,18,0,0,1,1,18,324,1,2.4849,42,85,1,1,18,1
960,12,0,0,1,1,28,784,0,2.4204,46,85,1,1,12,0
961,16,0,0,0,1,10,100,1,2.0149,32,85,1,0,16,1
962,14,1,1,0,0,17,289,0,2.1041,37,85,1,0,14,0
963,12,1,0,1,1,14,196,0,1.579,32,85,1,1,12,0
964,12,1,0,1,1,2,4,0,1.5581,20,85,1,1,12,0
965,16,1,0,0,1,29,841,0,1.7047,51,85,1,0,16,0
966,11,1,0,0,1,29,841,0,2.2513,46,85,1,0,11,0
967,12,1,0,1,1,14,196,0,2.2618,32,85,1,1,12,0
968,13,0,0,1,1,33,1089,0,1.5151,52,85,1,1,13,0
969,16,0,0,0,1,4,16,0,2.7558,26,85,1,0,16,0
970,15,0,0,0,1,13,169,0,2.2885,34,85,1,0,15,0
971,14,0,0,1,0,24,576,0,2.3026,44,85,1,1,14,0
972,13,0,0,0,0,5,25,0,1.7579,24,85,1,0,13,0
973,14,1,0,0,0,1,1,0,2.0186,21,85,1,0,14,0
974,11,1,0,0,1,37,1369,1,2.2773,54,85,1,0,11,1
975,11,1,0,0,1,18,324,1,2.5649,35,85,1,0,11,1
976,15,1,0,1,1,10,100,0,2.3302,31,85,1,1,15,0
977,12,1,0,0,1,16,256,1,2.599,34,85,1,0,12,1
978,12,0,0,0,1,12,144,1,2.5313,30,85,1,0,12,1
979,14,0,0,1,0,4,16,0,2.1552,24,85,1,1,14,0
980,12,0,0,0,1,16,256,1,2.5848,34,85,1,0,12,1
981,14,0,1,0,1,34,1156,1,1.9242,54,85,1,0,14,1
982,13,0,0,0,1,10,100,1,2.5233,29,85,1,0,13,1
983,14,0,0,0,1,17,289,0,1.9661,37,85,1,0,14,0
984,13,0,0,1,1,16,256,0,2.5257,35,85,1,1,13,0
985,10,0,0,0,1,20,400,0,2.3026,36,85,1,0,10,0
986,10,0,0,0,1,12,144,0,2.3026,28,85,1,0,10,0
987,12,0,0,0,1,30,900,0,2.1691,48,85,1,0,12,0
988,16,0,0,1,1,26,676,0,2.238,48,85,1,1,16,0
989,13,0,0,0,1,13,169,0,2.4079,32,85,1,0,13,0
990,8,0,0,1,1,21,441,0,1.6292,35,85,1,1,8,0
991,11,0,1,0,0,3,9,0,2.0149,20,85,1,0,11,0
992,8,0,1,1,1,29,841,0,1.2238,43,85,1,1,8,0
993,12,0,0,1,1,3,9,0,1.5041,21,85,1,1,12,0
994,18,0,1,0,1,27,729,0,1.8326,51,85,1,0,18,0
995,12,0,0,0,1,33,1089,0,3.0229,51,85,1,0,12,0
996,13,0,0,0,0,17,289,0,2.1282,36,85,1,0,13,0
997,12,0,0,1,1,15,225,0,2.0794,33,85,1,1,12,0
998,9,0,0,0,1,38,1444,0,2.1401,53,85,1,0,9,0
999,12,0,0,0,0,9,81,0,1.3218,27,85,1,0,12,0
1000,12,0,0,0,1,10,100,0,2.1972,28,85,1,0,12,0
1001,16,0,0,1,0,6,36,0,2.4891,28,85,1,1,16,0
1002,12,0,0,1,1,7,49,0,1.5041,25,85,1,1,12,0
1003,9,0,1,0,0,16,256,0,1.5686,31,85,1,0,9,0
1004,10,0,0,0,1,30,900,0,1.8718,46,85,1,0,10,0
1005,12,0,0,0,1,19,361,0,2.0398,37,85,1,0,12,0
1006,12,0,0,1,0,15,225,0,2.2336,33,85,1,1,12,0
1007,12,0,1,0,1,12,144,0,1.6094,30,85,1,0,12,0
1008,12,0,1,1,1,33,1089,0,1.8083,51,85,1,1,12,0
1009,12,0,1,0,0,36,1296,0,2.3674,54,85,1,0,12,0
1010,12,0,1,1,0,25,625,0,1.2528,43,85,1,1,12,0
1011,12,0,1,0,1,35,1225,1,2.3026,53,85,1,0,12,1
1012,13,0,1,0,0,8,64,1,2.1972,27,85,1,0,13,1
1013,12,1,1,1,1,23,529,0,2.0149,41,85,1,1,12,0
1014,18,1,0,0,0,7,49,0,1.743,31,85,1,0,18,0
1015,17,1,0,0,0,3,9,0,2.1401,26,85,1,0,17,0
1016,12,1,1,0,1,8,64,0,1.3863,26,85,1,0,12,0
1017,9,1,1,1,1,34,1156,1,1.7492,49,85,1,1,9,1
1018,12,0,0,0,0,2,4,0,1.6582,20,85,1,0,12,0
1019,12,0,0,0,1,34,1156,0,1.2528,52,85,1,0,12,0
1020,11,0,0,0,0,2,4,0,1.5041,19,85,1,0,11,0
1021,12,0,0,1,0,11,121,0,1.7047,29,85,1,1,12,0
1022,13,0,0,1,1,4,16,0,1.8326,23,85,1,1,13,0
1023,16,0,0,1,1,22,484,1,2.1848,44,85,1,1,16,1
1024,12,0,0,1,1,45,2025,0,1.6582,63,85,1,1,12,0
1025,14,0,0,1,1,26,676,0,2.3273,46,85,1,1,14,0
1026,14,0,0,1,1,12,144,0,1.8326,32,85,1,1,14,0
1027,12,0,0,1,1,3,9,0,1.4702,21,85,1,1,12,0
1028,13,0,0,0,0,36,1296,0,2.8824,55,85,1,0,13,0
1029,12,0,0,1,1,9,81,1,2.0149,27,85,1,1,12,1
1030,16,0,0,1,1,7,49,0,1.8326,29,85,1,1,16,0
1031,14,0,0,0,1,14,196,0,1.5041,34,85,1,0,14,0
1032,12,0,0,1,0,6,36,0,1.8563,24,85,1,1,12,0
1033,15,0,0,0,1,1,1,1,1.5766,22,85,1,0,15,1
1034,11,0,0,0,1,4,16,0,1.4231,21,85,1,0,11,0
1035,12,0,0,1,1,5,25,0,1.6351,23,85,1,1,12,0
1036,8,0,0,1,1,38,1444,0,1.6601,52,85,1,1,8,0
1037,16,0,0,1,1,6,36,0,2.0513,28,85,1,1,16,0
1038,13,0,0,0,0,9,81,1,2.5703,28,85,1,0,13,1
1039,13,0,0,1,1,15,225,0,2.0794,34,85,1,1,13,0
1040,15,0,0,1,1,11,121,0,2.0369,32,85,1,1,15,0
1041,12,0,0,0,0,17,289,0,2.0149,35,85,1,0,12,0
1042,12,0,0,0,0,1,1,0,1.0473,19,85,1,0,12,0
1043,12,0,0,0,1,9,81,0,1.8506,27,85,1,0,12,0
1044,9,0,0,0,0,48,2304,0,1.2528,63,85,1,0,9,0
1045,12,0,0,0,1,17,289,1,2.4292,35,85,1,0,12,1
1046,12,0,0,1,1,33,1089,0,1.7047,51,85,1,1,12,0
1047,12,0,0,0,1,7,49,0,2.2138,25,85,1,0,12,0
1048,14,0,0,1,1,12,144,0,2.0744,32,85,1,1,14,0
1049,16,0,0,1,1,6,36,0,1.7317,28,85,1,1,16,0
1050,4,0,0,0,1,54,2916,0,1.7918,64,85,1,0,4,0
1051,16,1,1,0,0,16,256,0,2.599,38,85,1,0,16,0
1052,11,1,0,1,1,8,64,0,1.2947,25,85,1,1,11,0
1053,9,1,0,0,0,30,900,1,1.8326,45,85,1,0,9,1
1054,13,1,0,0,0,1,1,1,1.639,20,85,1,0,13,1
1055,17,1,0,0,1,32,1024,0,3.2692,55,85,1,0,17,0
1056,13,1,0,0,0,0,0,0,0.6981,19,85,1,0,13,0
1057,12,1,0,1,0,26,676,0,1.6094,44,85,1,1,12,0
1058,11,0,0,1,0,36,1296,0,2.1691,53,85,1,1,11,0
1059,14,0,0,1,1,19,361,0,2.5257,39,85,1,1,14,0
1060,12,0,0,0,0,12,144,0,1.3863,30,85,1,0,12,0
1061,16,0,0,0,1,21,441,0,1.5041,43,85,1,0,16,0
1062,12,0,0,1,0,11,121,0,1.8718,29,85,1,1,12,0
1063,12,0,0,0,1,10,100,0,1.7047,28,85,1,0,12,0
1064,17,0,0,1,1,15,225,0,1.9279,38,85,1,1,17,0
1065,16,0,0,1,0,16,256,0,1.8165,38,85,1,1,16,0
1066,12,0,0,0,1,23,529,0,2.0513,41,85,1,0,12,0
1067,12,0,0,0,1,24,576,0,0.0,42,85,1,0,12,0
1068,17,0,0,1,1,13,169,1,2.5257,36,85,1,1,17,1
1069,14,0,1,1,1,19,361,1,2.1804,39,85,1,1,14,1
1070,11,0,0,1,1,20,400,0,1.4702,37,85,1,1,11,0
1071,18,0,0,0,0,5,25,0,2.4304,29,85,1,0,18,0
1072,8,0,0,0,1,47,2209,1,2.1894,61,85,1,0,8,1
1073,11,0,0,1,1,33,1089,0,1.2528,50,85,1,1,11,0
1074,14,0,0,0,1,21,441,1,3.2581,41,85,1,0,14,1
1075,12,0,0,1,1,19,361,0,2.0794,37,85,1,1,12,0
1076,14,0,0,0,1,20,400,1,2.7726,40,85,1,0,14,1
1077,12,0,0,1,1,13,169,0,1.6771,31,85,1,1,12,0
1078,17,0,1,1,1,25,625,1,3.1463,48,85,1,1,17,1
1079,12,0,1,1,1,18,324,0,2.1552,36,85,1,1,12,0
1080,14,0,0,1,0,13,169,0,2.9178,33,85,1,1,14,0
1081,18,0,0,0,1,8,64,0,3.1001,32,85,1,0,18,0
1082,12,0,1,0,0,14,196,1,2.7887,32,85,1,0,12,1
1083,12,0,0,0,0,9,81,0,2.9689,27,85,1,0,12,0
