,year,age,agesq,nbh,cbd,inst,linst,price,rooms,area,land,baths,dist,ldist,lprice,y81,larea,lland,linstsq
0,1978,48,2304.0,4,3000.0,1000.0,6.9078,60000.0,7,1660,4578.0,1,10700.0,9.277999,11.0021,0,7.4145727,8.429017,47.717705
1,1978,83,6889.0,4,4000.0,1000.0,6.9078,40000.0,6,2612,8370.0,2,11000.0,9.305651,10.596635,0,7.8678713,9.032409,47.717705
2,1978,58,3364.0,4,4000.0,1000.0,6.9078,34000.0,6,1144,5000.0,1,11500.0,9.350102,10.434115,0,7.0422864,8.517193,47.717705
3,1978,11,121.0,4,4000.0,1000.0,6.9078,63900.0,5,1136,10000.0,1,11900.0,9.384294,11.065075,0,7.035269,9.2103405,47.717705
4,1978,48,2304.0,4,4000.0,2000.0,7.6009,44000.0,5,1868,10000.0,1,12100.0,9.400961,10.691945,0,7.532624,9.2103405,57.77368
5,1978,78,6084.0,4,3000.0,2000.0,7.6009,46000.0,6,1780,9500.0,3,10000.0,9.21034,10.736397,0,7.484369,9.159047,57.77368
6,1978,22,484.0,4,4000.0,2000.0,7.6009,56000.0,6,1700,10878.0,2,11700.0,9.367344,10.933107,0,7.4383836,9.2944975,57.77368
7,1978,78,6084.0,4,3000.0,2000.0,7.6009,38500.0,6,1556,3870.0,2,10200.0,9.230143,10.5584135,0,7.3498735,8.26101,57.77368
8,1978,42,1764.0,4,3000.0,2000.0,7.6009,60500.0,8,1642,7000.0,2,10500.0,9.259131,11.010399,0,7.4036703,8.853665,57.77368
9,1978,41,1681.0,4,3000.0,2000.0,7.6009,55000.0,5,1443,7950.0,2,11000.0,9.305651,10.915089,0,7.2744794,8.980927,57.77368
10,1978,78,6084.0,4,1000.0,4000.0,8.294,39000.0,6,1439,4990.0,1,8600.0,9.059517,10.571317,0,7.2717037,8.515191,68.79043
11,1978,38,1444.0,0,6000.0,4000.0,8.294,41000.0,5,1482,8017.0,1,12200.0,9.409191,10.621327,0,7.301148,8.98932,68.79043
12,1978,18,324.0,0,5000.0,4000.0,8.294,50900.0,6,1290,12538.0,2,12400.0,9.425452,10.837618,0,7.1623974,9.43652,68.79043
13,1978,32,1024.0,0,9000.0,7000.0,8.8537,52000.0,6,1274,7858.0,1,16800.0,9.729134,10.858999,0,7.1499166,8.969288,78.388
14,1978,18,324.0,0,9000.0,8000.0,8.9872,49000.0,6,1476,15664.0,1,17200.0,9.752665,10.799576,0,7.297091,9.659121,80.76976
15,1978,58,3364.0,4,2000.0,3000.0,8.0064,80000.0,7,1838,9249.0,2,9900.0,9.20029,11.289782,0,7.5164332,9.132271,64.10244
16,1978,56,3136.0,4,2000.0,3000.0,8.0064,50000.0,6,1536,10491.0,2,10000.0,9.21034,10.819778,0,7.336937,9.258273,64.10244
17,1978,70,4900.0,4,2000.0,3000.0,8.0064,59000.0,5,2458,9400.0,2,10000.0,9.21034,10.985292,0,7.807103,9.148465,64.10244
18,1978,26,676.0,4,3000.0,4000.0,8.294,42000.0,4,750,8000.0,1,10600.0,9.268609,10.645425,0,6.6200733,8.987197,68.79043
19,1978,21,441.0,4,4000.0,4000.0,8.294,71500.0,5,2106,13370.0,2,11700.0,9.367344,11.177453,0,7.652546,9.500769,68.79043
20,1978,24,576.0,4,4000.0,5000.0,8.5172,43000.0,4,1000,8000.0,1,11700.0,9.367344,10.668956,0,6.9077554,8.987197,72.5427
21,1978,33,1089.0,4,5000.0,5000.0,8.5172,48000.0,6,1410,10370.0,2,12500.0,9.433484,10.778956,0,7.251345,9.246673,72.5427
22,1978,128,16384.0,2,14000.0,14000.0,9.5468,37500.0,7,2346,43560.0,2,19600.0,9.883285,10.532096,0,7.760467,10.681894,91.14138
23,1978,15,225.0,2,18000.0,18000.0,9.7981,59000.0,6,1215,44867.0,1,24000.0,10.08581,10.985292,0,7.1024995,10.711458,96.00277
24,1978,7,49.0,2,18000.0,18000.0,9.7981,59000.0,6,2128,44174.0,2,22200.0,10.00785,10.985292,0,7.6629376,10.695891,96.00277
25,1978,0,0.0,2,16000.0,17000.0,9.741,94000.0,7,2290,25250.0,3,21700.0,9.985068,11.45105,0,7.736307,10.136581,94.887085
26,1978,0,0.0,2,17000.0,17000.0,9.741,95920.0,7,2464,48269.0,3,21700.0,9.985068,11.47127,0,7.809541,10.784545,94.887085
27,1978,0,0.0,2,17000.0,17000.0,9.741,95000.0,7,2240,44916.0,3,21900.0,9.994242,11.461632,0,7.714231,10.712549,94.887085
28,1978,0,0.0,2,17000.0,17000.0,9.741,95900.0,7,2464,50808.0,3,22000.0,9.998798,11.471062,0,7.809541,10.835809,94.887085
29,1978,1,1.0,2,16000.0,17000.0,9.741,91000.0,7,2240,53000.0,3,21600.0,9.980449,11.418614,0,7.714231,10.878047,94.887085
30,1978,0,0.0,2,16000.0,16000.0,9.6803,96900.0,7,2464,41463.0,3,21500.0,9.975808,11.481435,0,7.809541,10.632557,93.708206
31,1978,104,10816.0,4,2000.0,4000.0,8.294,47000.0,8,2576,12568.0,2,9400.0,9.148465,10.757903,0,7.853993,9.43891,68.79043
32,1978,18,324.0,4,3000.0,4000.0,8.294,68500.0,6,1377,12877.0,2,10200.0,9.230143,11.134589,0,7.2276626,9.463198,68.79043
33,1978,188,35344.0,0,9000.0,9000.0,9.105,36000.0,6,2071,9665.0,2,16100.0,9.686575,10.491274,0,7.635787,9.176267,82.90102
34,1978,12,144.0,0,8000.0,8000.0,8.9872,90000.0,7,2352,26890.0,3,15000.0,9.615805,11.407565,0,7.7630215,10.19951,80.76976
35,1978,178,31684.0,0,10000.0,9000.0,9.105,66900.0,10,1750,12516.0,2,17100.0,9.746834,11.110954,0,7.467371,9.434763,82.90102
36,1978,1,1.0,4,3000.0,6000.0,8.6995,44000.0,6,1869,12500.0,2,6100.0,8.716044,10.691945,0,7.533159,9.433484,75.681305
37,1978,48,2304.0,4,2000.0,6000.0,8.6995,43500.0,6,1490,5000.0,1,6600.0,8.794825,10.680516,0,7.3065314,8.517193,75.681305
38,1978,56,3136.0,4,2000.0,6000.0,8.6995,40000.0,5,1867,5000.0,1,6800.0,8.824678,10.596635,0,7.5320883,8.517193,75.681305
39,1978,3,9.0,4,3000.0,6000.0,8.6995,46000.0,7,1261,10000.0,2,6000.0,8.699515,10.736397,0,7.1396604,9.2103405,75.681305
40,1978,21,441.0,0,3000.0,5000.0,8.5172,48000.0,5,1038,15431.0,1,10000.0,9.21034,10.778956,0,6.945051,9.644134,72.5427
41,1978,12,144.0,4,4000.0,6000.0,8.6995,61000.0,7,1800,13030.0,2,11200.0,9.323669,11.018629,0,7.495542,9.47501,75.681305
42,1978,28,784.0,4,4000.0,5000.0,8.5172,55500.0,6,1972,20089.0,2,11400.0,9.341369,10.924138,0,7.5868034,9.9079275,72.5427
43,1978,23,529.0,0,6000.0,7000.0,8.8537,63000.0,6,2089,16935.0,1,12100.0,9.400961,11.05089,0,7.6444407,9.737138,78.388
44,1978,148,21904.0,0,6000.0,7000.0,8.8537,32000.0,6,1464,29129.0,2,12500.0,9.433484,10.373491,0,7.2889276,10.2794895,78.388
45,1978,25,625.0,0,7000.0,7000.0,8.8537,32000.0,6,2112,12500.0,2,14000.0,9.546813,10.373491,0,7.6553907,9.433484,78.388
46,1978,13,169.0,0,12000.0,12000.0,9.3927,82000.0,6,1964,25182.0,2,18300.0,9.814656,11.314474,0,7.5827384,10.133884,88.22282
47,1978,18,324.0,0,14000.0,17000.0,9.741,51000.0,5,1166,45000.0,1,5200.0,8.556414,10.839581,0,7.061334,10.714417,94.887085
48,1978,38,1444.0,1,10000.0,14000.0,9.5468,83000.0,6,3861,51062.0,2,8000.0,8.987197,11.326596,0,8.258681,10.8407955,91.14138
49,1978,10,100.0,0,14000.0,16000.0,9.6803,100000.0,7,2252,44000.0,3,16000.0,9.680344,11.512925,0,7.719574,10.691945,93.708206
50,1978,8,64.0,0,14000.0,16000.0,9.6803,131500.0,9,2598,44000.0,3,16000.0,9.680344,11.786762,0,7.8624973,10.691945,93.708206
51,1978,21,441.0,0,17000.0,18000.0,9.7981,37500.0,4,2276,43560.0,1,22100.0,10.00333,10.532096,0,7.730175,10.681894,96.00277
52,1978,68,4624.0,4,3000.0,6000.0,8.6995,49000.0,6,1875,9790.0,2,6700.0,8.809863,10.799576,0,7.536364,9.1891165,75.681305
53,1978,13,169.0,4,4000.0,6000.0,8.6995,54000.0,6,1570,8790.0,2,10700.0,9.277999,10.896739,0,7.358831,9.08137,75.681305
54,1978,38,1444.0,0,4000.0,7000.0,8.8537,56900.0,6,2032,10993.0,2,5300.0,8.575462,10.949051,0,7.616776,9.305014,78.388
55,1978,22,484.0,0,4000.0,8000.0,8.9872,62000.0,6,1318,20550.0,2,5700.0,8.648221,11.034889,0,7.183871,9.930616,80.76976
56,1978,21,441.0,0,4000.0,8000.0,8.9872,48000.0,5,1078,21800.0,2,5800.0,8.665613,10.778956,0,6.982863,9.989665,80.76976
57,1978,56,3136.0,4,4000.0,7000.0,8.8537,48000.0,7,3460,11421.0,2,5900.0,8.682708,10.778956,0,8.149024,9.343209,78.388
58,1978,28,784.0,4,3000.0,7000.0,8.8537,53000.0,5,1592,12700.0,2,6800.0,8.824678,10.878047,0,7.3727465,9.449357,78.388
59,1978,54,2916.0,4,4000.0,7000.0,8.8537,49000.0,8,915,14000.0,1,7600.0,8.935904,10.799576,0,6.818924,9.546813,78.388
60,1978,28,784.0,4,5000.0,7000.0,8.8537,31000.0,5,925,4585.0,1,11400.0,9.341369,10.3417425,0,6.829794,8.430546,78.388
61,1978,14,196.0,0,4000.0,7000.0,8.8537,56900.0,6,1421,21120.0,2,6800.0,8.824678,10.949051,0,7.259116,9.957975,78.388
62,1978,78,6084.0,0,10000.0,10000.0,9.2103,34000.0,5,990,1710.0,1,15600.0,9.655026,10.434115,0,6.897705,7.4442487,84.829636
63,1978,153,23409.0,0,10000.0,11000.0,9.3057,98000.0,9,3792,35942.0,4,16200.0,9.692767,11.4927225,0,8.240649,10.489662,86.59606
64,1978,3,9.0,0,12000.0,12000.0,9.3927,85500.0,7,2544,26726.0,3,17700.0,9.78132,11.356272,0,7.841493,10.193392,88.22282
65,1978,0,0.0,0,12000.0,12000.0,9.3927,122500.0,7,2206,50094.0,3,18500.0,9.825526,11.715866,0,7.698936,10.821656,88.22282
66,1978,189,35721.0,1,14000.0,17000.0,9.741,185000.0,9,5078,132422.0,4,14500.0,9.581904,12.128111,0,8.532673,11.793749,94.887085
67,1978,5,25.0,1,17000.0,19000.0,9.8522,67500.0,5,1358,44775.0,2,16700.0,9.723164,11.119883,0,7.2137685,10.709405,97.065834
68,1978,8,64.0,1,16000.0,19000.0,9.8522,120000.0,7,2171,44064.0,3,16200.0,9.692767,11.695247,0,7.6829433,10.693398,97.065834
69,1978,1,1.0,1,19000.0,21000.0,9.9523,79000.0,7,1998,43561.0,3,19900.0,9.898475,11.277204,0,7.599902,10.681917,99.04828
70,1978,1,1.0,1,18000.0,21000.0,9.9523,77500.0,7,1998,147668.0,3,19800.0,9.893437,11.258033,0,7.599902,11.902721,99.04828
71,1978,26,676.0,1,20000.0,22000.0,9.9988,58000.0,6,1356,544500.0,2,21000.0,9.952278,10.968198,0,7.2122946,13.2076235,99.976006
72,1978,0,0.0,1,19000.0,21000.0,9.9523,61900.0,9,1411,44431.0,3,20200.0,9.913438,11.033276,0,7.2520537,10.701693,99.04828
73,1978,2,4.0,1,19000.0,21000.0,9.9523,79900.0,7,1540,46174.0,3,21000.0,9.952278,11.288531,0,7.3395376,10.740172,99.04828
74,1978,0,0.0,1,20000.0,22000.0,9.9988,62400.0,7,1296,46609.0,2,20900.0,9.947504,11.041321,0,7.167038,10.749549,99.976006
75,1978,1,1.0,1,22000.0,24000.0,10.086,89500.0,7,2240,43560.0,2,23000.0,10.04325,11.401994,0,7.714231,10.681894,101.7274
76,1978,0,0.0,6,21000.0,23000.0,10.043,89500.0,7,2436,43560.0,3,23100.0,10.04759,11.401994,0,7.7981124,10.681894,100.861855
77,1978,0,0.0,6,22000.0,24000.0,10.086,94900.0,7,2384,43560.0,3,23200.0,10.05191,11.460579,0,7.776535,10.681894,101.7274
78,1978,0,0.0,6,24000.0,26000.0,10.166,85900.0,6,1862,56392.0,2,27100.0,10.20729,11.360939,0,7.5294065,10.940083,103.347565
79,1978,0,0.0,6,24000.0,26000.0,10.166,92900.0,7,2036,49737.0,3,27000.0,10.20359,11.439279,0,7.6187425,10.814505,103.347565
80,1978,0,0.0,6,24000.0,26000.0,10.166,84900.0,7,2082,43958.0,3,27000.0,10.20359,11.34923,0,7.641084,10.6909895,103.347565
81,1978,0,0.0,6,24000.0,26000.0,10.166,85900.0,7,1962,44465.0,3,26700.0,10.19242,11.360939,0,7.58172,10.702457,103.347565
82,1978,0,0.0,6,24000.0,26000.0,10.166,85900.0,7,2286,43996.0,3,26600.0,10.18867,11.360939,0,7.734559,10.691854,103.347565
83,1978,0,0.0,6,24000.0,25000.0,10.127,97900.0,7,2464,43560.0,3,26400.0,10.18112,11.491702,0,7.809541,10.681894,102.55613
84,1978,0,0.0,6,24000.0,25000.0,10.127,78400.0,6,1862,45302.0,2,26300.0,10.17732,11.269579,0,7.5294065,10.721107,102.55613
85,1978,0,0.0,6,24000.0,26000.0,10.166,91400.0,8,2738,43995.0,2,27000.0,10.20359,11.423,0,7.914983,10.691832,103.347565
86,1978,0,0.0,6,25000.0,26000.0,10.166,106500.0,7,2240,43995.0,3,27100.0,10.20729,11.5759,0,7.714231,10.691832,103.347565
87,1978,0,0.0,6,24000.0,26000.0,10.166,109500.0,7,2780,43995.0,3,27000.0,10.20359,11.60368,0,7.9302063,10.691832,103.347565
88,1978,1,1.0,1,14000.0,16000.0,9.6803,148000.0,7,2781,43560.0,3,15600.0,9.655026,11.904967,0,7.930566,10.681894,93.708206
89,1978,12,144.0,1,16000.0,19000.0,9.8522,75000.0,6,1537,48352.0,2,17700.0,9.78132,11.225244,0,7.337588,10.7862625,97.065834
90,1978,1,1.0,1,14000.0,16000.0,9.6803,90400.0,7,2796,43560.0,3,15600.0,9.655026,11.412,0,7.935945,10.681894,93.708206
91,1978,1,1.0,1,14000.0,16000.0,9.6803,125000.0,9,2794,43995.0,3,15600.0,9.655026,11.736069,0,7.9352293,10.691832,93.708206
92,1978,158,24964.0,6,22000.0,23000.0,10.043,123000.0,9,2872,104544.0,3,33300.0,10.41331,11.719939,0,7.962764,11.5573635,100.861855
93,1978,30,900.0,6,21000.0,22000.0,9.9988,63000.0,6,1357,45302.0,1,25600.0,10.15035,11.05089,0,7.213032,10.721107,99.976006
94,1978,188,35344.0,6,21000.0,23000.0,10.043,87500.0,7,3256,44867.0,2,25300.0,10.13856,11.379395,0,8.088255,10.711458,100.861855
95,1978,0,0.0,0,30000.0,31000.0,10.342,73000.0,7,2038,49223.0,2,33300.0,10.41331,11.198215,0,7.6197243,10.804116,106.95696
96,1978,0,0.0,0,25000.0,26000.0,10.166,84900.0,7,1924,44431.0,3,28100.0,10.24352,11.34923,0,7.5621614,10.701693,103.347565
97,1978,0,0.0,0,25000.0,26000.0,10.166,80900.0,7,2370,43560.0,3,27300.0,10.21464,11.300969,0,7.770645,10.681894,103.347565
98,1978,0,0.0,0,25000.0,26000.0,10.166,94000.0,7,2036,51836.0,3,27200.0,10.21097,11.45105,0,7.6187425,10.85584,103.347565
99,1978,0,0.0,0,30000.0,31000.0,10.342,74500.0,7,1818,55321.0,2,33200.0,10.41031,11.2185545,0,7.505492,10.920908,106.95696
100,1978,1,1.0,5,33000.0,34000.0,10.434,82500.0,7,1986,50094.0,3,36700.0,10.51053,11.320554,0,7.593878,10.821656,108.868355
101,1978,3,9.0,5,31000.0,32000.0,10.373,86000.0,6,1855,50965.0,2,34600.0,10.45161,11.3621025,0,7.52564,10.838895,107.59913
102,1978,1,1.0,5,30000.0,30000.0,10.309,76900.0,6,1836,46174.0,3,33300.0,10.41331,11.250261,0,7.5153446,10.740172,106.27548
103,1978,1,1.0,5,30000.0,30000.0,10.309,75900.0,7,1836,45738.0,2,33300.0,10.41331,11.237172,0,7.5153446,10.730684,106.27548
104,1978,0,0.0,5,30000.0,30000.0,10.309,75500.0,7,1820,46174.0,3,33300.0,10.41331,11.231888,0,7.506592,10.740172,106.27548
105,1978,0,0.0,5,30000.0,30000.0,10.309,75000.0,7,1728,47916.0,2,33300.0,10.41331,11.225244,0,7.45472,10.7772045,106.27548
106,1978,0,0.0,5,30000.0,30000.0,10.309,73900.0,6,2092,47045.0,3,33300.0,10.41331,11.210468,0,7.645876,10.75886,106.27548
107,1978,0,0.0,5,33000.0,34000.0,10.434,83900.0,7,2036,46174.0,3,36800.0,10.51325,11.337381,0,7.6187425,10.740172,108.868355
108,1978,1,1.0,5,33000.0,34000.0,10.434,76900.0,7,2400,43560.0,3,37100.0,10.52137,11.250261,0,7.783224,10.681894,108.868355
109,1978,0,0.0,5,30000.0,31000.0,10.342,84300.0,7,2104,68689.0,3,33200.0,10.41031,11.342137,0,7.6515956,11.137344,106.95696
110,1978,0,0.0,5,30000.0,31000.0,10.342,75900.0,7,1928,157252.0,3,33300.0,10.41331,11.237172,0,7.5642385,11.965605,106.95696
111,1978,0,0.0,5,30000.0,31000.0,10.342,87900.0,7,2067,204296.0,3,33300.0,10.41331,11.383955,0,7.6338534,12.227325,106.95696
112,1978,13,169.0,2,26000.0,26000.0,10.166,65000.0,7,1360,43910.0,2,30100.0,10.31228,11.082143,0,7.21524,10.689898,103.347565
113,1978,0,0.0,2,26000.0,26000.0,10.166,90000.0,7,1940,43996.0,3,30000.0,10.30895,11.407565,0,7.570443,10.691854,103.347565
114,1978,5,25.0,2,26000.0,26000.0,10.166,104500.0,7,2816,43560.0,3,29900.0,10.30561,11.556942,0,7.943073,10.681894,103.347565
115,1978,14,196.0,2,24000.0,25000.0,10.127,63000.0,6,1235,95832.0,2,28400.0,10.25414,11.05089,0,7.1188264,11.470352,102.55613
116,1978,5,25.0,2,27000.0,27000.0,10.204,66100.0,7,1388,46600.0,2,31000.0,10.34174,11.098924,0,7.235619,10.749356,104.12163
117,1978,6,36.0,2,27000.0,27000.0,10.204,60000.0,7,1070,48834.0,1,31000.0,10.34174,11.0021,0,6.975414,10.796182,104.12163
118,1978,4,16.0,2,27000.0,28000.0,10.24,73000.0,7,1390,46100.0,2,31000.0,10.34174,11.198215,0,7.237059,10.738568,104.8576
119,1978,3,9.0,2,24000.0,25000.0,10.127,83000.0,9,2574,43996.0,3,28200.0,10.24708,11.326596,0,7.853216,10.691854,102.55613
120,1978,1,1.0,5,28000.0,29000.0,10.275,70500.0,6,1232,45000.0,2,32300.0,10.38282,11.163368,0,7.116394,10.714417,105.575615
121,1978,4,16.0,5,28000.0,28000.0,10.24,120000.0,6,2650,43996.0,3,32000.0,10.37349,11.695247,0,7.8823147,10.691854,104.8576
122,1978,12,144.0,5,31000.0,32000.0,10.373,62500.0,6,1978,44867.0,2,35700.0,10.48291,11.042922,0,7.5898414,10.711458,107.59913
123,1978,1,1.0,5,28000.0,29000.0,10.275,65500.0,6,1248,45000.0,2,32800.0,10.39818,11.089806,0,7.1292977,10.714417,105.575615
124,1978,9,81.0,5,27000.0,28000.0,10.24,84900.0,7,1716,45500.0,2,31300.0,10.35137,11.34923,0,7.447751,10.725468,104.8576
125,1978,9,81.0,5,31000.0,31000.0,10.342,63400.0,6,1144,44431.0,1,35600.0,10.4801,11.0572195,0,7.0422864,10.701693,106.95696
126,1978,2,4.0,5,30000.0,30000.0,10.309,80000.0,7,2450,44867.0,3,34500.0,10.44871,11.289782,0,7.8038435,10.711458,106.27548
127,1978,2,4.0,0,23000.0,24000.0,10.086,86000.0,7,2952,43996.0,3,28200.0,10.24708,11.3621025,0,7.990238,10.691854,101.7274
128,1978,0,0.0,0,23000.0,24000.0,10.086,94376.0,7,2800,69260.0,3,28400.0,10.25414,11.455042,0,7.9373746,11.145623,101.7274
129,1978,0,0.0,0,23000.0,24000.0,10.086,90500.0,7,2108,52272.0,3,28000.0,10.23996,11.413105,0,7.653495,10.864216,101.7274
130,1978,2,4.0,0,24000.0,24000.0,10.086,90500.0,7,2208,54014.0,3,28400.0,10.25414,11.413105,0,7.6998425,10.896998,101.7274
131,1978,0,0.0,0,24000.0,24000.0,10.086,84900.0,7,1560,44864.0,3,28600.0,10.26116,11.34923,0,7.3524413,10.7113905,101.7274
132,1978,2,4.0,0,24000.0,24000.0,10.086,86000.0,7,2248,49222.0,3,28300.0,10.25062,11.3621025,0,7.7177963,10.804096,101.7274
133,1978,6,36.0,2,22000.0,23000.0,10.043,91500.0,7,2284,44001.0,3,27800.0,10.23279,11.424094,0,7.7336836,10.691968,100.861855
134,1978,23,529.0,2,21000.0,21000.0,9.9523,89912.0,7,2632,64904.0,2,27000.0,10.20359,11.406587,0,7.8754992,11.080665,99.04828
135,1978,23,529.0,2,21000.0,21000.0,9.9523,88000.0,7,2632,64904.0,2,27000.0,10.20359,11.385092,0,7.8754992,11.080665,99.04828
136,1978,14,196.0,2,19000.0,19000.0,9.8522,73500.0,6,1936,43996.0,2,25200.0,10.1346,11.205041,0,7.5683794,10.691854,97.065834
137,1978,8,64.0,2,21000.0,21000.0,9.9523,85000.0,8,2004,44080.0,2,26700.0,10.19242,11.350407,0,7.6029005,10.693762,99.04828
138,1978,13,169.0,2,21000.0,21000.0,9.9523,87000.0,7,1920,44260.0,2,26200.0,10.17351,11.373663,0,7.5600805,10.697837,99.04828
139,1978,5,25.0,2,20000.0,20000.0,9.9035,97000.0,7,2136,44000.0,3,25800.0,10.15813,11.482467,0,7.6666903,10.691945,98.07931
140,1978,3,9.0,2,24000.0,24000.0,10.086,72500.0,7,2472,46422.0,3,29000.0,10.27505,11.191341,0,7.812783,10.745529,101.7274
141,1978,4,16.0,2,24000.0,23000.0,10.043,77000.0,7,1792,45106.0,3,29000.0,10.27505,11.251561,0,7.4910874,10.71677,100.861855
142,1978,5,25.0,2,23000.0,23000.0,10.043,85000.0,7,2136,117176.0,3,28100.0,10.24352,11.350407,0,7.6666903,11.6714325,100.861855
143,1978,4,16.0,2,20000.0,20000.0,9.9035,82000.0,8,2016,44900.0,3,25800.0,10.15813,11.314474,0,7.6088705,10.7121935,98.07931
144,1978,0,0.0,2,20000.0,20000.0,9.9035,93000.0,6,2514,43996.0,3,26000.0,10.16585,11.440354,0,7.8296304,10.691854,98.07931
145,1978,0,0.0,2,20000.0,20000.0,9.9035,105000.0,7,2432,43663.0,3,25600.0,10.15035,11.561716,0,7.796469,10.684257,98.07931
146,1978,0,0.0,2,20000.0,20000.0,9.9035,106500.0,7,2878,43560.0,3,25600.0,10.15035,11.5759,0,7.964851,10.681894,98.07931
147,1978,15,225.0,3,26000.0,26000.0,10.166,44900.0,5,960,51690.0,1,31700.0,10.36407,10.7121935,0,6.8669333,10.85302,103.347565
148,1978,11,121.0,0,19000.0,18000.0,9.7981,73000.0,7,1868,56900.0,3,25900.0,10.162,11.198215,0,7.532624,10.949051,96.00277
149,1978,11,121.0,3,29000.0,28000.0,10.24,46500.0,6,1296,94961.0,2,35200.0,10.4688,10.747208,0,7.167038,11.461222,104.8576
150,1978,13,169.0,3,29000.0,28000.0,10.24,50000.0,6,1668,43560.0,2,35700.0,10.48291,10.819778,0,7.4193807,10.681894,104.8576
151,1978,0,0.0,3,29000.0,28000.0,10.24,90000.0,7,2052,43560.0,3,35400.0,10.47447,11.407565,0,7.62657,10.681894,104.8576
152,1978,1,1.0,0,33000.0,33000.0,10.404,49500.0,6,1100,38768.0,1,38600.0,10.56101,10.809728,0,7.0030656,10.565351,108.243225
153,1978,28,784.0,0,35000.0,34000.0,10.434,57000.0,5,1320,64033.0,1,40000.0,10.59663,10.950807,0,7.185387,11.067154,108.868355
154,1978,9,81.0,0,11000.0,13000.0,9.4727,120000.0,6,3030,47916.0,3,14800.0,9.602382,11.695247,0,8.016318,10.7772045,89.73205
155,1978,3,9.0,0,14000.0,15000.0,9.6158,83500.0,6,1924,42688.0,2,18900.0,9.846917,11.332602,0,7.5621614,10.661674,92.46361
156,1978,0,0.0,0,11000.0,12000.0,9.3927,300000.0,7,3770,282704.0,3,15500.0,9.648595,12.611538,0,8.23483,12.5521555,88.22282
157,1978,3,9.0,0,12000.0,12000.0,9.3927,64900.0,7,2856,29955.0,2,17700.0,9.78132,11.080603,0,7.957177,10.307451,88.22282
158,1978,58,3364.0,4,6000.0,6000.0,8.6995,50900.0,5,930,8185.0,1,13400.0,9.50301,10.837618,0,6.8351846,9.010058,75.681305
159,1978,12,144.0,4,7000.0,6000.0,8.6995,60500.0,6,1399,10000.0,2,13600.0,9.517825,11.010399,0,7.243513,9.2103405,75.681305
160,1978,3,9.0,4,6000.0,5000.0,8.5172,70400.0,5,1342,8500.0,2,13500.0,9.510445,11.161948,0,7.201916,9.047821,72.5427
161,1978,48,2304.0,4,6000.0,7000.0,8.8537,48000.0,6,1500,5153.0,2,11800.0,9.375855,10.778956,0,7.3132205,8.547335,78.388
162,1978,25,625.0,0,10000.0,10000.0,9.2103,53500.0,7,1333,11883.0,1,16800.0,9.729134,10.887437,0,7.195187,9.382864,84.829636
163,1978,8,64.0,6,24000.0,26000.0,10.166,66000.0,6,1844,92783.0,2,26200.0,10.17351,11.09741,0,7.5196924,11.438019,103.347565
164,1978,8,64.0,6,24000.0,26000.0,10.166,64000.0,6,1764,86249.0,2,26000.0,10.16585,11.066638,0,7.4753394,11.364994,103.347565
165,1978,11,121.0,0,15000.0,15000.0,9.6158,65000.0,7,2727,44867.0,3,21300.0,9.966462,11.082143,0,7.9109573,10.711458,92.46361
166,1978,10,100.0,0,14000.0,13000.0,9.4727,72900.0,7,2080,25000.0,2,19700.0,9.888374,11.196844,0,7.6401234,10.126631,89.73205
167,1978,2,4.0,0,13000.0,13000.0,9.4727,26000.0,7,2030,25120.0,3,19400.0,9.873028,10.165852,0,7.615791,10.131419,89.73205
168,1978,0,0.0,0,14000.0,14000.0,9.5468,117000.0,7,3030,32255.0,3,21000.0,9.952278,11.6699295,0,8.016318,10.381429,91.14138
169,1978,0,0.0,0,14000.0,13000.0,9.4727,97000.0,7,2252,30894.0,3,20200.0,9.913438,11.482467,0,7.719574,10.338317,89.73205
170,1978,2,4.0,0,13000.0,13000.0,9.4727,95000.0,7,2238,25690.0,3,19800.0,9.893437,11.461632,0,7.713338,10.153857,89.73205
171,1978,0,0.0,0,14000.0,13000.0,9.4727,107900.0,7,2464,30945.0,3,20500.0,9.92818,11.58896,0,7.809541,10.339967,89.73205
172,1978,0,0.0,0,14000.0,14000.0,9.5468,120000.0,7,2464,31059.0,3,20900.0,9.947504,11.695247,0,7.809541,10.343644,91.14138
173,1978,1,1.0,0,14000.0,14000.0,9.5468,120000.0,7,2502,34666.0,3,21100.0,9.957028,11.695247,0,7.824846,10.453515,91.14138
174,1978,0,0.0,0,14000.0,14000.0,9.5468,121000.0,7,2510,31915.0,3,20900.0,9.947504,11.703546,0,7.828038,10.3708315,91.14138
175,1978,0,0.0,0,14000.0,13000.0,9.4727,107000.0,7,2012,30800.0,3,20800.0,9.942708,11.580585,0,7.6068845,10.33527,89.73205
176,1978,0,0.0,0,14000.0,13000.0,9.4727,119900.0,7,2352,31331.0,3,20500.0,9.92818,11.694413,0,7.7630215,10.352364,89.73205
177,1978,0,0.0,0,14000.0,13000.0,9.4727,142500.0,7,2492,27248.0,3,20300.0,9.918376,11.867097,0,7.820841,10.212735,89.73205
178,1978,0,0.0,0,14000.0,13000.0,9.4727,84211.0,7,2756,27205.0,3,20200.0,9.913438,11.341081,0,7.9215355,10.211156,89.73205
179,1981,81,6561.0,4,4000.0,1000.0,6.9078,49000.0,6,1554,6790.0,1,11800.0,9.375855,10.799576,1,7.3485875,8.823206,47.717705
180,1981,71,5041.0,4,3000.0,2000.0,7.6009,52000.0,5,1575,3485.0,1,10100.0,9.220291,10.858999,1,7.3620105,8.156223,57.77368
181,1981,31,961.0,4,3000.0,2000.0,7.6009,68000.0,6,3304,18731.0,2,10200.0,9.230143,11.127263,1,8.102889,9.837935,57.77368
182,1981,41,1681.0,4,3000.0,2000.0,7.6009,54000.0,6,1700,7500.0,1,11200.0,9.323669,10.896739,1,7.4383836,8.922658,57.77368
183,1981,31,961.0,4,4000.0,2000.0,7.6009,70000.0,6,1454,5500.0,2,11800.0,9.375855,11.156251,1,7.2820735,8.612503,57.77368
184,1981,81,6561.0,4,3000.0,2000.0,7.6009,47000.0,6,1410,4500.0,1,10200.0,9.230143,10.757903,1,7.251345,8.411833,57.77368
185,1981,19,361.0,0,5000.0,4000.0,8.294,73900.0,6,1592,13068.0,1,13200.0,9.487972,11.210468,1,7.3727465,9.4779215,68.79043
186,1981,1,1.0,0,9000.0,9000.0,9.105,117500.0,9,1910,15246.0,3,18200.0,9.809177,11.674193,1,7.5548587,9.632072,82.90102
187,1981,41,1681.0,0,10000.0,10000.0,9.2103,60000.0,5,735,10454.0,1,19000.0,9.852194,11.0021,1,6.5998707,9.25474,84.829636
188,1981,1,1.0,0,16000.0,15000.0,9.6158,85000.0,6,1154,43560.0,2,23000.0,10.04325,11.350407,1,7.0509896,10.681894,92.46361
189,1981,26,676.0,0,9000.0,7000.0,8.8537,66479.0,5,1104,15512.0,1,17000.0,9.740969,11.104641,1,7.0066953,9.649369,78.388
190,1981,81,6561.0,4,1000.0,3000.0,8.0064,70000.0,6,1830,13939.0,1,9000.0,9.10498,11.156251,1,7.512071,9.542446,64.10244
191,1981,41,1681.0,4,3000.0,4000.0,8.294,66500.0,5,1166,9770.0,1,10500.0,9.259131,11.104958,1,7.061334,9.187072,68.79043
192,1981,31,961.0,4,4000.0,4000.0,8.294,91000.0,7,2263,10019.0,2,11500.0,9.350102,11.418614,1,7.724447,9.212238,68.79043
193,1981,31,961.0,4,4000.0,4000.0,8.294,72500.0,6,1482,12632.0,1,11900.0,9.384294,11.191341,1,7.301148,9.443989,68.79043
194,1981,36,1296.0,4,4000.0,4000.0,8.294,67000.0,4,970,11104.0,1,11900.0,9.384294,11.112448,1,6.877296,9.315061,68.79043
195,1981,21,441.0,1,8000.0,12000.0,9.3927,68000.0,6,1684,81273.0,2,5800.0,8.665613,11.127263,1,7.4289274,11.305569,88.22282
196,1981,18,324.0,2,18000.0,18000.0,9.7981,85000.0,6,1080,52272.0,2,24100.0,10.08997,11.350407,1,6.9847164,10.864216,96.00277
197,1981,13,169.0,4,3000.0,5000.0,8.5172,106000.0,6,1633,17728.0,2,10500.0,9.259131,11.571195,1,7.3981743,9.782901,72.5427
198,1981,24,576.0,4,4000.0,5000.0,8.5172,130000.0,7,3208,17424.0,3,11500.0,9.350102,11.77529,1,8.073403,9.765604,72.5427
199,1981,0,0.0,0,11000.0,10000.0,9.2103,119900.0,7,2258,12500.0,3,18800.0,9.841612,11.694413,1,7.7222347,9.433484,84.829636
200,1981,1,1.0,0,12000.0,10000.0,9.2103,125000.0,7,2016,12632.0,3,18900.0,9.846917,11.736069,1,7.6088705,9.443989,84.829636
201,1981,0,0.0,0,12000.0,10000.0,9.2103,118000.0,7,1991,12632.0,3,18900.0,9.846917,11.67844,1,7.596392,9.443989,84.829636
202,1981,0,0.0,0,12000.0,10000.0,9.2103,100000.0,7,1746,13504.0,3,19000.0,9.852194,11.512925,1,7.4650826,9.510741,84.829636
203,1981,1,1.0,0,12000.0,10000.0,9.2103,128000.0,7,2700,13504.0,3,19000.0,9.852194,11.759786,1,7.901007,9.510741,84.829636
204,1981,0,0.0,0,11000.0,10000.0,9.2103,140000.0,7,2302,13504.0,3,18800.0,9.841612,11.849398,1,7.7415338,9.510741,84.829636
205,1981,0,0.0,0,11000.0,10000.0,9.2103,143500.0,6,2144,12806.0,3,18400.0,9.820106,11.87409,1,7.6704288,9.457669,84.829636
206,1981,59,3481.0,4,2000.0,6000.0,8.6995,66500.0,5,1867,5000.0,1,6800.0,8.824678,11.104958,1,7.5320883,8.517193,75.681305
207,1981,51,2601.0,0,2000.0,5000.0,8.5172,50000.0,5,1140,13945.0,1,7100.0,8.86785,10.819778,1,7.0387836,9.542876,72.5427
208,1981,25,625.0,0,4000.0,5000.0,8.5172,65000.0,5,912,12005.0,1,11100.0,9.3147,11.082143,1,6.81564,9.393079,72.5427
209,1981,20,400.0,0,7000.0,7000.0,8.8537,86000.0,6,1425,19550.0,1,14000.0,9.546813,11.3621025,1,7.261927,9.880731,78.388
210,1981,131,17161.0,0,12000.0,12000.0,9.3927,120000.0,9,3798,50045.0,2,19000.0,9.852194,11.695247,1,8.242229,10.820678,88.22282
211,1981,0,0.0,0,11000.0,11000.0,9.3057,135000.0,7,2252,34879.0,3,18300.0,9.814656,11.81303,1,7.719574,10.4596405,86.59606
212,1981,0,0.0,0,11000.0,11000.0,9.3057,135000.0,7,2252,34879.0,3,18300.0,9.814656,11.81303,1,7.719574,10.4596405,86.59606
213,1981,0,0.0,0,12000.0,11000.0,9.3057,160000.0,7,2836,37046.0,3,18500.0,9.825526,11.982929,1,7.95015,10.519916,86.59606
214,1981,0,0.0,0,12000.0,11000.0,9.3057,168000.0,7,2486,30808.0,3,18600.0,9.830917,12.031719,1,7.8184304,10.335529,86.59606
215,1981,0,0.0,0,12000.0,11000.0,9.3057,182095.0,7,3074,25159.0,3,18500.0,9.825526,12.112284,1,8.030735,10.132971,86.59606
216,1981,0,0.0,0,12000.0,11000.0,9.3057,175000.0,7,3074,25265.0,3,18500.0,9.825526,12.072541,1,8.030735,10.137176,86.59606
217,1981,0,0.0,0,11000.0,11000.0,9.3057,162000.0,7,3232,25380.0,3,18400.0,9.820106,11.995352,1,8.080856,10.141717,86.59606
218,1981,0,0.0,0,12000.0,12000.0,9.3927,189857.0,7,3396,31412.0,4,18700.0,9.836279,12.154026,1,8.130354,10.354945,88.22282
219,1981,0,0.0,0,12000.0,12000.0,9.3927,190508.0,7,2464,37026.0,3,18900.0,9.846917,12.15745,1,7.809541,10.519376,88.22282
220,1981,0,0.0,0,12000.0,12000.0,9.3927,234552.0,7,3252,29671.0,3,19000.0,9.852194,12.365433,1,8.087026,10.297925,88.22282
221,1981,0,0.0,0,12000.0,11000.0,9.3057,220000.0,7,3040,29621.0,3,19000.0,9.852194,12.301383,1,8.019613,10.296239,86.59606
222,1981,0,0.0,0,12000.0,11000.0,9.3057,175000.0,7,3055,25265.0,3,18900.0,9.846917,12.072541,1,8.024535,10.137176,86.59606
223,1981,11,121.0,0,13000.0,16000.0,9.6803,118000.0,7,1731,14810.0,2,5000.0,8.517193,11.67844,1,7.4564548,9.603058,93.708206
224,1981,1,1.0,1,11000.0,14000.0,9.5468,155000.0,9,2996,45738.0,3,8700.0,9.071078,11.95118,1,8.0050335,10.730684,91.14138
225,1981,0,0.0,1,11000.0,14000.0,9.5468,144000.0,7,2464,46174.0,3,8600.0,9.059517,11.877568,1,7.809541,10.740172,91.14138
226,1981,0,0.0,1,10000.0,13000.0,9.4727,216000.0,7,2548,46174.0,3,8800.0,9.082507,12.283033,1,7.843064,10.740172,89.73205
227,1981,0,0.0,1,10000.0,13000.0,9.4727,124500.0,6,3398,63260.0,4,9900.0,9.20029,11.732061,1,8.130942,11.055009,89.73205
228,1981,0,0.0,1,10000.0,13000.0,9.4727,80000.0,6,1988,65212.0,3,8100.0,8.999619,11.289782,1,7.5948844,11.085399,89.73205
229,1981,0,0.0,1,10000.0,14000.0,9.5468,100000.0,7,5136,47916.0,3,8200.0,9.011889,11.512925,1,8.54403,10.7772045,91.14138
230,1981,81,6561.0,4,3000.0,6000.0,8.6995,88000.0,6,2327,35538.0,1,7800.0,8.961879,11.385092,1,7.752335,10.478358,75.681305
231,1981,41,1681.0,4,3000.0,7000.0,8.8537,41000.0,6,936,8276.0,1,6300.0,8.748305,10.621327,1,6.8416157,9.021115,78.388
232,1981,121,14641.0,4,7000.0,3000.0,8.0064,66000.0,7,1674,54886.0,1,7600.0,8.935904,11.09741,1,7.4229712,10.913013,64.10244
233,1981,7,49.0,4,4000.0,7000.0,8.8537,74000.0,5,1587,5957.0,2,9600.0,9.169518,11.211821,1,7.369601,8.692323,78.388
234,1981,1,1.0,0,4000.0,7000.0,8.8537,76900.0,5,1531,3049.0,2,7200.0,8.881836,11.250261,1,7.3336763,8.022569,78.388
235,1981,0,0.0,0,7000.0,9000.0,9.105,132000.0,7,2574,43757.0,3,12300.0,9.417355,11.790557,1,7.853216,10.686407,82.90102
236,1981,0,0.0,0,6000.0,8000.0,8.9872,130000.0,7,2644,35284.0,2,11900.0,9.384294,11.77529,1,7.8800483,10.471185,80.76976
237,1981,39,1521.0,0,10000.0,10000.0,9.2103,75000.0,6,1456,18215.0,1,16100.0,9.686575,11.225244,1,7.283448,9.81,84.829636
238,1981,2,4.0,0,10000.0,11000.0,9.3057,156500.0,7,2464,31215.0,3,16000.0,9.680344,11.960812,1,7.809541,10.348654,86.59606
239,1981,8,64.0,0,10000.0,10000.0,9.2103,140000.0,8,2400,29226.0,3,16000.0,9.680344,11.849398,1,7.783224,10.282814,84.829636
240,1981,81,6561.0,0,11000.0,11000.0,9.3057,65000.0,6,1760,32670.0,2,17300.0,9.758462,11.082143,1,7.473069,10.394213,86.59606
241,1981,6,36.0,0,12000.0,12000.0,9.3927,150000.0,6,3132,26136.0,3,17800.0,9.786954,11.91839,1,8.049427,10.171069,88.22282
242,1981,2,4.0,0,13000.0,13000.0,9.4727,155000.0,7,2688,28688.0,2,19000.0,9.852194,11.95118,1,7.8965526,10.264235,89.73205
243,1981,0,0.0,6,23000.0,25000.0,10.127,153000.0,7,2656,43996.0,3,24500.0,10.10643,11.938193,1,7.8845763,10.691854,102.55613
244,1981,0,0.0,6,23000.0,25000.0,10.127,160000.0,7,2738,43560.0,3,24600.0,10.1105,11.982929,1,7.914983,10.681894,102.55613
245,1981,0,0.0,6,23000.0,25000.0,10.127,148000.0,7,2736,43560.0,3,24600.0,10.1105,11.904967,1,7.9142523,10.681894,102.55613
246,1981,0,0.0,6,23000.0,25000.0,10.127,142000.0,8,3726,43935.0,3,24500.0,10.10643,11.863583,1,8.22309,10.690467,102.55613
247,1981,1,1.0,6,22000.0,24000.0,10.086,162000.0,7,2656,45302.0,3,24100.0,10.08997,11.995352,1,7.8845763,10.721107,101.7274
248,1981,0,0.0,6,22000.0,24000.0,10.086,175500.0,8,3284,43996.0,3,24000.0,10.08581,12.075395,1,8.096817,10.691854,101.7274
249,1981,1,1.0,6,22000.0,24000.0,10.086,194000.0,9,3170,45302.0,3,23900.0,10.08163,12.175613,1,8.061487,10.721107,101.7274
250,1981,0,0.0,6,24000.0,25000.0,10.127,130500.0,6,2330,43995.0,2,26800.0,10.19616,11.779128,1,7.7536235,10.691832,102.55613
251,1981,29,841.0,1,16000.0,19000.0,9.8522,73000.0,6,1564,48787.0,1,17200.0,9.752665,11.198215,1,7.355002,10.795219,97.065834
252,1981,0,0.0,1,16000.0,18000.0,9.7981,140000.0,6,2248,49829.0,3,17100.0,9.746834,11.849398,1,7.7177963,10.816353,96.00277
253,1981,29,841.0,1,17000.0,19000.0,9.8522,82000.0,6,1566,43996.0,1,18300.0,9.814656,11.314474,1,7.35628,10.691854,97.065834
254,1981,2,4.0,1,15000.0,17000.0,9.741,180000.0,7,2744,77101.0,3,16500.0,9.711116,12.100712,1,7.917172,11.2528715,94.887085
255,1981,0,0.0,1,16000.0,18000.0,9.7981,200000.0,7,2470,64745.0,3,16600.0,9.717158,12.206073,1,7.8119736,11.078212,96.00277
256,1981,51,2601.0,6,22000.0,23000.0,10.043,52900.0,6,1199,54450.0,1,25500.0,10.14643,10.876159,1,7.089243,10.905038,100.861855
257,1981,17,289.0,6,21000.0,23000.0,10.043,110000.0,6,2204,45302.0,2,25200.0,10.1346,11.608235,1,7.698029,10.721107,100.861855
258,1981,0,0.0,6,22000.0,24000.0,10.086,68000.0,7,2400,45738.0,3,25200.0,10.1346,11.127263,1,7.783224,10.730684,101.7274
259,1981,2,4.0,6,22000.0,23000.0,10.043,90000.0,7,3152,51835.0,2,25000.0,10.12663,11.407565,1,8.055793,10.855821,100.861855
260,1981,2,4.0,6,22000.0,23000.0,10.043,102000.0,7,3152,51835.0,2,25000.0,10.12663,11.532728,1,8.055793,10.855821,100.861855
261,1981,0,0.0,6,22000.0,24000.0,10.086,119600.0,7,2701,48787.0,3,25300.0,10.13856,11.691908,1,7.901377,10.795219,101.7274
262,1981,2,4.0,0,25000.0,26000.0,10.166,113500.0,7,2000,43569.0,3,28000.0,10.23996,11.639558,1,7.6009026,10.682101,103.347565
263,1981,11,121.0,2,27000.0,28000.0,10.24,80500.0,7,1286,44200.0,2,30900.0,10.33851,11.296013,1,7.1592917,10.69648,104.8576
264,1981,19,361.0,2,25000.0,26000.0,10.166,75900.0,6,1344,78408.0,2,29800.0,10.30226,11.237172,1,7.2034054,11.269681,103.347565
265,1981,2,4.0,2,23000.0,24000.0,10.086,109000.0,6,1232,49384.0,2,27000.0,10.20359,11.599103,1,7.116394,10.807382,101.7274
266,1981,6,36.0,2,24000.0,24000.0,10.086,160000.0,7,4056,69465.0,3,27900.0,10.23638,11.982929,1,8.307953,11.148579,101.7274
267,1981,8,64.0,2,25000.0,25000.0,10.127,120000.0,7,2364,43996.0,3,29300.0,10.28534,11.695247,1,7.7681103,10.691854,102.55613
268,1981,0,0.0,2,25000.0,26000.0,10.166,135900.0,7,2377,43560.0,3,29600.0,10.29553,11.8196745,1,7.7735944,10.681894,103.347565
269,1981,6,36.0,5,27000.0,28000.0,10.24,121000.0,7,2706,43996.0,3,31800.0,10.36722,11.703546,1,7.903227,10.691854,104.8576
270,1981,15,225.0,5,31000.0,32000.0,10.373,85000.0,6,1978,44867.0,2,35700.0,10.48291,11.350407,1,7.5898414,10.711458,107.59913
271,1981,3,9.0,5,28000.0,28000.0,10.24,133000.0,7,2756,43573.0,3,32100.0,10.37661,11.798104,1,7.9215355,10.682193,104.8576
272,1981,0,0.0,5,31000.0,31000.0,10.342,143000.0,7,2576,49223.0,3,35400.0,10.47447,11.8706,1,7.853993,10.804116,106.95696
273,1981,2,4.0,5,32000.0,33000.0,10.404,130000.0,7,2528,45738.0,3,36800.0,10.51325,11.77529,1,7.8351836,10.730684,108.243225
274,1981,0,0.0,5,32000.0,32000.0,10.373,135000.0,7,2464,46609.0,3,36700.0,10.51053,11.81303,1,7.809541,10.749549,107.59913
275,1981,2,4.0,5,31000.0,31000.0,10.342,141000.0,7,2920,43560.0,3,35000.0,10.4631,11.856515,1,7.979339,10.681894,106.95696
276,1981,0,0.0,5,31000.0,31000.0,10.342,125000.0,7,2548,43560.0,3,35000.0,10.4631,11.736069,1,7.843064,10.681894,106.95696
277,1981,0,0.0,0,24000.0,24000.0,10.086,172900.0,7,2580,53579.0,3,29100.0,10.27849,12.060469,1,7.8555446,10.888912,101.7274
278,1981,0,0.0,0,24000.0,24000.0,10.086,177755.0,7,2738,45973.0,3,28600.0,10.26116,12.088161,1,7.914983,10.735809,101.7274
279,1981,0,0.0,0,25000.0,25000.0,10.127,125000.0,7,2208,45738.0,3,29500.0,10.29215,11.736069,1,7.6998425,10.730684,102.55613
280,1981,0,0.0,0,23000.0,23000.0,10.043,173500.0,7,2900,43560.0,3,28200.0,10.24708,12.063932,1,7.972466,10.681894,100.861855
281,1981,0,0.0,0,23000.0,23000.0,10.043,169000.0,7,3292,43560.0,3,28100.0,10.24352,12.037654,1,8.099251,10.681894,100.861855
282,1981,0,0.0,0,24000.0,24000.0,10.086,167950.0,6,2472,52708.0,3,28800.0,10.26813,12.031422,1,7.812783,10.872522,101.7274
283,1981,0,0.0,0,23000.0,24000.0,10.086,145000.0,7,2569,43560.0,3,28600.0,10.26116,11.884489,1,7.851272,10.681894,101.7274
284,1981,0,0.0,0,23000.0,23000.0,10.043,159900.0,7,2464,47480.0,3,28400.0,10.25414,11.982304,1,7.809541,10.768064,100.861855
285,1981,0,0.0,0,23000.0,23000.0,10.043,172267.0,7,2826,46598.0,3,28300.0,10.25062,12.056801,1,7.9466176,10.749313,100.861855
286,1981,0,0.0,0,23000.0,23000.0,10.043,156900.0,7,2464,43908.0,3,28300.0,10.25062,11.963364,1,7.809541,10.689852,100.861855
287,1981,0,0.0,0,23000.0,23000.0,10.043,169900.0,7,2832,43560.0,3,28100.0,10.24352,12.042965,1,7.9487386,10.681894,100.861855
288,1981,7,49.0,2,23000.0,23000.0,10.043,129900.0,7,2056,65340.0,3,28300.0,10.25062,11.77452,1,7.6285176,11.087359,100.861855
289,1981,26,676.0,2,21000.0,21000.0,9.9523,109900.0,7,2632,64904.0,2,27000.0,10.20359,11.6073265,1,7.8754992,11.080665,99.04828
290,1981,13,169.0,2,18000.0,19000.0,9.8522,120000.0,6,2528,44431.0,3,24500.0,10.10643,11.695247,1,7.8351836,10.701693,97.065834
291,1981,7,49.0,2,22000.0,22000.0,9.9988,140000.0,6,1800,44867.0,3,28100.0,10.24352,11.849398,1,7.495542,10.711458,99.976006
292,1981,7,49.0,2,23000.0,23000.0,10.043,83000.0,6,1182,44247.0,1,28900.0,10.2716,11.326596,1,7.074963,10.697543,100.861855
293,1981,0,0.0,2,21000.0,21000.0,9.9523,175000.0,7,2738,59790.0,3,26600.0,10.18867,12.072541,1,7.914983,10.998593,99.04828
294,1981,7,49.0,2,20000.0,20000.0,9.9035,117500.0,8,2016,44900.0,3,25800.0,10.15813,11.674193,1,7.6088705,10.7121935,98.07931
295,1981,0,0.0,2,20000.0,20000.0,9.9035,155500.0,7,2610,44431.0,3,25800.0,10.15813,11.954401,1,7.8671055,10.701693,98.07931
296,1981,2,4.0,2,20000.0,20000.0,9.9035,158000.0,7,2627,43560.0,3,25600.0,10.15035,11.97035,1,7.8735976,10.681894,98.07931
297,1981,7,49.0,0,20000.0,19000.0,9.8522,115000.0,6,1848,46300.0,2,26500.0,10.1849,11.652687,1,7.521859,10.742897,97.065834
298,1981,6,36.0,3,27000.0,26000.0,10.166,133500.0,7,2648,46609.0,3,33000.0,10.40426,11.801857,1,7.88156,10.749549,103.347565
299,1981,4,16.0,3,26000.0,26000.0,10.166,128000.0,7,2464,43560.0,3,32700.0,10.39513,11.759786,1,7.809541,10.681894,103.347565
300,1981,5,25.0,3,30000.0,29000.0,10.275,105000.0,7,1998,67954.0,3,36400.0,10.50232,11.561716,1,7.599902,11.126586,105.575615
301,1981,16,256.0,0,33000.0,33000.0,10.404,90000.0,6,1549,44431.0,1,38900.0,10.56875,11.407565,1,7.345365,10.701693,108.243225
302,1981,12,144.0,0,11000.0,13000.0,9.4727,270000.0,7,3334,43560.0,3,15000.0,9.615805,12.506177,1,8.111928,10.681894,89.73205
303,1981,26,676.0,0,13000.0,14000.0,9.5468,70000.0,6,1526,28314.0,1,17600.0,9.775654,11.156251,1,7.330405,10.251112,91.14138
304,1981,3,9.0,0,14000.0,15000.0,9.6158,98000.0,6,1197,50965.0,2,18700.0,9.836279,11.4927225,1,7.0875735,10.838895,92.46361
305,1981,1,1.0,0,12000.0,13000.0,9.4727,103900.0,7,1836,35284.0,3,17400.0,9.764225,11.551184,1,7.5153446,10.471185,89.73205
306,1981,6,36.0,0,12000.0,12000.0,9.3927,101100.0,7,2856,29955.0,2,17700.0,9.78132,11.523866,1,7.957177,10.307451,88.22282
307,1981,1,1.0,0,12000.0,13000.0,9.4727,107900.0,7,1836,35121.0,2,17600.0,9.775654,11.58896,1,7.5153446,10.466555,89.73205
308,1981,15,225.0,4,6000.0,6000.0,8.6995,62000.0,6,1133,5000.0,1,13800.0,9.532424,11.034889,1,7.0326242,8.517193,75.681305
309,1981,1,1.0,4,6000.0,5000.0,8.5172,96750.0,7,1242,23087.0,2,13400.0,9.50301,11.479886,1,7.1244783,10.047025,72.5427
310,1981,36,1296.0,4,6000.0,6000.0,8.6995,79500.0,5,2216,10000.0,2,13400.0,9.50301,11.283512,1,7.7034593,9.2103405,75.681305
311,1981,0,0.0,4,6000.0,5000.0,8.5172,97900.0,7,1226,13068.0,2,13100.0,9.480368,11.491702,1,7.111512,9.4779215,72.5427
312,1981,0,0.0,4,6000.0,5000.0,8.5172,103900.0,7,1910,20909.0,2,13200.0,9.487972,11.551184,1,7.5548587,9.947935,72.5427
313,1981,3,9.0,4,5000.0,6000.0,8.6995,70000.0,6,1728,10938.0,2,12800.0,9.4572,11.156251,1,7.45472,9.299998,75.681305
314,1981,26,676.0,0,10000.0,10000.0,9.2103,175000.0,6,1842,29130.0,2,16900.0,9.735069,12.072541,1,7.518607,10.279524,84.829636
315,1981,65,4225.0,0,10000.0,10000.0,9.2103,80000.0,5,2384,10000.0,2,17000.0,9.740969,11.289782,1,7.776535,9.2103405,84.829636
316,1981,25,625.0,0,10000.0,10000.0,9.2103,60000.0,6,1388,7500.0,1,16900.0,9.735069,11.0021,1,7.235619,8.922658,84.829636
317,1981,0,0.0,6,24000.0,26000.0,10.166,144500.0,7,3140,48787.0,3,25000.0,10.12663,11.881035,1,8.051978,10.795219,103.347565
318,1981,20,400.0,0,15000.0,15000.0,9.6158,97000.0,6,1296,44867.0,2,21300.0,9.966462,11.482467,1,7.167038,10.711458,92.46361
319,1981,19,361.0,0,14000.0,15000.0,9.6158,95000.0,5,1148,44182.0,2,20500.0,9.92818,11.461632,1,7.0457764,10.696073,92.46361
320,1981,0,0.0,0,13000.0,13000.0,9.4727,204080.0,7,2261,45465.0,3,19400.0,9.873028,12.226268,1,7.7235622,10.724698,89.73205
