,r3,r6,r12,p3,p6,hy6,hy3,spr63,hy3_1,hy6_1,spr63_1,hy6hy3_1,cr3,r3_1,chy6,chy3,chy6_1,chy3_1,cr6,cr6_1,cr3_1,r6_1,cspr63
0,2.77,3.02,3.32,9931.413,9851.647,,0.6906027,0.25,,,,,,,,,,,,,,,
1,2.97,3.43,3.67,9926.498,9831.846,0.75977737,0.74046576,0.46000004,0.6906027,,0.25,0.06917465,0.20000005,2.77,,0.04986304,,,0.4100001,,,3.02,0.21000004
2,4.0,4.32,4.41,9901.259,9789.134,0.7060026,0.9972603,0.32000017,0.74046576,0.75977737,0.46000004,-0.034463167,1.03,2.97,-0.053774774,0.2567945,,0.04986304,0.8900001,0.4100001,0.20000005,3.43,-0.13999987
3,4.6,4.68,4.75,9886.615,9771.963,0.9958128,1.1468493,0.07999992,0.9972603,0.7060026,0.32000017,-0.0014474988,0.5999999,4.0,0.28981018,0.149589,-0.053774774,0.2567945,0.35999966,0.8900001,1.03,4.32,-0.24000025
4,4.16,4.33,4.38,9897.35,9788.656,1.2831273,1.0371506,0.17000008,1.1468493,0.9958128,0.07999992,0.13627803,-0.44000006,4.6,0.28731453,-0.10969865,0.28981018,0.149589,-0.3499999,0.35999966,0.5999999,4.68,0.09000015
5,3.07,3.5,3.82,9924.042,9828.473,1.3830881,0.76539725,0.43000007,1.0371506,1.2831273,0.17000008,0.3459375,-1.0899999,4.16,0.099960804,-0.27175337,0.28731453,-0.10969865,-0.8299999,-0.3499999,-0.44000006,4.33,0.26
6,2.6,2.84,2.95,9935.596,9860.366,1.0899256,0.64821917,0.24000001,0.76539725,1.3830881,0.43000007,0.3245284,-0.47000003,3.07,-0.29316247,-0.11717808,0.099960804,-0.27175337,-0.6600001,-0.8299999,-1.0899999,3.5,-0.19000006
7,2.34,2.67,2.99,9941.999,9868.615,0.82788825,0.5833972,0.33000016,0.64821917,1.0899256,0.24000001,0.17966908,-0.26,2.6,-0.2620374,-0.06482196,-0.29316247,-0.11717808,-0.16999984,-0.6600001,-0.47000003,2.84,0.09000015
8,2.61,2.77,2.93,9935.35,9863.761,0.67622834,0.6507123,0.16000009,0.5833972,0.82788825,0.33000016,0.092831135,0.26999998,2.34,-0.1516599,0.0673151,-0.2620374,-0.06482196,0.099999905,-0.16999984,-0.26,2.67,-0.17000008
9,2.37,2.56,2.94,9941.26,9873.96,0.7856945,0.5908767,0.19000006,0.6507123,0.67622834,0.16000009,0.13498217,-0.24000001,2.61,0.109466136,-0.059835613,-0.1516599,0.0673151,-0.21000004,0.099999905,0.26999998,2.77,0.029999971
10,2.19,2.63,3.0,9945.696,9870.558,0.72652036,0.546,0.44000006,0.5908767,0.7856945,0.19000006,0.13564366,-0.17999983,2.37,-0.05917412,-0.044876695,0.109466136,-0.059835613,0.07000017,-0.21000004,-0.24000001,2.56,0.25
11,2.49,2.76,3.0,9938.304,9864.246,0.68634516,0.62079453,0.26999998,0.546,0.72652036,0.44000006,0.14034516,0.29999995,2.19,-0.0401752,0.07479453,-0.05917412,-0.044876695,0.12999988,0.07000017,-0.17999983,2.63,-0.17000008
12,2.71,2.89,3.08,9932.889,9857.943,0.69587255,0.67564386,0.18000007,0.62079453,0.68634516,0.26999998,0.07507801,0.22000003,2.49,0.009527385,0.054849327,-0.0401752,0.07479453,0.13000011,0.12999988,0.29999995,2.76,-0.089999914
13,2.72,2.78,2.93,9932.644,9863.276,0.75776654,0.678137,0.059999943,0.67564386,0.69587255,0.18000007,0.08212268,0.00999999,2.71,0.061894,0.002493143,0.009527385,0.054849327,-0.11000013,0.13000011,0.22000003,2.89,-0.120000124
14,2.87,2.96,3.05,9928.955,9854.552,0.6658914,0.7155342,0.09000015,0.678137,0.75776654,0.059999943,-0.012245595,0.14999986,2.72,-0.091875136,0.037397206,0.061894,0.002493143,0.18000007,-0.11000013,0.00999999,2.78,0.03000021
15,2.87,2.92,3.0,9928.955,9856.489,0.7550148,0.7155342,0.05000019,0.7155342,0.6658914,0.09000015,0.039480567,0.0,2.87,0.08912337,0.0,-0.091875136,0.037397206,-0.03999996,0.18000007,0.14999986,2.96,-0.03999996
16,2.91,2.95,2.99,9927.972,9855.036,0.72523206,0.72550684,0.03999996,0.7155342,0.7550148,0.05000019,0.0096978545,0.0400002,2.87,-0.029782712,0.009972632,0.08912337,0.0,0.029999971,-0.03999996,0.0,2.92,-0.010000229
17,3.06,3.1,3.15,9924.287,9847.777,0.7026963,0.7629041,0.03999996,0.72550684,0.72523206,0.03999996,-0.022810519,0.14999986,2.91,-0.022535741,0.037397265,-0.029782712,0.009972632,0.14999986,0.029999971,0.0400002,2.95,0.0
18,3.34,3.46,3.57,9917.416,9830.4,0.7071512,0.8327123,0.120000124,0.7629041,0.7026963,0.03999996,-0.055752933,0.27999997,3.06,0.004454851,0.069808185,-0.022535741,0.037397265,0.36000013,0.14999986,0.14999986,3.1,0.08000016
19,3.58,3.62,3.68,9911.535,9822.696,0.82534546,0.8925479,0.03999996,0.8327123,0.7071512,0.120000124,-0.007366836,0.24000001,3.34,0.11819428,0.059835613,0.004454851,0.069808185,0.15999985,0.36000013,0.27999997,3.46,-0.08000016
20,3.64,3.75,3.82,9910.065,9816.446,0.8894619,0.9075069,0.109999895,0.8925479,0.82534546,0.03999996,-0.0030860305,0.06000018,3.58,0.06411642,0.014958978,0.11819428,0.059835613,0.13000011,0.15999985,0.24000001,3.62,0.06999993
21,3.51,3.65,3.77,9913.25,9821.253,0.98613805,0.8750959,0.1400001,0.9075069,0.8894619,0.109999895,0.07863116,-0.13000011,3.64,0.09667617,-0.03241098,0.06411642,0.014958978,-0.099999905,0.13000011,0.06000018,3.75,0.03000021
22,3.54,3.62,3.72,9912.515,9822.696,0.9292268,0.88257533,0.07999992,0.8750959,0.98613805,0.1400001,0.05413091,0.029999971,3.51,-0.05691123,0.0074794292,0.09667617,-0.03241098,-0.03000021,-0.099999905,-0.13000011,3.65,-0.06000018
23,3.88,3.98,4.03,9904.192,9805.407,0.8296713,0.9673425,0.099999905,0.88257533,0.9292268,0.07999992,-0.05290401,0.34000015,3.54,-0.09955549,0.08476716,-0.05691123,0.0074794292,0.36000013,-0.03000021,0.029999971,3.62,0.01999998
24,4.02,4.03,4.04,9900.77,9803.011,0.9725481,1.0022466,0.010000229,0.9673425,0.8296713,0.099999905,0.0052056313,0.13999987,3.88,0.1428768,0.034904122,-0.09955549,0.08476716,0.05000019,0.36000013,0.34000015,3.98,-0.089999676
25,3.9,3.96,4.0,9903.703,9806.366,1.0271578,0.9723288,0.059999943,1.0022466,0.9725481,0.010000229,0.024911165,-0.119999886,4.02,0.054609656,-0.029917836,0.1428768,0.034904122,-0.07000017,0.05000019,0.13999987,4.03,0.049999714
26,3.97,4.0,4.03,9901.992,9804.448,0.9751418,0.98978084,0.029999971,0.9723288,1.0271578,0.059999943,0.0028130412,0.06999993,3.9,-0.05201596,0.017452061,0.054609656,-0.029917836,0.03999996,-0.07000017,-0.119999886,3.96,-0.029999971
27,4.2,4.3,4.36,9896.373,9790.09,0.9375826,1.0471232,0.10000038,0.98978084,0.9751418,0.029999971,-0.05219823,0.22999978,3.97,-0.03755921,0.05734235,-0.05201596,0.017452061,0.3000002,0.03999996,0.06999993,4.0,0.07000041
28,4.76,4.85,4.91,9882.718,9763.875,0.94613975,1.1867398,0.089999676,1.0471232,0.9375826,0.10000038,-0.10098344,0.5600004,4.2,0.008557141,0.13961661,-0.03755921,0.05734235,0.5499997,0.3000002,0.22999978,4.3,-0.010000706
29,4.74,4.84,4.97,9883.205,9764.351,1.222159,1.1817534,0.10000038,1.1867398,0.94613975,0.089999676,0.035419226,-0.020000458,4.76,0.27601928,-0.0049864054,0.008557141,0.13961661,-0.009999752,0.5499997,0.5600004,4.85,0.010000706
30,5.19,5.68,5.93,9872.259,9724.579,1.1051242,1.2939452,0.48999977,1.1817534,1.222159,0.10000038,-0.07662916,0.4500003,4.74,-0.11703479,0.1121918,0.27601928,-0.0049864054,0.8399997,-0.009999752,-0.020000458,4.84,0.3899994
31,5.28,5.35,5.41,9870.072,9740.164,1.4961385,1.3163836,0.069999695,1.2939452,1.1051242,0.48999977,0.20219326,0.09000015,5.19,0.39101422,0.022438407,-0.11703479,0.1121918,-0.32999992,0.8399997,0.4500003,5.68,-0.42000008
32,4.6,4.65,4.68,9886.615,9773.392,1.5035801,1.1468493,0.05000019,1.3163836,1.4961385,0.069999695,0.1871965,-0.6800003,5.28,0.00744164,-0.16953433,0.39101422,0.022438407,-0.6999998,-0.32999992,0.09000015,5.35,-0.019999504
33,3.54,3.85,4.08,9912.515,9811.644,1.4234879,0.88257533,0.30999994,1.1468493,1.5035801,0.05000019,0.27663863,-1.06,4.6,-0.08009219,-0.26427394,0.00744164,-0.16953433,-0.8000002,-0.6999998,-0.6800003,4.65,0.25999975
34,4.46,4.9,5.08,9890.028,9761.498,0.79889536,1.1119453,0.44000006,0.88257533,1.4234879,0.30999994,-0.083679974,0.9200001,3.54,-0.62459254,0.22936994,-0.08009219,-0.26427394,1.0500002,-0.8000002,-1.06,3.85,0.13000011
35,5.05,5.52,5.58,9875.661,9732.129,1.1695242,1.2590412,0.4699998,1.1119453,0.79889536,0.44000006,0.05757892,0.59000015,4.46,0.37062883,0.14709592,-0.62459254,0.22936994,0.6199999,1.0500002,0.9200001,4.9,0.029999733
36,5.13,5.3,5.44,9873.717,9742.53,1.4548501,1.2789863,0.17000008,1.2590412,1.1695242,0.4699998,0.19580889,0.07999992,5.05,0.28532588,0.019945145,0.37062883,0.14709592,-0.21999979,0.6199999,0.59000015,5.52,-0.2999997
37,5.8,5.87,5.9,9857.458,9715.628,1.1796497,1.4460274,0.069999695,1.2789863,1.4548501,0.17000008,-0.099336624,0.6700001,5.13,-0.27520037,0.16704106,0.28532588,0.019945145,0.5699997,-0.21999979,0.07999992,5.3,-0.10000038
38,5.32,5.32,5.34,9869.101,9741.584,1.5796473,1.3263562,0.0,1.4460274,1.1796497,0.069999695,0.1336199,-0.48000002,5.8,0.3999976,-0.119671226,-0.27520037,0.16704106,-0.5499997,0.5699997,0.6700001,5.87,-0.069999695
39,5.64,5.63,5.61,9861.336,9726.937,1.2292863,1.406137,-0.009999752,1.3263562,1.5796473,0.0,-0.09706986,0.3199997,5.32,-0.350361,0.07978082,0.3999976,-0.119671226,0.30999994,-0.5499997,-0.48000002,5.32,-0.009999752
40,6.34,6.37,6.37,9844.394,9692.15,1.207544,1.5806576,0.029999733,1.406137,1.2292863,-0.009999752,-0.19859302,0.7000003,5.64,-0.021742344,0.17452061,-0.350361,0.07978082,0.7399998,0.30999994,0.3199997,5.63,0.039999485
41,6.22,6.53,6.59,9847.294,9684.662,1.6007135,1.5507396,0.31000042,1.5806576,1.207544,0.029999733,0.02005589,-0.12000036,6.34,0.39316952,-0.029917955,-0.021742344,0.17452061,0.16000032,0.7399998,0.7000003,6.37,0.2800007
42,7.07,7.37,7.6,9826.787,9645.536,1.4675267,1.7626575,0.2999997,1.5507396,1.6007135,0.31000042,-0.08321297,0.8500004,6.22,-0.13318682,0.21191788,0.39316952,-0.029917955,0.8399997,0.16000032,-0.12000036,6.53,-0.010000706
43,7.7,7.97,7.9,9811.644,9617.781,1.7221171,1.919726,0.26999998,1.7626575,1.4675267,0.2999997,-0.040540457,0.62999964,7.07,0.2545904,0.15706849,-0.13318682,0.21191788,0.5999999,0.8399997,0.8500004,7.37,-0.029999733
44,7.02,7.05,7.05,9827.991,9660.403,2.185639,1.7501918,0.03000021,1.919726,1.7221171,0.26999998,0.2659129,-0.6799998,7.7,0.46352184,-0.1695342,0.2545904,0.15706849,-0.9199996,0.5999999,0.62999964,7.97,-0.23999977
45,7.07,7.33,7.56,9826.787,9647.392,1.7223276,1.7626575,0.25999975,1.7501918,2.185639,0.03000021,-0.027864218,0.05000019,7.02,-0.4633113,0.012465715,0.46352184,-0.1695342,0.27999973,-0.9199996,-0.6799998,7.05,0.22999954
46,6.4,6.7,6.86,9842.944,9676.718,2.0270011,1.5956165,0.2999997,1.7626575,1.7223276,0.25999975,0.26434362,-0.6700001,7.07,0.30467355,-0.16704106,-0.4633113,0.012465715,-0.6300001,0.27999973,0.05000019,7.33,0.03999996
47,5.21,5.21,5.2,9871.772,9746.792,2.0157113,1.2989315,0.0,1.5956165,2.0270011,0.2999997,0.42009485,-1.19,6.4,-0.011289835,-0.29668498,0.30467355,-0.16704106,-1.4899998,-0.6300001,-0.6700001,6.7,-0.2999997
48,3.41,3.59,3.76,9915.7,9824.14,1.732962,0.8501644,0.17999983,1.2989315,2.0157113,0.0,0.43403053,-1.8,5.21,-0.2827493,-0.44876707,-0.011289835,-0.29668498,-1.6200001,-1.4899998,-1.19,5.21,0.17999983
49,4.36,4.65,5.07,9892.468,9773.392,0.69551253,1.0870137,0.28999996,0.8501644,1.732962,0.17999983,-0.15465188,0.95000005,3.41,-1.0374495,0.23684931,-0.2827493,-0.44876707,1.0600002,-1.6200001,-1.8,3.59,0.11000013
50,4.35,4.88,5.29,9892.712,9762.449,1.2208691,1.0845206,0.5300002,1.0870137,0.69551253,0.28999996,0.13385534,-0.010000229,4.36,0.52535653,-0.002493143,-1.0374495,0.23684931,0.23000002,1.0600002,0.95000005,4.65,0.24000025
51,4.37,4.52,4.7,9892.224,9779.587,1.3293223,1.0895069,0.1500001,1.0845206,1.2208691,0.5300002,0.24480176,0.01999998,4.35,0.108453274,0.004986286,0.52535653,-0.002493143,-0.36000013,0.23000002,-0.010000229,4.88,-0.3800001
52,3.46,3.8,4.29,9914.475,9814.044,1.3792781,0.8626301,0.3399999,1.0895069,1.3293223,0.1500001,0.2897712,-0.90999985,4.37,0.049955726,-0.22687674,0.108453274,0.004986286,-0.72,-0.36000013,0.01999998,4.52,0.18999982
53,3.82,4.2,4.55,9905.66,9794.871,0.9335215,0.9523835,0.37999988,0.8626301,1.3792781,0.3399999,0.07089138,0.3599999,3.46,-0.44575655,0.08975339,0.049955726,-0.22687674,0.39999986,-0.72,-0.90999985,3.8,0.03999996
54,4.55,4.88,5.4,9887.834,9762.449,0.94909763,1.1343836,0.32999992,0.9523835,0.9335215,0.37999988,-0.0032858849,0.73000026,3.82,0.015576124,0.18200004,-0.44575655,0.08975339,0.6800003,0.39999986,0.3599999,4.2,-0.049999952
55,4.92,5.29,5.42,9878.823,9743.004,1.1920576,1.2266302,0.3699999,1.1343836,0.94909763,0.32999992,0.05767405,0.3699999,4.55,0.24295998,0.09224665,0.015576124,0.18200004,0.40999985,0.6800003,0.73000026,4.88,0.03999996
56,5.92,6.05,6.4,9854.552,9707.163,1.1449021,1.4759452,0.13000011,1.2266302,1.1920576,0.3699999,-0.0817281,1.0,4.92,-0.0471555,0.24931502,0.24295998,0.09224665,0.7600002,0.40999985,0.3699999,5.29,-0.23999977
57,7.03,7.22,7.1,9827.751,9652.499,1.2422568,1.752685,0.18999958,1.4759452,1.1449021,0.13000011,-0.23368847,1.1100001,5.92,0.09735465,0.27673972,-0.0471555,0.24931502,1.1699996,0.7600002,1.0,6.05,0.059999466
58,8.77,8.98,8.6,9786.029,9571.421,1.3833752,2.1864932,0.20999908,1.752685,1.2422568,0.18999958,-0.36930978,1.7400002,7.03,0.1411184,0.4338082,0.09735465,0.27673972,1.7599998,1.1699996,1.1100001,7.22,0.019999504
59,7.43,8.11,7.65,9818.128,9611.328,2.5775383,1.8524109,0.6799998,2.1864932,1.3833752,0.20999908,0.3910451,-1.3400006,8.77,1.1941631,-0.33408225,0.1411184,0.4338082,-0.8699999,1.7599998,1.7400002,8.98,0.47000074
60,7.59,7.62,7.15,9814.284,9633.952,2.1116338,1.8923014,0.029999733,1.8524109,2.5775383,0.6799998,0.25922287,0.16000032,7.43,-0.46590447,0.039890528,1.1941631,-0.33408225,-0.48999977,-0.8699999,-1.3400006,8.11,-0.6500001
61,8.27,8.69,8.92,9797.981,9584.687,1.7026169,2.0618358,0.41999912,1.8923014,2.1116338,0.029999733,-0.18968451,0.6800003,7.59,-0.40901685,0.16953433,-0.46590447,0.039890528,1.0699997,-0.48999977,0.16000032,7.62,0.3899994
62,9.33,9.92,10.07,9772.677,9528.673,1.9613603,2.3261096,0.59000015,2.0618358,1.7026169,0.41999912,-0.10047543,1.0599995,8.27,0.2587434,0.26427388,-0.40901685,0.16953433,1.2300005,1.0699997,0.6800003,8.69,0.17000103
63,7.6,7.74,7.34,9814.044,9628.401,2.994867,1.8947945,0.13999987,2.3261096,1.9613603,0.59000015,0.66875744,-1.73,9.33,1.0335068,-0.43131518,0.2587434,0.26427388,-2.1800003,1.2300005,1.0599995,9.92,-0.4500003
64,5.46,5.75,5.86,9865.702,9721.279,2.4645917,1.3612603,0.28999996,1.8947945,2.994867,0.13999987,0.5697973,-2.1399999,7.6,-0.53027534,-0.53353417,1.0335068,-0.43131518,-1.9899998,-2.1800003,-1.73,7.74,0.1500001
65,5.26,5.6,6.04,9870.558,9728.353,1.5355831,1.3113973,0.33999968,1.3612603,2.4645917,0.28999996,0.17432284,-0.19999981,5.46,-0.9290086,-0.04986298,-0.53027534,-0.53353417,-0.1500001,-1.9899998,-2.1399999,5.75,0.049999714
66,6.54,7.19,7.55,9839.563,9653.894,1.1431631,1.6305206,0.6500001,1.3113973,1.5355831,0.33999968,-0.16823423,1.2799997,5.26,-0.39242005,0.31912327,-0.9290086,-0.04986298,1.5900002,-0.1500001,-0.19999981,5.6,0.31000042
67,5.6,6.22,6.52,9862.306,9699.182,2.15884,1.3961644,0.6199999,1.6305206,1.1431631,0.6500001,0.52831936,-0.94000006,6.54,1.0156769,-0.23435616,-0.39242005,0.31912327,-0.97000027,1.5900002,1.2799997,7.19,-0.03000021
68,5.05,5.65,6.05,9875.661,9725.993,1.8195298,1.2590412,0.5999999,1.3961644,2.15884,0.6199999,0.42336535,-0.5499997,5.6,-0.33931017,-0.13712323,1.0156769,-0.23435616,-0.5699997,-0.97000027,-0.94000006,6.22,-0.01999998
69,5.61,6.13,6.69,9862.063,9703.405,1.3990377,1.3986576,0.52,1.2590412,1.8195298,0.5999999,0.13999653,0.55999994,5.05,-0.42049205,0.13961637,-0.33931017,-0.13712323,0.48000002,-0.5699997,-0.5499997,5.65,-0.07999992
70,5.2,5.54,5.85,9872.016,9731.185,1.737641,1.2964383,0.34000015,1.3986576,1.3990377,0.52,0.33898342,-0.41000032,5.61,0.33860326,-0.102219224,-0.42049205,0.13961637,-0.59000015,0.48000002,0.55999994,6.13,-0.17999983
71,4.51,4.71,4.91,9888.81,9770.534,1.6197926,1.124411,0.19999981,1.2964383,1.737641,0.34000015,0.32335424,-0.6899996,5.2,-0.1178484,-0.17202735,0.33860326,-0.102219224,-0.8299999,-0.59000015,-0.41000032,5.54,-0.14000034
72,4.8,5.1,5.52,9881.744,9752.005,1.1382178,1.1967124,0.2999997,1.124411,1.6197926,0.19999981,0.01380682,0.28999996,4.51,-0.48157477,0.07230139,-0.1178484,-0.17202735,0.38999987,-0.8299999,-0.6899996,4.71,0.099999905
73,5.13,5.42,5.71,9873.717,9736.8545,1.2480707,1.2789863,0.28999996,1.1967124,1.1382178,0.2999997,0.051358342,0.32999992,4.8,0.10985291,0.08227396,-0.48157477,0.07230139,0.32000017,0.38999987,0.28999996,5.1,-0.009999752
74,5.7,6.1,6.33,9859.882,9704.814,1.2635225,1.4210958,0.4000001,1.2789863,1.2480707,0.28999996,-0.015463829,0.5699997,5.13,0.015451789,0.14210951,0.10985291,0.08227396,0.6799998,0.32000017,0.32999992,5.42,0.11000013
75,6.2,6.65,6.9,9847.777,9679.053,1.4731131,1.5457534,0.4500003,1.4210958,1.2635225,0.4000001,0.052017212,0.5,5.7,0.20959055,0.12465751,0.015451789,0.14210951,0.5500002,0.6799998,0.5699997,6.1,0.05000019
76,6.6,7.02,7.28,9838.116,9661.8,1.6433785,1.6454794,0.42000008,1.5457534,1.4731131,0.4500003,0.09762514,0.4000001,6.2,0.17026544,0.09972608,0.20959055,0.12465751,0.3699999,0.5500002,0.5,6.65,-0.03000021
77,6.83,7.5,7.9,9832.569,9639.509,1.7674712,1.7028219,0.6700001,1.6454794,1.6433785,0.42000008,0.12199175,0.23000002,6.6,0.1240927,0.05734241,0.17026544,0.09972608,0.48000002,0.3699999,0.4000001,7.02,0.25
78,7.77,8.08,8.46,9809.964,9612.711,1.7682964,1.9371781,0.30999994,1.7028219,1.7674712,0.6700001,0.06547451,0.94000006,6.83,0.0008251667,0.23435628,0.1240927,0.05734241,0.5799999,0.48000002,0.23000002,7.5,-0.36000013
79,9.31,9.82,10.07,9773.153,9533.202,1.6690649,2.3211234,0.5099993,1.9371781,1.7682964,0.30999994,-0.26811326,1.5400004,7.77,-0.09923148,0.38394523,0.0008251667,0.23435628,1.7399998,0.5799999,0.94000006,8.08,0.19999933
80,9.79,10.09,10.35,9761.736,9520.982,2.3972447,2.4407945,0.3000002,2.3211234,1.6690649,0.5099993,0.07612133,0.47999954,9.31,0.7281798,0.11967111,-0.09923148,0.38394523,0.27000046,1.7399998,1.5400004,9.82,-0.20999908
81,9.89,10.03,9.87,9759.361,9523.695,2.5037217,2.4657261,0.13999939,2.4407945,2.3972447,0.3000002,0.062927246,0.10000038,9.79,0.10647702,0.02493167,0.7281798,0.11967111,-0.06000042,0.27000046,0.47999954,10.09,-0.1600008
82,10.16,10.42,10.35,9752.954,9506.09,2.407246,2.533041,0.26000023,2.4657261,2.5037217,0.13999939,-0.058480024,0.2699995,9.89,-0.0964756,0.06731486,0.10647702,0.02493167,0.39000034,-0.06000042,0.10000038,10.03,0.12000084
83,11.95,12.32,11.98,9710.688,9421.241,2.15229,2.979315,0.3699999,2.533041,2.407246,0.26000023,-0.3807509,1.79,10.16,-0.254956,0.44627404,-0.0964756,0.06731486,1.8999996,0.39000034,0.2699995,10.42,0.10999966
84,14.62,15.17,15.27,9648.32,9296.771,2.4102886,3.6449864,0.5500002,2.979315,2.15229,0.3699999,-0.56902647,2.67,11.95,0.25799847,0.66567135,-0.254956,0.44627404,2.8500004,1.8999996,1.79,12.32,0.1800003
85,7.99,8.43,8.78,9804.6875,9596.611,5.4633594,1.9920273,0.44000053,3.6449864,2.4102886,0.5500002,1.818373,-6.63,14.62,3.0530708,-1.6529591,0.25799847,0.66567135,-6.74,2.8500004,2.67,15.17,-0.10999966
86,10.23,10.91,11.09,9751.294,9484.062,1.6118462,2.550493,0.6800003,1.9920273,5.4633594,0.44000053,-0.38018107,2.2399998,7.99,-3.8515131,0.5584657,3.0530708,-1.6529591,2.4799995,-6.74,-6.63,8.43,0.23999977
87,15.22,15.56,15.04,9634.415,9279.994,1.5853283,3.7945755,0.34000015,2.550493,1.6118462,0.6800003,-0.96516466,4.9900007,10.23,-0.026517868,1.2440825,-3.8515131,0.5584657,4.6500006,2.4799995,2.2399998,10.91,-0.34000015
88,15.11,15.23,14.74,9636.961,9294.187,3.8466275,3.7671506,0.119999886,3.7945755,1.5853283,0.34000015,0.05205202,-0.11000061,15.22,2.2612991,-0.027424812,-0.026517868,1.2440825,-0.33000088,4.6500006,4.9900007,15.56,-0.22000027
89,15.54,14.94,14.46,9627.015,9306.694,3.5810356,3.8743563,-0.6000004,3.7671506,3.8466275,0.119999886,-0.18611503,0.4300003,15.11,-0.26559186,0.10720563,2.2612991,-0.027424812,-0.28999996,-0.33000088,-0.11000061,15.23,-0.72000027
90,16.46,17.35,17.13,9605.804,9203.761,3.2139163,4.103726,0.8900013,3.8743563,3.5810356,-0.6000004,-0.66043997,0.9199991,15.54,-0.3671193,0.22936964,-0.26559186,0.10720563,2.4100008,-0.28999996,0.4300003,14.94,1.4900017
91,10.94,11.79,12.13,9734.491,9444.757,5.7664523,2.7275066,0.8500004,4.103726,3.2139163,0.8900013,1.6627264,-5.5199995,16.46,2.552536,-1.3762193,-0.3671193,0.22936964,-5.5600004,2.4100008,0.9199991,17.35,-0.040000916
92,13.04,14.12,14.29,9685.13,9342.244,2.5450423,3.2510686,1.0799999,2.7275066,5.7664523,0.8500004,-0.18246436,2.1000004,10.94,-3.22141,0.52356195,2.552536,-1.3762193,2.33,-5.5600004,-5.5199995,11.79,0.22999954
93,11.97,12.52,12.93,9710.218,9412.398,3.9388142,2.9843013,0.5500002,3.2510686,2.5450423,1.0799999,0.6877456,-1.0699997,13.04,1.3937719,-0.26676726,-3.22141,0.52356195,-1.5999994,2.33,2.1000004,14.12,-0.52999973
94,8.66,10.2,11.1,9788.656,9516.013,3.9974701,2.1590683,1.54,2.9843013,3.9388142,0.5500002,1.0131688,-3.3100004,11.97,0.058655977,-0.825233,1.3937719,-0.26676726,-2.3200006,-1.5999994,-1.0699997,12.52,0.9899998
95,8.51,9.0,9.31,9792.241,9570.507,2.9027758,2.1216712,0.48999977,2.1590683,3.9974701,1.54,0.7437074,-0.14999962,8.66,-1.0946944,-0.037397146,0.058655977,-0.825233,-1.1999998,-2.3200006,-3.3100004,10.2,-1.0500002
96,8.15,8.38,8.61,9800.8545,9598.907,2.4068491,2.0319178,0.2300005,2.1216712,2.9027758,0.48999977,0.28517795,-0.3600006,8.51,-0.49592662,-0.08975339,-1.0946944,-0.037397146,-0.6199999,-1.1999998,-0.14999962,9.0,-0.25999928
97,8.91,9.23,9.46,9782.6875,9560.014,1.9145958,2.2213972,0.3199997,2.0319178,2.4068491,0.2300005,-0.11732197,0.7600002,8.15,-0.4922533,0.18947935,-0.49592662,-0.08975339,0.8499994,-0.6199999,-0.3600006,8.38,0.0899992
98,9.56,10.1,10.47,9767.203,9520.53,2.1672506,2.3834522,0.53999996,2.2213972,1.9145958,0.3199997,-0.05414653,0.6500006,8.91,0.2526548,0.16205502,-0.4922533,0.18947935,0.87000084,0.8499994,0.7600002,9.23,0.22000027
99,9.17,9.56,9.91,9776.488,9544.999,2.6884847,2.2862191,0.39000034,2.3834522,2.1672506,0.53999996,0.3050325,-0.39000034,9.56,0.52123404,-0.09723306,0.2526548,0.16205502,-0.53999996,0.87000084,0.6500006,10.1,-0.14999962
100,9.47,9.89,10.2,9769.345,9530.031,2.3504004,2.3610137,0.42000008,2.2862191,2.6884847,0.39000034,0.06418133,0.3000002,9.17,-0.33808422,0.07479453,0.52123404,-0.09723306,0.32999992,-0.53999996,-0.39000034,9.56,0.029999733
101,10.08,11.25,12.06,9754.852,9468.837,2.3590722,2.5130959,1.1700001,2.3610137,2.3504004,0.42000008,-0.0019414425,0.60999966,9.47,0.008671761,0.1520822,-0.33808422,0.07479453,1.3599997,0.32999992,0.3000002,9.89,0.75
102,11.01,11.44,11.86,9732.838,9460.351,2.7881036,2.7449589,0.42999935,2.5130959,2.3590722,1.1700001,0.27500772,0.9300003,10.08,0.42903137,0.23186302,0.008671761,0.1520822,0.18999958,1.3599997,0.60999966,11.25,-0.7400007
103,8.68,9.14,9.73,9788.179,9564.117,3.465285,2.1640549,0.46000004,2.7449589,2.7881036,0.42999935,0.7203262,-2.33,11.01,0.6771815,-0.580904,0.42903137,0.23186302,-2.2999992,0.18999958,0.9300003,11.44,0.030000687
104,8.82,9.31,9.69,9784.836,9556.37,2.3077796,2.1989589,0.49000072,2.1640549,3.465285,0.46000004,0.14372468,0.13999939,8.68,-1.1575055,0.034904003,0.6771815,-0.580904,0.17000008,-2.2999992,-2.33,9.14,0.030000687
105,7.3,7.55,7.92,9821.253,9637.192,2.7717931,1.82,0.25,2.1989589,2.3077796,0.49000072,0.57283425,-1.5199995,8.82,0.46401358,-0.37895882,-1.1575055,0.034904003,-1.7600002,0.17000008,0.13999939,9.31,-0.24000072
106,7.36,7.68,8.02,9819.811,9631.176,1.8949312,1.8349589,0.3199997,1.82,2.7717931,0.25,0.074931145,0.059999943,7.3,-0.87686193,0.0149588585,0.46401358,-0.37895882,0.12999964,-1.7600002,-1.5199995,7.55,0.069999695
107,7.36,7.58,7.81,9819.811,9635.804,1.958585,1.8349589,0.21999979,1.8349589,1.8949312,0.3199997,0.12362611,0.0,7.36,0.06365383,0.0,-0.87686193,0.0149588585,-0.099999905,0.12999964,0.059999943,7.68,-0.099999905
108,7.22,7.34,7.41,9823.178,9646.928,1.9445604,1.8000548,0.12000036,1.8349589,1.958585,0.21999979,0.1096015,-0.14000034,7.36,-0.014024615,-0.034904122,0.06365383,0.0,-0.23999977,-0.099999905,0.0,7.58,-0.09999943
109,6.49,6.7,6.88,9840.7705,9676.718,2.0093732,1.6180547,0.21000004,1.8000548,1.9445604,0.12000036,0.2093184,-0.73,7.22,0.06481278,-0.18200004,-0.014024615,-0.034904122,-0.64000034,-0.23999977,-0.14000034,7.34,0.089999676
110,5.27,5.35,5.52,9870.314,9740.164,2.000644,1.3138905,0.07999992,1.6180547,2.0093732,0.21000004,0.38258922,-1.2199998,6.49,-0.008729219,-0.3041643,0.06481278,-0.18200004,-1.3499999,-0.64000034,-0.73,6.7,-0.13000011
111,5.51,5.62,5.75,9864.489,9727.409,1.2764179,1.3737261,0.10999966,1.3138905,2.000644,0.07999992,-0.037472606,0.24000025,5.27,-0.7242261,0.059835672,-0.008729219,-0.3041643,0.26999998,-1.3499999,-1.2199998,5.35,0.029999733
112,5.58,5.66,5.87,9862.791,9725.521,1.3917564,1.391178,0.07999992,1.3737261,1.2764179,0.10999966,0.018030286,0.069999695,5.51,0.115338564,0.017451882,-0.7242261,0.059835672,0.03999996,0.26999998,0.24000025,5.62,-0.029999733
113,5.8,6.41,6.81,9857.458,9690.277,1.356601,1.4460274,0.60999966,1.391178,1.3917564,0.07999992,-0.034577012,0.22000027,5.58,-0.035155416,0.054849386,0.115338564,0.017451882,0.75,0.03999996,0.069999695,5.66,0.52999973
114,6.42,6.6,7.12,9842.461,9681.39,1.5704771,1.6006027,0.17999983,1.4460274,1.356601,0.60999966,0.12444973,0.6199999,5.8,0.21387613,0.15457535,-0.035155416,0.054849386,0.19000006,0.75,0.22000027,6.41,-0.42999983
115,5.41,6.4,6.97,9866.916,9690.746,1.9163196,1.3487945,0.99000025,1.6006027,1.5704771,0.17999983,0.31571686,-1.0100002,6.42,0.34584248,-0.2518083,0.21387613,0.15457535,-0.19999981,0.19000006,0.6199999,6.6,0.8100004
116,5.74,6.0,6.55,9858.912,9709.513,1.7353258,1.4310684,0.26000023,1.3487945,1.9163196,0.99000025,0.38653135,0.32999992,5.41,-0.1809938,0.08227396,0.34584248,-0.2518083,-0.4000001,-0.19999981,-1.0100002,6.4,-0.73
117,6.72,7.16,7.62,9835.221,9655.288,1.2946892,1.6753972,0.44000006,1.4310684,1.7353258,0.26000023,-0.13637924,0.98,5.74,-0.44063663,0.24432874,-0.1809938,0.08227396,1.1599998,-0.4000001,0.32999992,6.0,0.17999983
118,7.51,7.89,8.26,9816.206,9621.473,1.6666304,1.8723562,0.37999964,1.6753972,1.2946892,0.44000006,-0.00876677,0.79000044,6.72,0.3719412,0.19695902,-0.44063663,0.24432874,0.73,1.1599998,0.98,7.16,-0.06000042
119,8.08,8.4,8.61,9802.531,9597.989,1.8818179,2.0144658,0.3199997,1.8723562,1.6666304,0.37999964,0.0094617605,0.5699997,7.51,0.21518755,0.14210963,0.3719412,0.19695902,0.50999975,0.73,0.79000044,7.89,-0.059999943
120,8.97,9.3,9.37,9781.256,9556.825,1.909427,2.2363563,0.32999992,2.0144658,1.8818179,0.3199997,-0.10503876,0.89000034,8.08,0.02760911,0.22189045,0.21518755,0.14210963,0.9000006,0.50999975,0.5699997,8.4,0.010000229
121,8.92,8.86,8.86,9782.449,9576.905,2.360868,2.2238905,-0.06000042,2.2363563,1.909427,0.32999992,0.12451172,-0.05000019,8.97,0.45144093,-0.012465715,0.02760911,0.22189045,-0.44000053,0.9000006,0.89000034,9.3,-0.39000034
122,8.16,8.22,8.29,9800.615,9606.265,2.3359315,2.034411,0.06000042,2.2238905,2.360868,-0.06000042,0.112041,-0.7600002,8.92,-0.024936438,-0.18947959,0.45144093,-0.012465715,-0.6399994,-0.44000053,-0.05000019,8.86,0.12000084
123,7.85,7.79,7.7,9808.045,9626.091,2.100507,1.9571233,-0.059999943,2.034411,2.3359315,0.06000042,0.06609607,-0.30999994,8.16,-0.23542452,-0.077287674,-0.024936438,-0.18947959,-0.4300003,-0.6399994,-0.7600002,8.22,-0.12000036
