,year,fcode,employ,sales,avgsal,scrap,rework,tothrs,union,grant,d89,d88,totrain,hrsemp,lscrap,lemploy,lsales,lrework,lhrsemp,lscrap_1,grant_1,clscrap,cgrant,clemploy,clsales,lavgsal,clavgsal,cgrant_1,chrsemp,clhrsemp
0,1987,410032.0,100.0,47000000.0,35000.0,,,12.0,0,0,0,0,100.0,12.0,,4.6051702,17.665659,,2.5649493,,0,,0,,,10.463103,,,,
1,1988,410032.0,131.0,43000000.0,37000.0,,,8.0,0,0,0,1,50.0,3.053435,,4.8751974,17.57671,,1.3995647,,0,,0,0.27002716,-0.0889492,10.518673,0.05556965,0.0,-8.946565,-1.1653845
2,1989,410032.0,123.0,49000000.0,39000.0,,,8.0,0,0,1,0,50.0,3.2520325,,4.8121843,17.70733,,1.4473971,,0,,0,-0.06301308,0.13062096,10.571317,0.052643776,0.0,0.19859743,0.04783237
3,1987,410440.0,12.0,1560000.0,10500.0,,,12.0,0,0,0,0,12.0,12.0,,2.4849067,14.260197,,2.5649493,,0,,0,,,9.2591305,,,,
4,1988,410440.0,13.0,1970000.0,11000.0,,,12.0,0,0,0,1,13.0,12.0,,2.5649493,14.493544,,2.5649493,,0,,0,0.0800426,0.23334694,9.305651,0.046520233,0.0,0.0,0.0
5,1989,410440.0,14.0,2350000.0,11500.0,,,10.0,0,0,1,0,14.0,10.0,,2.6390574,14.669926,,2.3978953,,0,,0,0.074108124,0.17638206,9.350102,0.044451714,0.0,-2.0,-0.16705394
6,1987,410495.0,20.0,750000.0,17680.0,,,50.0,0,0,0,0,15.0,37.5,,2.9957323,13.527828,,3.6506581,,0,,0,,,9.7801895,,,,
7,1988,410495.0,25.0,110000.0,18720.0,,,50.0,0,0,0,1,10.0,20.0,,3.218876,11.608235,,3.0445225,,0,,0,0.22314358,-1.9195929,9.837348,0.05715847,0.0,-17.5,-0.6061356
8,1989,410495.0,24.0,950000.0,19760.0,,,50.0,0,0,1,0,20.0,41.666668,,3.1780539,13.764217,,3.753418,,0,,0,-0.04082203,2.155982,9.891415,0.054066658,0.0,21.666668,0.70889544
9,1987,410500.0,200.0,23741000.0,13729.0,,,0.0,0,0,0,0,0.0,0.0,,5.2983174,16.982714,,0.0,,0,,0,,,9.527266,,,,
10,1988,410500.0,155.0,19659000.0,14287.0,,,0.0,0,0,0,1,0.0,0.0,,5.043425,16.794046,,0.0,,0,,0,-0.25489235,-0.1886673,9.567105,0.039839745,0.0,0.0,0.0
11,1989,410500.0,80.0,25992000.0,15758.0,,,24.0,0,0,1,0,20.0,6.0,,4.3820267,17.0733,,1.9459101,,0,,0,-0.6613984,0.279253,9.665104,0.09799862,0.0,6.0,1.9459101
12,1987,410501.0,,6000000.0,,,,0.0,0,0,0,0,10.0,,,,15.60727,,,,0,,0,,,,,,,
13,1988,410501.0,,8000000.0,,,,0.0,0,0,0,1,20.0,,,,15.894952,,,,0,,0,,0.28768158,,,0.0,,
14,1989,410501.0,,10000000.0,,,,0.0,0,0,1,0,25.0,,,,16.118095,,,,0,,0,,0.22314358,,,0.0,,
15,1987,410509.0,,,,,,0.0,0,0,0,0,0.0,,,,,,,,0,,0,,,,,,,
16,1988,410509.0,,2800000.0,18000.0,,,0.0,0,0,0,1,0.0,,,,14.84513,,,,0,,0,,,9.798127,,0.0,,
17,1989,410509.0,20.0,3400000.0,18500.0,,,0.0,0,0,1,0,0.0,0.0,,2.9957323,15.039286,,0.0,,0,,0,,0.1941557,9.825526,0.027399063,0.0,,
18,1987,410513.0,15.0,1413900.0,18465.0,,,0.0,0,0,0,0,0.0,0.0,,2.7080503,14.161862,,0.0,,0,,0,,,9.823632,,,,
19,1988,410513.0,16.0,1869348.0,18972.0,,,0.0,0,0,0,1,0.0,0.0,,2.7725887,14.4411,,0.0,,0,,0,0.06453848,0.27923775,9.850719,0.027087212,0.0,0.0,0.0
20,1989,410513.0,16.0,1857765.0,19589.0,,,20.0,0,0,1,0,16.0,20.0,,2.7725887,14.434885,,3.0445225,,0,,0,0.0,-0.0062150955,9.882724,0.032004356,0.0,20.0,3.0445225
21,1987,410517.0,24.0,,13000.0,,,0.0,1,0,0,0,0.0,0.0,,3.1780539,,,0.0,,0,,0,,,9.472705,,,,
22,1988,410517.0,20.0,,12168.0,,,0.0,1,0,0,1,0.0,0.0,,2.9957323,,,0.0,,0,,0,-0.18232155,,9.406565,-0.066140175,0.0,0.0,0.0
23,1989,410517.0,18.0,,11960.0,,,0.0,1,0,1,0,0.0,0.0,,2.8903718,,,0.0,,0,,0,-0.10536051,,9.389323,-0.017241478,0.0,0.0,0.0
24,1987,410518.0,48.0,2160900.0,14352.0,,,14.0,0,0,0,0,3.0,0.875,,3.871201,14.586036,,0.62860864,,0,,0,,,9.571645,,,,
25,1988,410518.0,47.0,2454500.0,16328.0,,,14.0,0,0,0,1,3.0,0.89361703,,3.8501475,14.713433,,0.63848877,,0,,0,-0.021053553,0.12739754,9.700637,0.12899208,0.0,0.018617034,0.0098801255
26,1989,410518.0,66.0,3359800.0,17555.0,,,14.0,0,0,1,0,4.0,0.8484849,,4.189655,15.027392,,0.6143663,,0,,0,0.33950734,0.31395912,9.773094,0.07245731,0.0,-0.04513216,-0.024122477
27,1987,410521.0,17.0,1453081.0,16454.0,,,150.0,0,0,0,0,5.0,44.117645,,2.8332133,14.189197,,3.8092735,,0,,0,,,9.7083235,,,,
28,1988,410521.0,16.0,1546911.0,18529.0,,,100.0,0,0,0,1,3.0,18.75,,2.7725887,14.251771,,2.9831536,,0,,0,-0.0606246,0.06257439,9.827092,0.11876869,0.0,-25.367645,-0.8261199
29,1989,410521.0,14.0,1672366.0,26428.0,,,0.0,0,0,1,0,0.0,0.0,,2.6390574,14.32975,,0.0,,0,,0,-0.13353133,0.07797909,10.182179,0.35508728,0.0,-18.75,-2.9831536
30,1987,410523.0,70.0,8000000.0,19760.0,0.06,,40.0,0,0,0,0,35.0,20.0,-2.8134108,4.248495,15.894952,,3.0445225,,0,,0,,,9.891415,,,,
31,1988,410523.0,85.0,11000000.0,22360.0,0.05,,40.0,0,0,0,1,40.0,18.82353,-2.9957323,4.4426513,16.213406,,2.9868696,-2.8134108,0,-0.18232155,0,0.19415617,0.3184538,10.015029,0.12361431,0.0,-1.1764698,-0.05765295
32,1989,410523.0,98.0,15000000.0,23920.0,0.05,,60.0,0,0,1,0,40.0,24.489796,-2.9957323,4.5849676,16.523561,,3.2382782,-2.9957323,0,0.0,0,0.14231634,0.31015587,10.08247,0.06744099,0.0,5.6662655,0.25140858
33,1987,410529.0,45.0,1535242.0,20000.0,,,0.0,0,0,0,0,0.0,0.0,,3.8066626,14.244199,,0.0,,0,,0,,,9.903487,,,,
34,1988,410529.0,47.0,3209188.0,22000.0,,,0.0,0,0,0,1,0.0,0.0,,3.8501475,14.981528,,0.0,,0,,0,0.043484926,0.7373295,9.998797,0.09531021,0.0,0.0,0.0
35,1989,410529.0,51.0,4030352.0,23650.0,,,2.0,0,0,1,0,2.0,0.078431375,,3.9318256,15.209364,,0.07550755,,0,,0,0.08167815,0.22783566,10.071118,0.07232094,0.0,0.078431375,0.07550755
36,1987,410531.0,200.0,10000000.0,17500.0,,5.0,0.0,1,0,0,0,0.0,0.0,,5.2983174,16.118095,1.609438,0.0,,0,,0,,,9.769957,,,,
37,1988,410531.0,200.0,10000000.0,18700.0,,4.0,20.0,1,0,0,1,6.0,0.6,,5.2983174,16.118095,1.3862944,0.47000363,,0,,0,0.0,0.0,9.836279,0.06632233,0.0,0.6,0.47000363
38,1989,410531.0,190.0,9000000.0,18300.0,,2.22,20.0,1,0,1,0,10.0,1.0526316,,5.247024,16.012735,0.7975072,0.7191227,,0,,0,-0.051293373,-0.10536003,9.814656,-0.021622658,0.0,0.4526316,0.24911907
39,1987,410533.0,14.0,1600000.0,11500.0,,,68.0,0,0,0,0,3.0,14.571428,,2.6390574,14.285514,,2.7454376,,0,,0,,,9.350102,,,,
40,1988,410533.0,12.0,900000.0,13000.0,,,75.0,0,0,0,1,5.0,31.25,,2.4849067,13.71015,,3.4735181,,0,,0,-0.15415072,-0.5753641,9.472705,0.12260246,0.0,16.678572,0.7280805
41,1989,410533.0,16.0,1300000.0,14700.0,,,35.0,0,0,1,0,9.0,19.6875,,2.7725887,14.077875,,3.0295296,,0,,0,0.28768206,0.36772537,9.595603,0.1228981,0.0,-11.5625,-0.44398856
42,1987,410535.0,10.0,420664.0,4237.0,,,0.0,0,0,0,0,0.0,0.0,,2.3025851,12.94959,,0.0,,0,,0,,,8.351611,,,,
43,1988,410535.0,11.0,544602.0,7484.0,,,0.0,0,0,0,1,0.0,0.0,,2.3978953,13.20781,,0.0,,0,,0,0.09531021,0.25822067,8.920523,0.56891155,0.0,0.0,0.0
44,1989,410535.0,9.0,495331.0,9548.0,,,0.0,0,0,1,0,0.0,0.0,,2.1972246,13.112982,,0.0,,0,,0,-0.20067072,-0.094828606,9.164087,0.2435646,0.0,0.0,0.0
45,1987,410536.0,15.0,1502502.0,11742.0,,,12.0,0,0,0,0,2.0,1.6,,2.7080503,14.222642,,0.95551145,,0,,0,,,9.370928,,,,
46,1988,410536.0,16.0,1840912.0,12740.0,,,12.0,0,0,0,1,2.0,1.5,,2.7725887,14.425772,,0.91629076,,0,,0,0.06453848,0.20312977,9.452502,0.08157444,0.0,-0.100000024,-0.03922069
47,1989,410536.0,18.0,2273869.0,13700.0,,,8.0,0,0,1,0,3.0,1.3333334,,2.8903718,14.636993,,0.8472979,,0,,0,0.11778307,0.2112217,9.525151,0.072649,0.0,-0.16666663,-0.06899285
48,1987,410538.0,,,19760.0,2.64,,0.0,1,0,0,0,0.0,,0.97077894,,,,,,0,,0,,,9.891415,,,,
49,1988,410538.0,,6276271.0,20800.0,2.74,,0.0,1,0,0,1,0.0,,1.0079579,,15.652287,,,0.97077894,0,0.037178993,0,,,9.942708,0.051293373,0.0,,
50,1989,410538.0,60.0,5286605.0,20800.0,2.54,,30.0,1,0,1,0,50.0,25.0,0.9321641,4.0943446,15.480687,,3.2580965,1.0079579,0,-0.07579386,0,,-0.17159939,9.942708,0.0,0.0,,
51,1987,410540.0,50.0,5200000.0,20000.0,,,0.0,0,0,0,0,0.0,0.0,,3.912023,15.4641695,,0.0,,0,,0,,,9.903487,,,,
52,1988,410540.0,50.0,6500000.0,23000.0,,,0.0,0,0,0,1,0.0,0.0,,3.912023,15.687313,,0.0,,0,,0,0.0,0.22314358,10.043249,0.13976192,0.0,0.0,0.0
53,1989,410540.0,55.0,5600000.0,25000.0,,,0.0,0,0,1,0,0.0,0.0,,4.0073333,15.538278,,0.0,,0,,0,0.09531021,-0.14903545,10.126631,0.08338165,0.0,0.0,0.0
54,1987,410544.0,30.0,,19760.0,,,0.0,0,0,0,0,0.0,0.0,,3.4011974,,,0.0,,0,,0,,,9.891415,,,,
55,1988,410544.0,32.0,,20280.0,,,10.0,0,0,0,1,4.0,1.25,,3.465736,,,0.8109302,,0,,0,0.06453848,,9.917391,0.025976181,0.0,1.25,0.8109302
56,1989,410544.0,34.0,,20800.0,,,10.0,0,0,1,0,6.0,1.7647059,,3.5263605,,,1.0169343,,0,,0,0.0606246,,9.942708,0.025317192,0.0,0.5147059,0.20600408
57,1987,410546.0,153.0,10000000.0,12500.0,,,8.0,0,0,0,0,7.0,0.36601308,,5.030438,16.118095,,0.31189632,,0,,0,,,9.433484,,,,
58,1988,410546.0,134.0,11000000.0,13000.0,,,8.0,0,0,0,1,6.0,0.35820895,,4.89784,16.213406,,0.3061669,,0,,0,-0.13259792,0.09531021,9.472705,0.03922081,0.0,-0.0078041255,-0.005729437
59,1989,410546.0,146.0,12000000.0,13500.0,,,40.0,0,0,1,0,28.0,7.6712327,,4.983607,16.300417,,2.160011,,0,,0,0.08576679,0.08701134,9.510445,0.037739754,0.0,7.3130236,1.8538442
60,1987,410547.0,20.0,2300000.0,20000.0,,10.0,0.0,0,0,0,0,0.0,0.0,,2.9957323,14.648419,2.3025851,0.0,,0,,0,,,9.903487,,,,
61,1988,410547.0,23.0,2500000.0,23000.0,,10.0,0.0,0,0,0,1,0.0,0.0,,3.1354942,14.731801,2.3025851,0.0,,0,,0,0.13976192,0.08338165,10.043249,0.13976192,0.0,0.0,0.0
62,1989,410547.0,25.0,3000000.0,25000.0,,10.0,48.0,0,0,1,0,1.0,1.92,,3.218876,14.914123,2.3025851,1.0715836,,0,,0,0.08338165,0.18232155,10.126631,0.08338165,0.0,1.92,1.0715836
63,1987,410556.0,,,,,,0.0,0,0,0,0,0.0,,,,,,,,0,,0,,,,,,,
64,1988,410556.0,,,,,,0.0,0,0,0,1,0.0,,,,,,,,0,,0,,,,,0.0,,
65,1989,410556.0,131.0,7588770.0,16640.0,,,0.0,0,0,1,0,0.0,0.0,,4.8751974,15.84218,,0.0,,0,,0,,,9.719564,,0.0,,
66,1987,410560.0,22.0,725000.0,9000.0,,,0.0,0,0,0,0,0.0,0.0,,3.0910425,13.493927,,0.0,,0,,0,,,9.1049795,,,,
67,1988,410560.0,25.0,785000.0,9000.0,,,0.0,0,0,0,1,0.0,0.0,,3.218876,13.573439,,0.0,,0,,0,0.12783337,0.07951164,9.1049795,0.0,0.0,0.0,0.0
68,1989,410560.0,23.0,785000.0,10000.0,,,0.0,0,0,1,0,0.0,0.0,,3.1354942,13.573439,,0.0,,0,,0,-0.08338165,0.0,9.2103405,0.105360985,0.0,0.0,0.0
69,1987,410561.0,6.0,501859.0,,,,0.0,0,0,0,0,0.0,0.0,,1.7917595,13.126075,,0.0,,0,,0,,,,,,,
70,1988,410561.0,6.0,580415.0,,,,0.0,0,0,0,1,0.0,0.0,,1.7917595,13.271499,,0.0,,0,,0,0.0,0.14542389,,,0.0,0.0,0.0
71,1989,410561.0,9.0,735442.0,,,,64.0,0,0,1,0,1.0,7.111111,,2.1972246,13.508227,,2.0932348,,0,,0,0.40546513,0.23672867,,,0.0,7.111111,2.0932348
72,1987,410562.0,15.0,4000000.0,32000.0,,,10.0,0,0,0,0,2.0,1.3333334,,2.7080503,15.201805,,0.8472979,,0,,0,,,10.373491,,,,
73,1988,410562.0,18.0,5000000.0,34000.0,,,10.0,0,0,0,1,2.0,1.1111112,,2.8903718,15.424949,,0.74721444,,0,,0,0.18232155,0.22314358,10.434115,0.060624123,0.0,-0.22222221,-0.10008347
74,1989,410562.0,19.0,7000000.0,38000.0,,,25.0,0,0,1,0,6.0,7.894737,,2.944439,15.76142,,2.1854596,,0,,0,0.054067135,0.33647156,10.5453415,0.11122608,0.0,6.7836256,1.4382452
75,1987,410563.0,73.0,5300000.0,21500.0,6.0,,0.0,1,0,0,0,0.0,0.0,1.7917595,4.2904596,15.483217,,0.0,,0,,0,,,9.975808,,,,
76,1988,410563.0,76.0,5800000.0,22200.0,7.0,,0.0,1,0,0,1,0.0,0.0,1.9459101,4.3307333,15.573368,,0.0,1.7917595,0,0.1541506,0,0.040273666,0.09015083,10.007848,0.032039642,0.0,0.0,0.0
77,1989,410563.0,80.0,6400000.0,23000.0,5.0,,50.0,1,0,1,0,8.0,5.0,1.609438,4.3820267,15.671808,,1.7917595,1.9459101,0,-0.33647215,0,0.051293373,0.09844017,10.043249,0.035401344,0.0,5.0,1.7917595
78,1987,410564.0,160.0,,20000.0,,4.3,20.0,0,0,0,0,15.0,1.875,,5.075174,,1.4586151,1.0560527,,0,,0,,,9.903487,,,,
79,1988,410564.0,150.0,,21000.0,,4.1,20.0,0,0,0,1,20.0,2.6666667,,5.0106354,,1.4109869,1.299283,,0,,0,-0.06453848,,9.952278,0.04879093,0.0,0.79166675,0.24323034
80,1989,410564.0,150.0,,22000.0,,4.0,25.0,0,0,1,0,35.0,5.8333335,,5.0106354,,1.3862944,1.9218127,,0,,0,0.0,,9.998797,0.04651928,0.0,3.1666667,0.6225296
81,1987,410565.0,90.0,,20620.0,21.0,,0.0,1,0,0,0,0.0,0.0,3.0445225,4.4998097,,,0.0,,0,,0,,,9.934017,,,,
82,1988,410565.0,112.0,21780000.0,20180.0,11.0,,0.0,1,0,0,1,0.0,0.0,2.3978953,4.7184987,16.896503,,0.0,3.0445225,0,-0.6466272,0,0.21868896,,9.912447,-0.021570206,0.0,0.0,0.0
83,1989,410565.0,128.0,25829000.0,21500.0,0.4,,16.0,1,0,1,0,128.0,16.0,-0.9162907,4.8520303,17.067009,,2.8332133,2.3978953,0,-3.314186,0,0.13353157,0.17050552,9.975808,0.06336117,0.0,16.0,2.8332133
84,1987,410566.0,14.0,2101581.0,14850.0,7.0,,8.0,0,0,0,0,12.0,6.857143,1.9459101,2.6390574,14.558201,,2.061423,,0,,0,,,9.605755,,,,
85,1988,410566.0,16.0,2400723.0,18100.0,5.0,,3.0,0,0,0,1,10.0,1.875,1.609438,2.7725887,14.69128,,1.0560527,1.9459101,0,-0.33647215,0,0.13353133,0.13307953,9.803667,0.19791222,0.0,-4.982143,-1.0053704
86,1989,410566.0,13.0,2470633.0,20500.0,4.5,,4.0,0,0,1,0,10.0,3.0769231,1.5040774,2.5649493,14.719985,,1.4053426,1.609438,0,-0.10536051,0,-0.20763946,0.028704643,9.92818,0.12451267,0.0,1.2019231,0.3492899
87,1987,410567.0,40.0,3000000.0,10000.0,1.0,0.5,0.0,0,0,0,0,0.0,0.0,0.0,3.6888795,14.914123,-0.6931472,0.0,,0,,0,,,9.2103405,,,,
88,1988,410567.0,48.0,3800000.0,11000.0,0.5,0.25,0.0,0,0,0,1,0.0,0.0,-0.6931472,3.871201,15.150512,-1.3862944,0.0,0.0,0,-0.6931472,0,0.18232155,0.23638916,9.305651,0.09531021,0.0,0.0,0.0
89,1989,410567.0,50.0,3100000.0,11500.0,0.28,0.13,16.0,0,0,1,0,50.0,16.0,-1.2729657,3.912023,14.946913,-2.040221,2.8332133,-0.6931472,0,-0.5798185,0,0.04082203,-0.20359898,9.350102,0.044451714,0.0,16.0,2.8332133
90,1987,410569.0,20.0,,26000.0,,,0.0,0,0,0,0,0.0,0.0,,2.9957323,,,0.0,,0,,0,,,10.165852,,,,
91,1988,410569.0,24.0,,28000.0,,,0.0,0,0,0,1,0.0,0.0,,3.1780539,,,0.0,,0,,0,0.18232155,,10.23996,0.074108124,0.0,0.0,0.0
92,1989,410569.0,30.0,,30000.0,,,0.0,0,0,1,0,0.0,0.0,,3.4011974,,,0.0,,0,,0,0.22314358,,10.308952,0.068992615,0.0,0.0,0.0
93,1987,410571.0,17.0,755050.0,10400.0,,0.01,25.0,0,0,0,0,17.0,25.0,,2.8332133,13.534539,-4.6051702,3.2580965,,0,,0,,,9.249561,,,,
94,1988,410571.0,15.0,1102723.0,10400.0,,0.01,25.0,0,0,0,1,15.0,25.0,,2.7080503,13.913293,-4.6051702,3.2580965,,0,,0,-0.12516308,0.37875366,9.249561,0.0,0.0,0.0,0.0
95,1989,410571.0,20.0,1073785.0,10400.0,,0.01,25.0,0,0,1,0,10.0,12.5,,2.9957323,13.886701,-4.6051702,2.6026897,,0,,0,0.28768206,-0.026592255,9.249561,0.0,0.0,-12.5,-0.6554067
96,1987,410577.0,75.0,4750000.0,16120.0,1.68,1.89,3.0,0,0,0,0,30.0,1.2,0.51879376,4.317488,15.373655,0.63657683,0.7884574,,0,,0,,,9.687816,,,,
97,1988,410577.0,80.0,5100000.0,16432.0,1.57,1.76,4.0,0,0,0,1,35.0,1.75,0.45107564,4.3820267,15.444751,0.5653138,1.011601,0.51879376,0,-0.06771812,0,0.06453848,0.07109547,9.706985,0.019169807,0.0,0.54999995,0.22314358
98,1989,410577.0,94.0,5500000.0,16640.0,1.64,1.82,4.0,0,0,1,0,35.0,1.4893616,0.49469623,4.543295,15.520259,0.59883654,0.9120263,0.45107564,0,0.043620586,0,0.16126823,0.07550812,9.719564,0.012578964,0.0,-0.26063836,-0.099574685
99,1987,410586.0,116.0,11000000.0,23500.0,,,47.0,0,0,0,0,96.0,38.896553,,4.75359,16.213406,,3.68629,,0,,0,,,10.064755,,,,
100,1988,410586.0,114.0,11000000.0,24000.0,,,47.0,0,0,0,1,94.0,38.754387,,4.7361984,16.213406,,3.6827202,,0,,0,-0.017391682,0.0,10.085809,0.021053314,0.0,-0.14216614,-0.0035698414
101,1989,410586.0,119.0,11000000.0,24600.0,,,47.0,0,0,1,0,99.0,39.10084,,4.7791233,16.213406,,3.6913974,,0,,0,0.04292488,0.0,10.110501,0.024692535,0.0,0.34645462,0.008677244
102,1987,410591.0,25.0,,12180.0,,,0.0,0,0,0,0,0.0,0.0,,3.218876,,,0.0,,0,,0,,,9.407551,,,,
103,1988,410591.0,33.0,,13000.0,,,50.0,0,0,0,1,1.0,1.5151515,,3.4965076,,,0.92233306,,0,,0,0.27763176,,9.472705,0.065154076,0.0,1.5151515,0.92233306
104,1989,410591.0,37.0,,14500.0,,,40.0,0,0,1,0,2.0,2.162162,,3.6109178,,,1.151256,,0,,0,0.11441016,,9.581903,0.10919857,0.0,0.64701056,0.2289229
105,1987,410592.0,20.0,,,30.0,40.0,,0,0,0,0,20.0,,3.4011974,2.9957323,,3.6888795,,,0,,0,,,,,,,
106,1988,410592.0,20.0,,,24.0,27.0,,0,0,0,1,20.0,,3.1780539,2.9957323,,3.295837,,3.4011974,0,-0.22314358,0,0.0,,,,0.0,,
107,1989,410592.0,10.0,,,20.0,15.0,,0,0,1,0,10.0,,2.9957323,2.3025851,,2.7080503,,3.1780539,0,-0.18232155,0,-0.6931472,,,,0.0,,
108,1987,410593.0,5.0,3500000.0,,1.0,,0.0,0,0,0,0,0.0,0.0,0.0,1.609438,15.068274,,0.0,,0,,0,,,,,,,
109,1988,410593.0,5.0,3800000.0,,1.0,,0.0,0,0,0,1,0.0,0.0,0.0,1.609438,15.150512,,0.0,0.0,0,0.0,0,0.0,0.0822382,,,0.0,0.0,0.0
110,1989,410593.0,5.0,4000000.0,,1.0,,0.0,0,0,1,0,0.0,0.0,0.0,1.609438,15.201805,,0.0,0.0,0,0.0,0,0.0,0.051293373,,,0.0,0.0,0.0
111,1987,410596.0,8.0,990400.0,12480.0,10.0,,10.0,0,0,0,0,8.0,10.0,2.3025851,2.0794415,13.805864,,2.3978953,,0,,0,,,9.431883,,,,
112,1988,410596.0,16.0,1166100.0,13520.0,6.0,,12.0,0,0,0,1,16.0,12.0,1.7917595,2.7725887,13.969175,,2.5649493,2.3025851,0,-0.51082563,0,0.6931472,0.163311,9.511926,0.08004284,0.0,2.0,0.16705394
113,1989,410596.0,20.0,1815900.0,14560.0,4.0,,14.0,0,0,1,0,20.0,14.0,1.3862944,2.9957323,14.412092,,2.7080503,1.7917595,0,-0.40546513,0,0.22314358,0.44291687,9.586033,0.07410717,0.0,2.0,0.14310098
114,1987,410603.0,10.0,1212478.0,12700.0,,,105.0,0,0,0,0,4.0,42.0,,2.3025851,14.008177,,3.7612002,,0,,0,,,9.449357,,,,
115,1988,410603.0,14.0,1159622.0,13600.0,,,105.0,0,0,0,1,3.0,22.5,,2.6390574,13.963605,,3.1570003,,0,,0,0.33647227,-0.044571877,9.517825,0.068468094,0.0,-19.5,-0.6041999
116,1989,410603.0,17.0,1612170.0,14900.0,,,,0,0,1,0,0.0,,,2.8332133,14.293092,,,,0,,0,0.19415593,0.32948685,9.609117,0.09129143,0.0,,
117,1987,410604.0,60.0,,8320.0,,,0.0,0,0,0,0,0.0,0.0,,4.0943446,,,0.0,,0,,0,,,9.026418,,,,
118,1988,410604.0,100.0,,8940.0,,,0.0,0,0,0,1,0.0,0.0,,4.6051702,,,0.0,,0,,0,0.51082563,,9.09829,0.07187271,0.0,0.0,0.0
119,1989,410604.0,190.0,,10400.0,,,0.0,0,0,1,0,0.0,0.0,,5.247024,,,0.0,,0,,0,0.6418538,,9.249561,0.15127087,0.0,0.0,0.0
120,1987,410606.0,124.0,10507000.0,,0.66,,10.0,0,0,0,0,43.0,3.467742,-0.4155154,4.8202815,16.167553,,1.4968832,,0,,0,,,,,,,
121,1988,410606.0,127.0,12172850.0,14538.0,0.34,,8.0,0,0,0,1,30.0,1.8897638,-1.0788096,4.8441873,16.314718,,1.0611748,-0.4155154,0,-0.6632942,0,0.023905754,0.1471653,9.584521,,0.0,-1.5779781,-0.4357084
122,1989,410606.0,128.0,12039550.0,14865.0,0.39,,28.0,0,0,1,0,87.0,19.03125,-0.94160855,4.8520303,16.303707,,2.9972935,-1.0788096,0,0.13720107,0,0.007843018,-0.011011124,9.606765,0.0222435,0.0,17.141487,1.9361187
123,1987,410609.0,22.0,1650831.0,24900.0,,,0.0,0,0,0,0,0.0,0.0,,3.0910425,14.31679,,0.0,,0,,0,,,10.122623,,,,
124,1988,410609.0,37.0,1817961.0,23000.0,,,0.0,0,0,0,1,0.0,0.0,,3.6109178,14.413226,,0.0,,0,,0,0.5198753,0.0964365,10.043249,-0.07937431,0.0,0.0,0.0
125,1989,410609.0,44.0,1642441.0,23200.0,,,0.0,0,0,1,0,0.0,0.0,,3.7841897,14.311694,,0.0,,0,,0,0.1732719,-0.10153198,10.051908,0.008658409,0.0,0.0,0.0
126,1987,410612.0,60.0,7000000.0,8840.0,,,12.0,0,0,0,0,60.0,12.0,,4.0943446,15.76142,,2.5649493,,0,,0,,,9.087042,,,,
127,1988,410612.0,65.0,8500000.0,9880.0,,,12.0,0,0,0,1,65.0,12.0,,4.1743875,15.955577,,2.5649493,,0,,0,0.08004284,0.19415665,9.198268,0.11122608,0.0,0.0,0.0
128,1989,410612.0,70.0,11000000.0,10920.0,,,12.0,0,0,1,0,70.0,12.0,,4.248495,16.213406,,2.5649493,,0,,0,0.07410765,0.2578287,9.298351,0.10008335,0.0,0.0,0.0
129,1987,410626.0,27.0,4600000.0,18000.0,0.87,,24.0,1,0,0,0,3.0,2.6666667,-0.13926207,3.295837,15.341567,,1.299283,,0,,0,,,9.798127,,,,
130,1988,410626.0,28.0,4900000.0,19000.0,0.82,,16.0,1,0,0,1,2.0,1.1428572,-0.19845095,3.3322046,15.404746,,0.7621401,-0.13926207,0,-0.059188887,0,0.036367655,0.063179016,9.852194,0.054066658,0.0,-1.5238096,-0.53714293
131,1989,410626.0,30.0,5600000.0,21000.0,0.71,,32.0,1,0,1,0,6.0,6.4,-0.34249035,3.4011974,15.538278,,2.00148,-0.19845095,0,-0.14403939,0,0.06899285,0.13353157,9.952278,0.100084305,0.0,5.257143,1.2393401
132,1987,410627.0,25.0,2900000.0,21830.0,,,,1,0,0,0,25.0,,,3.218876,14.880221,,,,0,,0,,,9.99104,,,,
133,1988,410627.0,25.0,2800000.0,22454.0,,,,1,0,0,1,25.0,,,3.218876,14.84513,,,,0,,0,0.0,-0.0350914,10.019224,0.028183937,0.0,,
134,1989,410627.0,25.0,2900000.0,23078.0,,,,1,0,1,0,25.0,,,3.218876,14.880221,,,,0,,0,0.0,0.0350914,10.046635,0.027410507,0.0,,
135,1987,410629.0,16.0,1100000.0,18500.0,1.2,0.58,,0,0,0,0,16.0,,0.1823216,2.7725887,13.910821,-0.5447272,,,0,,0,,,9.825526,,,,
136,1988,410629.0,19.0,2050000.0,21000.0,0.53,0.25,,0,0,0,1,19.0,,-0.63487834,2.944439,14.53335,-1.3862944,,0.1823216,0,-0.81719995,0,0.1718502,0.62252903,9.952278,0.1267519,0.0,,
137,1989,410629.0,23.0,2260000.0,23500.0,0.49,0.36,,0,0,1,0,23.0,,-0.7133499,3.1354942,14.630876,-1.0216511,,-0.63487834,0,-0.07847154,0,0.1910553,0.0975256,10.064755,0.1124773,0.0,,
138,1987,410635.0,100.0,20000000.0,22000.0,,,0.0,1,0,0,0,0.0,0.0,,4.6051702,16.811243,,0.0,,0,,0,,,9.998797,,,,
139,1988,410635.0,95.0,18000000.0,22000.0,,,1.0,1,0,0,1,1.0,0.010526316,,4.553877,16.705883,,0.0104713,,0,,0,-0.051293373,-0.10536003,9.998797,0.0,0.0,0.010526316,0.0104713
140,1989,410635.0,85.0,16000000.0,22000.0,,,20.0,1,0,1,0,50.0,11.764706,,4.4426513,16.588099,,2.546684,,0,,0,-0.111225605,-0.1177845,9.998797,0.0,0.0,11.754179,2.5362127
141,1987,410636.0,8.0,386807.0,14110.0,,,,0,0,0,0,8.0,,,2.0794415,12.865681,,,,0,,0,,,9.554639,,,,
142,1988,410636.0,10.0,734613.0,14040.0,,,,0,0,0,1,10.0,,,2.3025851,13.507099,,,,0,,0,0.22314358,0.64141846,9.549665,-0.0049734116,0.0,,
143,1989,410636.0,8.0,518842.0,14126.0,,,,0,0,1,0,8.0,,,2.0794415,13.159354,,,,0,,0,-0.22314358,-0.34774494,9.555773,0.0061073303,0.0,,
144,1987,410639.0,135.0,14000000.0,20384.0,,,1.0,1,0,0,0,50.0,0.37037036,,4.905275,16.454567,,0.31508103,,0,,0,,,9.922505,,,,
145,1988,410639.0,135.0,15000000.0,20800.0,,,3.0,1,0,0,1,75.0,1.6666666,,4.905275,16.523561,,0.98082924,,0,,0,0.0,0.06899452,9.942708,0.020202637,0.0,1.2962962,0.66574824
146,1989,410639.0,144.0,15500000.0,20592.0,,,5.0,1,0,1,0,100.0,3.4722223,,4.9698133,16.55635,,1.4978855,,0,,0,0.06453848,0.03278923,9.932658,-0.01004982,0.0,1.8055557,0.5170562
147,1987,410640.0,13.0,1656000.0,19266.0,,,240.0,0,0,0,0,3.0,55.384617,,2.5649493,14.319916,,4.0321965,,0,,0,,,9.866097,,,,
148,1988,410640.0,11.0,1527000.0,20867.0,,,200.0,0,0,0,1,2.0,36.363636,,2.3978953,14.238815,,3.620698,,0,,0,-0.16705394,-0.081100464,9.945924,0.079826355,0.0,-19.02098,-0.41149855
149,1989,410640.0,13.0,1454000.0,25154.0,,,200.0,0,0,1,0,2.0,30.76923,,2.5649493,14.189829,,3.4584982,,0,,0,0.16705394,-0.048986435,10.132772,0.18684864,0.0,-5.594406,-0.16219974
150,1987,410641.0,,3600000.0,,,,,0,0,0,0,,,,,15.096444,,,,0,,0,,,,,,,
151,1988,410641.0,,3900000.0,,,,,0,0,0,1,,,,,15.176487,,,,0,,0,,0.08004284,,,0.0,,
152,1989,410641.0,,5200000.0,,,,,0,0,1,0,,,,,15.4641695,,,,0,,0,,0.28768253,,,0.0,,
153,1987,410642.0,,,,,,0.0,0,0,0,0,0.0,,,,,,,,0,,0,,,,,,,
154,1988,410642.0,,,,,,45.0,0,0,0,1,25.0,,,,,,,,0,,0,,,,,0.0,,
155,1989,410642.0,,,,,,45.0,0,0,1,0,25.0,,,,,,,,0,,0,,,,,0.0,,
156,1987,410649.0,30.0,2100000.0,25500.0,,,,0,0,0,0,30.0,,,3.4011974,14.557447,,,,0,,0,,,10.146434,,,,
157,1988,410649.0,27.0,2252000.0,26000.0,,,,0,0,0,1,27.0,,,3.295837,14.627329,,,,0,,0,-0.10536051,0.06988144,10.165852,0.019417763,0.0,,
158,1989,410649.0,24.0,1866064.0,28000.0,,,,0,0,1,0,24.0,,,3.1780539,14.439342,,,,0,,0,-0.11778307,-0.18798733,10.23996,0.074108124,0.0,,
159,1987,410653.0,14.0,1950000.0,16000.0,1.06,,,1,0,0,0,14.0,,0.058268853,2.6390574,14.48334,,,,0,,0,,,9.680344,,,,
160,1988,410653.0,13.0,1850000.0,17000.0,1.03,,,1,0,0,1,13.0,,0.029558774,2.5649493,14.4306965,,,0.058268853,0,-0.028710078,0,-0.074108124,-0.052643776,9.740969,0.060625076,0.0,,
161,1989,410653.0,12.0,1550000.0,18000.0,1.14,,,1,0,1,0,12.0,,0.13102825,2.4849067,14.253765,,,0.029558774,0,0.10146947,0,-0.0800426,-0.17693138,9.798127,0.05715847,0.0,,
162,1987,410665.0,,,,0.05,0.06,0.0,0,0,0,0,0.0,,-2.9957323,,,-2.8134108,,,0,,0,,,,,,,
163,1988,410665.0,12.0,1000000.0,29120.0,0.08,0.03,16.0,0,0,0,1,2.0,2.6666667,-2.5257287,2.4849067,13.815511,-3.506558,1.299283,-2.9957323,0,0.4700036,0,,,10.279181,,0.0,,
164,1989,410665.0,14.0,1200000.0,29120.0,0.03,0.09,16.0,0,0,1,0,4.0,4.571429,-3.506558,2.6390574,13.997832,-2.4079456,1.7176515,-2.5257287,0,-0.98082924,0,0.15415072,0.18232155,10.279181,0.0,0.0,1.904762,0.41836846
165,1987,410679.0,30.0,,26000.0,,3.0,,0,0,0,0,30.0,,,3.4011974,,1.0986123,,,0,,0,,,10.165852,,,,
166,1988,410679.0,30.0,,26000.0,,3.0,,0,0,0,1,30.0,,,3.4011974,,1.0986123,,,0,,0,0.0,,10.165852,0.0,0.0,,
167,1989,410679.0,28.0,,27000.0,,3.0,,0,0,1,0,28.0,,,3.3322046,,1.0986123,,,0,,0,-0.06899285,,10.203592,0.037740707,0.0,,
168,1987,410680.0,27.0,2873000.0,19762.0,,,100.0,0,0,0,0,14.0,51.851852,,3.295837,14.870868,,3.9674928,,0,,0,,,9.891516,,,,
169,1988,410680.0,61.0,6097000.0,21120.0,,,50.0,0,0,0,1,5.0,4.0983605,,4.1108737,15.623307,,1.628919,,0,,0,0.8150368,0.7524395,9.957975,0.066459656,0.0,-47.75349,-2.338574
170,1989,410680.0,52.0,5670000.0,22360.0,,,70.0,0,0,1,0,9.0,12.115385,,3.9512436,15.550699,,2.573786,,0,,0,-0.15963006,-0.072607994,10.015029,0.057053566,0.0,8.017025,0.944867
171,1987,410685.0,24.0,2213235.0,20004.0,0.14,,,0,0,0,0,24.0,,-1.9661129,3.1780539,14.609966,,,,0,,0,,,9.9036875,,,,
172,1988,410685.0,20.0,2100943.0,19078.0,0.16,,,0,0,0,1,20.0,,-1.8325815,2.9957323,14.557897,,,-1.9661129,0,0.13353133,0,-0.18232155,-0.052069664,9.856291,-0.04739666,0.0,,
173,1989,410685.0,20.0,2174049.0,21099.0,0.23,,,0,0,1,0,20.0,,-1.4696759,2.9957323,14.592102,,,-1.8325815,0,0.36290562,0,0.0,0.034205437,9.956981,0.10068989,0.0,,
174,1987,410686.0,6.0,2100000.0,16640.0,,,0.0,0,0,0,0,0.0,0.0,,1.7917595,14.557447,,0.0,,0,,0,,,9.719564,,,,
175,1988,410686.0,7.0,1800000.0,18720.0,,,10.0,0,0,0,1,2.0,2.857143,,1.9459101,14.403297,,1.3499267,,0,,0,0.1541506,-0.15415001,9.837348,0.11778355,0.0,2.857143,1.3499267
176,1989,410686.0,6.0,1600000.0,20800.0,,,0.0,0,0,1,0,0.0,0.0,,1.7917595,14.285514,,0.0,,0,,0,-0.1541506,-0.11778355,9.942708,0.10536003,0.0,-2.857143,-1.3499267
177,1987,418006.0,63.0,,25900.0,,,0.0,0,0,0,0,0.0,0.0,,4.1431346,,,0.0,,0,,0,,,10.161998,,,,
178,1988,418006.0,57.0,,25300.0,,,45.0,0,1,0,1,24.0,18.947369,,4.0430512,,,2.9930973,,0,,1,-0.10008335,,10.138559,-0.023438454,0.0,18.947369,2.9930973
179,1989,418006.0,59.0,,26800.0,,,40.0,0,0,1,0,35.0,23.728813,,4.0775375,,,3.2079692,,1,,-1,0.034486294,,10.196157,0.057598114,1.0,4.7814445,0.21487188
180,1987,418007.0,26.0,2200000.0,10712.0,,1.9,,1,0,0,0,26.0,,,3.2580965,14.603968,0.64185387,,,0,,0,,,9.2791195,,,,
181,1988,418007.0,24.0,1800000.0,10940.0,,2.6,,1,0,0,1,24.0,,,3.1780539,14.403297,0.9555114,,,0,,0,-0.0800426,-0.20067024,9.300181,0.021061897,0.0,,
182,1989,418007.0,21.0,1700000.0,11148.0,,1.2,,1,0,1,0,21.0,,,3.0445225,14.346139,0.1823216,,,0,,0,-0.13353133,-0.05715847,9.3190155,0.018834114,0.0,,
183,1987,418008.0,10.0,900000.0,,,,0.0,0,0,0,0,3.0,0.0,,2.3025851,13.71015,,0.0,,0,,0,,,,,,,
184,1988,418008.0,10.0,1200000.0,,,,16.0,0,1,0,1,10.0,16.0,,2.3025851,13.997832,,2.8332133,,0,,1,0.0,0.28768253,,,0.0,16.0,2.8332133
185,1989,418008.0,12.0,1100000.0,20000.0,,,0.0,0,0,1,0,1.0,0.0,,2.4849067,13.910821,,0.0,,1,,-1,0.18232155,-0.08701134,9.903487,,1.0,-16.0,-2.8332133
186,1987,418011.0,70.0,4200000.0,12400.0,10.0,9.0,0.0,1,0,0,0,0.0,0.0,2.3025851,4.248495,15.250595,2.1972246,0.0,,0,,0,,,9.425451,,,,
187,1988,418011.0,50.0,3740000.0,13400.0,3.0,3.0,43.0,1,1,0,1,10.0,8.6,1.0986123,3.912023,15.134596,1.0986123,2.261763,2.3025851,0,-1.2039728,1,-0.33647203,-0.11599922,9.50301,0.07755852,0.0,8.6,2.261763
188,1989,418011.0,30.0,2040000.0,14000.0,2.0,1.0,40.0,1,0,1,0,5.0,6.6666665,0.6931472,3.4011974,14.5284605,0.0,2.036882,1.0986123,1,-0.40546513,-1,-0.51082563,-0.60613537,9.546813,0.043803215,1.0,-1.9333339,-0.22488117
189,1987,418013.0,20.0,750000.0,14560.0,,0.27,40.0,0,0,0,0,2.0,4.0,,2.9957323,13.527828,-1.3093333,1.609438,,0,,0,,,9.586033,,,,
190,1988,418013.0,18.0,800000.0,16640.0,,0.25,60.0,0,1,0,1,3.0,10.0,,2.8903718,13.592367,-1.3862944,2.3978953,,0,,1,-0.10536051,0.064538956,9.719564,0.13353157,0.0,6.0,0.7884574
191,1989,418013.0,20.0,950000.0,17680.0,,0.21,40.0,0,0,1,0,3.0,6.0,,2.9957323,13.764217,-1.5606477,1.9459101,,1,,-1,0.10536051,0.1718502,9.7801895,0.060625076,1.0,-4.0,-0.45198524
192,1987,418014.0,9.0,6802180.0,13478.0,,,256.0,0,0,0,0,2.0,56.88889,,2.1972246,15.732754,,4.0585256,,0,,0,,,9.508814,,,,
193,1988,418014.0,12.0,936477.0,14269.0,,,281.0,0,1,0,1,7.0,163.91667,,2.4849067,13.74988,,5.10544,,0,,1,0.28768206,-1.9828739,9.565845,0.057030678,0.0,107.02779,1.0469146
194,1989,418014.0,17.0,1437883.0,15558.0,,,256.0,0,0,1,0,5.0,75.29412,,2.8332133,14.178682,,4.3345957,,1,,-1,0.34830666,0.4288025,9.65233,0.08648586,1.0,-88.62255,-0.77084446
195,1987,418021.0,11.0,1850000.0,12500.0,1.0,1.0,0.0,0,0,0,0,0.0,0.0,0.0,2.3978953,14.4306965,0.0,0.0,,0,,0,,,9.433484,,,,
196,1988,418021.0,13.0,2078000.0,13100.0,1.0,1.0,40.0,0,1,0,1,2.0,6.1538463,0.0,2.5649493,14.546916,0.0,1.9676502,0.0,0,0.0,1,0.16705394,0.11621952,9.480368,0.046883583,0.0,6.1538463,1.9676502
197,1989,418021.0,13.0,2040000.0,13800.0,1.0,1.0,10.0,0,0,1,0,2.0,1.5384616,0.0,2.5649493,14.5284605,0.0,0.9315582,0.0,1,0.0,-1,0.0,-0.018455505,9.532424,0.052056313,1.0,-4.6153846,-1.036092
198,1987,418024.0,40.0,5500000.0,10400.0,,,0.0,0,0,0,0,0.0,0.0,,3.6888795,15.520259,,0.0,,0,,0,,,9.249561,,,,
199,1988,418024.0,60.0,6000000.0,10400.0,,,40.0,0,1,0,1,57.0,38.0,,4.0943446,15.60727,,3.6635616,,0,,1,0.40546513,0.08701134,9.249561,0.0,0.0,38.0,3.6635616
200,1989,418024.0,100.0,7000000.0,11020.0,,,20.0,0,0,1,0,10.0,2.0,,4.6051702,15.76142,,1.0986123,,1,,-1,0.51082563,0.15415001,9.307467,0.05790615,1.0,-36.0,-2.5649493
201,1987,418035.0,30.0,1269000.0,14000.0,6.0,12.0,0.0,0,0,0,0,0.0,0.0,1.7917595,3.4011974,14.05374,2.4849067,0.0,,0,,0,,,9.546813,,,,
202,1988,418035.0,30.0,1681000.0,14500.0,5.0,11.0,23.0,0,1,0,1,24.0,18.4,1.609438,3.4011974,14.334899,2.3978953,2.9652731,1.7917595,0,-0.18232155,1,0.0,0.2811594,9.581903,0.035090446,0.0,18.4,2.9652731
203,1989,418035.0,31.0,1814000.0,15000.0,3.0,9.0,0.0,0,0,1,0,0.0,0.0,1.0986123,3.4339871,14.411045,2.1972246,0.0,1.609438,1,-0.51082563,-1,0.032789707,0.076146126,9.615806,0.03390217,1.0,-18.4,-2.9652731
204,1987,418036.0,485.0,,17888.0,,,10.0,0,0,0,0,15.0,0.30927834,,6.184149,,,0.2694761,,0,,0,,,9.791885,,,,
205,1988,418036.0,500.0,,18637.0,,,46.0,0,1,0,1,24.0,2.208,,6.214608,,,1.1656476,,0,,1,0.030459404,,9.832904,0.041018486,0.0,1.8987216,0.89617157
206,1989,418036.0,525.0,,19386.0,,,10.0,0,0,1,0,15.0,0.2857143,,6.263398,,,0.25131443,,1,,-1,0.048789978,,9.872307,0.03940296,1.0,-1.9222857,-0.9143332
207,1987,418045.0,15.0,2000000.0,18000.0,2.0,1.0,30.0,0,0,0,0,2.0,4.0,0.6931472,2.7080503,14.508657,0.0,1.609438,,0,,0,,,9.798127,,,,
208,1988,418045.0,15.0,2500000.0,20000.0,2.0,1.0,40.0,0,0,0,1,3.0,8.0,0.6931472,2.7080503,14.731801,0.0,2.1972246,0.6931472,0,0.0,0,0.0,0.22314358,9.903487,0.10536003,0.0,4.0,0.5877867
209,1989,418045.0,15.0,3500000.0,22000.0,2.0,1.0,150.0,0,0,1,0,15.0,150.0,0.6931472,2.7080503,15.068274,0.0,5.0172796,0.6931472,0,0.0,0,0.0,0.3364725,9.998797,0.09531021,0.0,142.0,2.820055
210,1987,418046.0,15.0,,13000.0,,,0.0,0,0,0,0,0.0,0.0,,2.7080503,,,0.0,,0,,0,,,9.472705,,,,
211,1988,418046.0,20.0,,12000.0,,,24.0,0,1,0,1,20.0,24.0,,2.9957323,,,3.218876,,0,,1,0.28768206,,9.392662,-0.08004284,0.0,24.0,3.218876
212,1989,418046.0,25.0,,12000.0,,,4.0,0,0,1,0,25.0,4.0,,3.218876,,,1.609438,,1,,-1,0.22314358,,9.392662,0.0,1.0,-20.0,-1.609438
213,1987,418051.0,,,,0.45,0.14,25.0,1,0,0,0,30.0,,-0.79850775,,,-1.9661129,,,0,,0,,,,,,,
214,1988,418051.0,,,,0.5,0.17,13.0,1,1,0,1,199.0,,-0.6931472,,,-1.7719568,,-0.79850775,0,0.10536057,1,,,,,0.0,,
215,1989,418051.0,,,,0.5,0.17,20.0,1,0,1,0,15.0,,-0.6931472,,,-1.7719568,,-0.6931472,1,0.0,-1,,,,,1.0,,
216,1987,418052.0,6.0,400000.0,25861.0,,,0.0,0,0,0,0,0.0,0.0,,1.7917595,12.8992195,,0.0,,0,,0,,,10.160491,,,,
217,1988,418052.0,5.0,500000.0,25168.0,,,55.0,0,1,0,1,5.0,55.0,,1.609438,13.122363,,4.0253515,,0,,1,-0.18232155,0.22314358,10.133328,-0.027162552,0.0,55.0,4.0253515
218,1989,418052.0,7.0,600000.0,23625.0,,,0.0,0,0,1,0,0.0,0.0,,1.9459101,13.304685,,0.0,,1,,-1,0.33647215,0.18232155,10.070061,-0.06326771,1.0,-55.0,-4.0253515
219,1987,418054.0,60.0,3330457.0,11500.0,1.25,,0.0,0,0,0,0,3.0,0.0,0.22314355,4.0943446,15.0186205,,0.0,,0,,0,,,9.350102,,,,
220,1988,418054.0,65.0,3765312.0,12500.0,1.54,,40.0,0,1,0,1,3.0,1.8461539,0.4317824,4.1743875,15.141341,,1.0459685,0.22314355,0,0.20863885,1,0.08004284,0.12272072,9.433484,0.08338165,0.0,1.8461539,1.0459685
221,1989,418054.0,56.0,3533090.0,13200.0,0.96,,10.0,0,0,1,0,0.0,0.0,-0.040822018,4.0253515,15.077683,,0.0,0.4317824,1,-0.47260442,-1,-0.14903593,-0.06365776,9.487972,0.054488182,1.0,-1.8461539,-1.0459685
222,1987,418065.0,259.0,26942000.0,15038.0,1.3,0.5,6.0,1,0,0,0,150.0,3.4749036,0.26236424,5.556828,17.109198,-0.6931472,1.4984848,,0,,0,,,9.618336,,,,
223,1988,418065.0,331.0,32161000.0,15434.0,1.5,0.7,21.0,1,1,0,1,244.0,15.480363,0.4054651,5.8021183,17.286264,-0.35667497,2.8021696,0.26236424,0,0.14310086,1,0.24529028,0.1770668,9.644328,0.025992393,0.0,12.005459,1.3036847
224,1989,418065.0,321.0,31046000.0,16307.0,1.0,0.7,6.0,1,0,1,0,180.0,3.364486,0.0,5.771441,17.25098,-0.35667497,1.4735004,0.4054651,1,-0.4054651,-1,-0.030677319,-0.035284042,9.699349,0.055021286,1.0,-12.115877,-1.3286692
225,1987,418066.0,35.0,,,,,2.0,0,0,0,0,35.0,2.0,,3.5553482,,,1.0986123,,0,,0,,,,,,,
226,1988,418066.0,34.0,,,,,,0,1,0,1,34.0,,,3.5263605,,,,,0,,1,-0.028987646,,,,0.0,,
227,1989,418066.0,36.0,,,,,3.0,0,0,1,0,36.0,3.0,,3.583519,,,1.3862944,,1,,-1,0.05715847,,,,1.0,,
228,1987,418076.0,60.0,3870000.0,19968.0,1.06,2.0,50.0,0,0,0,0,20.0,16.666666,0.058268853,4.0943446,15.168765,0.6931472,2.8716795,,0,,0,,,9.901886,,,,
229,1988,418076.0,70.0,3882000.0,20800.0,0.8,1.5,52.0,0,1,0,1,41.0,30.457144,-0.22314353,4.248495,15.171861,0.4054651,3.448626,0.058268853,0,-0.2814124,1,0.15415049,0.0030956268,9.942708,0.04082203,0.0,13.790478,0.5769465
230,1989,418076.0,70.0,5330000.0,21840.0,0.22,0.5,50.0,0,0,1,0,20.0,14.285714,-1.5141277,4.248495,15.488862,-0.6931472,2.7269187,-0.22314353,1,-1.2909842,-1,0.0,0.31700134,9.991498,0.048789978,1.0,-16.171429,-0.72170734
231,1987,418083.0,125.0,26000000.0,20000.0,3.0,0.05,0.0,1,0,0,0,0.0,0.0,1.0986123,4.828314,17.073606,-2.9957323,0.0,,0,,0,,,9.903487,,,,
232,1988,418083.0,120.0,36000000.0,20000.0,2.0,0.0,,1,1,0,1,120.0,,0.6931472,4.787492,17.399029,,,1.0986123,0,-0.40546513,1,-0.04082203,0.3254223,9.903487,0.0,0.0,,
233,1989,418083.0,60.0,22000000.0,20000.0,1.0,0.03,32.0,1,0,1,0,20.0,10.666667,0.0,4.0943446,16.906553,-3.506558,2.4567358,0.6931472,1,-0.6931472,-1,-0.6931472,-0.4924755,9.903487,0.0,1.0,,
234,1987,418084.0,40.0,1200000.0,10000.0,,,200.0,1,0,0,0,6.0,30.0,,3.6888795,13.997832,,3.4339871,,0,,0,,,9.2103405,,,,
235,1988,418084.0,35.0,1100000.0,10300.0,,,,1,1,0,1,35.0,,,3.5553482,13.910821,,,,0,,1,-0.13353133,-0.08701134,9.2399,0.029559135,0.0,,
236,1989,418084.0,50.0,1300000.0,10700.0,,,200.0,1,0,1,0,6.0,24.0,,3.912023,14.077875,,3.218876,,1,,-1,0.3566749,0.16705418,9.277999,0.03809929,1.0,,
237,1987,418091.0,150.0,11000000.0,12000.0,8.18,,10.0,0,0,0,0,20.0,1.3333334,2.1016922,5.0106354,16.213406,,0.8472979,,0,,0,,,9.392662,,,,
238,1988,418091.0,175.0,15000000.0,14000.0,0.67,,30.0,0,1,0,1,74.0,12.685715,-0.40047753,5.164786,16.523561,,2.6163526,2.1016922,0,-2.5021696,1,0.15415049,0.31015587,9.546813,0.15415096,0.0,11.352382,1.7690547
239,1989,418091.0,200.0,18000000.0,16000.0,0.56,,20.0,0,0,1,0,50.0,5.0,-0.5798185,5.2983174,16.705883,,1.7917595,-0.40047753,1,-0.17934096,-1,0.13353157,0.18232155,9.680344,0.13353062,1.0,-7.6857147,-0.82459307
240,1987,418097.0,80.0,6000000.0,12480.0,1.67,15.0,5.0,0,0,0,0,5.0,0.3125,0.5128236,4.3820267,15.60727,2.7080503,0.2719337,,0,,0,,,9.431883,,,,
241,1988,418097.0,150.0,7700000.0,14560.0,1.17,12.0,30.0,0,1,0,1,14.0,2.8,0.15700372,5.0106354,15.85673,2.4849067,1.3350011,0.5128236,0,-0.35581988,1,0.6286087,0.24946022,9.586033,0.15415001,0.0,2.4875,1.0630674
242,1989,418097.0,120.0,5643000.0,16640.0,1.42,10.0,0.0,0,0,1,0,0.0,0.0,0.35065684,4.787492,15.545926,2.3025851,0.0,0.15700372,1,0.19365312,-1,-0.22314358,-0.31080437,9.719564,0.13353157,1.0,-2.8,-1.3350011
243,1987,418098.0,15.0,,9360.0,,,0.0,0,0,0,0,0.0,0.0,,2.7080503,,,0.0,,0,,0,,,9.1442,,,,
244,1988,418098.0,18.0,,10400.0,,,40.0,0,1,0,1,18.0,40.0,,2.8903718,,,3.713572,,0,,1,0.18232155,,9.249561,0.105360985,0.0,40.0,3.713572
245,1989,418098.0,22.0,,13520.0,,,80.0,0,0,1,0,3.0,10.909091,,3.0910425,,,2.477302,,1,,-1,0.20067072,,9.511926,0.2623644,1.0,-29.090908,-1.23627
246,1987,418107.0,10.0,307501.0,8500.0,0.98,,10.0,0,0,0,0,10.0,10.0,-0.020202687,2.3025851,12.636233,,2.3978953,,0,,0,,,9.047821,,,,
247,1988,418107.0,25.0,1961818.0,9000.0,0.51,,83.0,0,1,0,1,25.0,83.0,-0.67334455,3.218876,14.489382,,4.4308167,-0.020202687,0,-0.65314186,1,0.91629076,1.8531485,9.1049795,0.05715847,0.0,73.0,2.0329213
248,1989,418107.0,34.0,2650786.0,9400.0,0.45,,15.0,0,0,1,0,30.0,13.235294,-0.79850775,3.5263605,14.790367,,2.6557243,-0.67334455,1,-0.1251632,-1,0.30748463,0.30098534,9.148465,0.04348564,1.0,-69.76471,-1.7750924
249,1987,418109.0,6.0,600000.0,16640.0,,,200.0,0,0,0,0,3.0,100.0,,1.7917595,13.304685,,4.6151204,,0,,0,,,9.719564,,,,
250,1988,418109.0,12.0,820000.0,18304.0,,,290.0,0,1,0,1,5.0,120.833336,,2.4849067,13.61706,,4.802654,,0,,1,0.6931472,0.31237507,9.814875,0.09531021,0.0,20.833336,0.18753338
251,1989,418109.0,14.0,1200000.0,19552.0,,,320.0,0,0,1,0,4.0,91.42857,,2.6390574,13.997832,,4.5264363,,1,,-1,0.15415072,0.3807726,9.880833,0.06595802,1.0,-29.404762,-0.27621746
252,1987,418118.0,16.0,1608573.0,35000.0,1.0,10.0,5.0,0,0,0,0,10.0,3.125,0.0,2.7725887,14.290858,2.3025851,1.417066,,0,,0,,,10.463103,,,,
253,1988,418118.0,16.0,1342236.0,38000.0,0.5,5.0,25.0,0,1,0,1,16.0,25.0,-0.6931472,2.7725887,14.109847,1.609438,3.2580965,0.0,0,-0.6931472,1,0.0,-0.1810112,10.5453415,0.0822382,0.0,21.875,1.8410305
254,1989,418118.0,16.0,1504283.0,41000.0,0.1,1.0,5.0,0,0,1,0,10.0,3.125,-2.3025851,2.7725887,14.223827,0.0,1.417066,-0.6931472,1,-1.609438,-1,0.0,0.11398029,10.621327,0.07598591,1.0,-21.875,-1.8410305
255,1987,418124.0,15.0,1600000.0,12000.0,,,0.0,0,0,0,0,0.0,0.0,,2.7080503,14.285514,,0.0,,0,,0,,,9.392662,,,,
256,1988,418124.0,20.0,1800000.0,13000.0,,,40.0,0,1,0,1,9.0,18.0,,2.9957323,14.403297,,2.944439,,0,,1,0.28768206,0.11778355,9.472705,0.08004284,0.0,18.0,2.944439
257,1989,418124.0,26.0,2000000.0,16000.0,,,8.0,0,0,1,0,6.0,1.8461539,,3.2580965,14.508657,,1.0459685,,1,,-1,0.26236415,0.10536003,9.680344,0.20763874,1.0,-16.153847,-1.8984704
258,1987,418125.0,72.0,10467040.0,17700.0,0.45,,10.0,0,0,0,0,67.0,9.305555,-0.79850775,4.276666,16.163742,,2.332683,,0,,0,,,9.78132,,,,
259,1988,418125.0,128.0,15440030.0,19350.0,0.61,,31.0,0,1,0,1,128.0,31.0,-0.4942963,4.8520303,16.552475,,3.465736,-0.79850775,0,0.30421144,1,0.5753641,0.3887329,9.870448,0.089128494,0.0,21.694445,1.1330528
260,1989,418125.0,168.0,22979550.0,23250.0,0.6,,14.0,0,0,1,0,108.0,9.0,-0.5108256,5.123964,16.950115,,2.3025851,-0.4942963,1,-0.016529262,-1,0.27193356,0.39764023,10.05406,0.18361187,1.0,-22.0,-1.1631508
261,1987,418126.0,60.0,5600000.0,23000.0,,,30.0,0,0,0,0,10.0,5.0,,4.0943446,15.538278,,1.7917595,,0,,0,,,10.043249,,,,
262,1988,418126.0,50.0,6200000.0,25000.0,,,48.0,0,1,0,1,50.0,48.0,,3.912023,15.640059,,3.8918202,,0,,1,-0.18232155,0.101781845,10.126631,0.08338165,0.0,43.0,2.1000607
263,1989,418126.0,48.0,6300000.0,27000.0,,,30.0,0,0,1,0,6.0,3.75,,3.871201,15.65606,,1.5581446,,1,,-1,-0.04082203,0.016000748,10.203592,0.07696152,1.0,-44.25,-2.3336756
264,1987,418140.0,17.0,,,8.0,,0.0,0,0,0,0,0.0,0.0,2.0794415,2.8332133,,,0.0,,0,,0,,,,,,,
265,1988,418140.0,23.0,,,4.0,,80.0,0,1,0,1,23.0,80.0,1.3862944,3.1354942,,,4.394449,2.0794415,0,-0.6931472,1,0.3022809,,,,0.0,80.0,4.394449
266,1989,418140.0,20.0,,,2.5,,40.0,0,0,1,0,6.0,12.0,0.91629076,2.9957323,,,2.5649493,1.3862944,1,-0.4700036,-1,-0.13976192,,,,1.0,-68.0,-1.8295
267,1987,418147.0,15.0,726833.0,9048.0,,,0.0,0,0,0,0,0.0,0.0,,2.7080503,13.496452,,0.0,,0,,0,,,9.110299,,,,
268,1988,418147.0,80.0,4005963.0,10088.0,,,40.0,0,0,0,1,40.0,20.0,,4.3820267,15.203295,,3.0445225,,0,,0,1.6739764,1.7068424,9.219102,0.108802795,0.0,20.0,3.0445225
269,1989,418147.0,30.0,2089704.0,10504.0,,,0.0,0,0,1,0,0.0,0.0,,3.4011974,14.552533,,0.0,,0,,0,-0.98082924,-0.6507616,9.259511,0.040409088,0.0,-20.0,-3.0445225
270,1987,418163.0,72.0,7742994.0,18305.0,9.0,,0.0,1,0,0,0,0.0,0.0,2.1972246,4.276666,15.862299,,0.0,,0,,0,,,9.81493,,,,
271,1988,418163.0,70.0,8273868.0,19828.0,7.0,,40.0,1,1,0,1,70.0,40.0,1.9459101,4.248495,15.928613,,3.713572,2.1972246,0,-0.25131452,1,-0.028171062,0.06631374,9.894851,0.07992077,0.0,40.0,3.713572
272,1989,418163.0,68.0,8329656.0,17893.0,6.5,,0.0,1,0,1,0,0.0,0.0,1.8718022,4.2195077,15.935332,,0.0,1.9459101,1,-0.074107885,-1,-0.028987408,0.0067195892,9.792165,-0.10268593,1.0,-40.0,-3.713572
273,1987,418168.0,7.0,5449674.0,,0.01,,40.0,0,0,0,0,7.0,40.0,-4.6051702,1.9459101,15.511066,,3.713572,,0,,0,,,,,,,
274,1988,418168.0,7.0,6131102.0,,0.11,,40.0,0,0,0,1,7.0,40.0,-2.207275,1.9459101,15.628885,,3.713572,-4.6051702,0,2.3978953,0,0.0,0.11781883,,,0.0,0.0,0.0
275,1989,418168.0,8.0,7332464.0,,0.2,,0.0,0,0,1,0,0.0,0.0,-1.609438,2.0794415,15.807822,,0.0,-2.207275,0,0.597837,0,0.13353145,0.17893696,,,0.0,-40.0,-3.713572
276,1987,418177.0,120.0,10000000.0,28080.0,18.0,3.0,20.0,1,0,0,0,0.0,0.0,2.8903718,4.787492,16.118095,1.0986123,0.0,,0,,0,,,10.242813,,,,
277,1988,418177.0,120.0,12000000.0,28080.0,19.0,3.0,26.0,1,1,0,1,120.0,26.0,2.944439,4.787492,16.300417,1.0986123,3.295837,2.8903718,0,0.054067135,1,0.0,0.18232155,10.242813,0.0,0.0,26.0,3.295837
278,1989,418177.0,120.0,11000000.0,28080.0,18.0,3.0,14.0,1,0,1,0,120.0,14.0,2.8903718,4.787492,16.213406,1.0986123,2.7080503,2.944439,1,-0.054067135,-1,0.0,-0.08701134,10.242813,0.0,1.0,-12.0,-0.5877867
279,1987,418183.0,21.0,,14800.0,,2.4,,0,0,0,0,21.0,,,3.0445225,,0.8754688,,,0,,0,,,9.602383,,,,
280,1988,418183.0,25.0,1800000.0,15100.0,,2.79,,0,0,0,1,25.0,,,3.218876,14.403297,1.0260416,,,0,,0,0.17435336,,9.62245,0.020067215,0.0,,
281,1989,418183.0,30.0,2100000.0,16500.0,,2.0,,0,0,1,0,30.0,,,3.4011974,14.557447,0.6931472,,,0,,0,0.18232155,0.15415001,9.711116,0.08866596,0.0,,
282,1987,418185.0,31.0,2000000.0,30000.0,,,,0,0,0,0,31.0,,,3.4339871,14.508657,,,,0,,0,,,10.308952,,,,
283,1988,418185.0,47.0,2200000.0,30000.0,,,,0,0,0,1,47.0,,,3.8501475,14.603968,,,,0,,0,0.41616035,0.09531021,10.308952,0.0,0.0,,
284,1989,418185.0,32.0,1800000.0,30000.0,,,,0,0,1,0,32.0,,,3.465736,14.403297,,,,0,,0,-0.38441157,-0.20067024,10.308952,0.0,0.0,,
285,1987,418213.0,25.0,1400000.0,14000.0,,,10.0,0,0,0,0,3.0,1.2,,3.218876,14.151983,,0.7884574,,0,,0,,,9.546813,,,,
286,1988,418213.0,30.0,1680000.0,16000.0,,,,0,1,0,1,17.0,,,3.4011974,14.334305,,,,0,,1,0.18232155,0.18232155,9.680344,0.13353062,0.0,,
287,1989,418213.0,39.0,2806000.0,17000.0,,,12.0,0,0,1,0,4.0,1.2307693,,3.6635616,14.847271,,0.80234647,,1,,-1,0.26236415,0.51296616,9.740969,0.060625076,1.0,,
288,1987,418220.0,19.0,580000.0,8840.0,,,0.0,0,0,0,0,0.0,0.0,,2.944439,13.270783,,0.0,,0,,0,,,9.087042,,,,
289,1988,418220.0,21.0,660000.0,9360.0,,,39.0,0,1,0,1,21.0,39.0,,3.0445225,13.399995,,3.6888795,,0,,1,0.10008359,0.12921143,9.1442,0.05715847,0.0,39.0,3.6888795
290,1989,418220.0,30.0,984000.0,10720.0,,,0.0,0,0,1,0,0.0,0.0,,3.4011974,13.799381,,0.0,,1,,-1,0.3566749,0.3993864,9.279866,0.1356659,1.0,-39.0,-3.6888795
291,1987,418225.0,15.0,1300000.0,13000.0,,,0.0,1,0,0,0,0.0,0.0,,2.7080503,14.077875,,0.0,,0,,0,,,9.472705,,,,
292,1988,418225.0,18.0,1600000.0,14040.0,,,10.0,1,1,0,1,18.0,10.0,,2.8903718,14.285514,,2.3978953,,0,,1,0.18232155,0.20763874,9.549665,0.07696056,0.0,10.0,2.3978953
293,1989,418225.0,28.0,2300000.0,15080.0,,,0.0,1,0,1,0,0.0,0.0,,3.3322046,14.648419,,0.0,,1,,-1,0.44183278,0.3629055,9.621124,0.07145882,1.0,-10.0,-2.3978953
294,1987,418229.0,6.0,490000.0,14560.0,,,0.0,0,0,0,0,4.0,0.0,,1.7917595,13.10216,,0.0,,0,,0,,,9.586033,,,,
295,1988,418229.0,7.0,580000.0,15600.0,,,0.0,0,0,0,1,6.0,0.0,,1.9459101,13.270783,,0.0,,0,,0,0.1541506,0.16862297,9.655026,0.06899357,0.0,0.0,0.0
296,1989,418229.0,8.0,660000.0,16640.0,,,0.0,0,0,1,0,4.0,0.0,,2.0794415,13.399995,,0.0,,0,,0,0.13353145,0.12921143,9.719564,0.064538,0.0,0.0,0.0
297,1987,418237.0,28.0,4568907.0,19042.0,0.28,,0.0,1,0,0,0,0.0,0.0,-1.2729657,3.3322046,15.3347845,,0.0,,0,,0,,,9.854403,,,,
298,1988,418237.0,28.0,4904008.0,19845.0,0.2,,12.0,1,1,0,1,14.0,6.0,-1.609438,3.3322046,15.405563,,1.9459101,-1.2729657,0,-0.33647227,1,0.0,0.07077885,9.895707,0.04130459,0.0,6.0,1.9459101
299,1989,418237.0,29.0,5884603.0,20426.0,0.19,,10.0,1,0,1,0,4.0,1.3793104,-1.6607312,3.3672957,15.58785,,0.8668107,-1.609438,1,-0.051293254,-1,0.03509116,0.18228626,9.924563,0.028856277,1.0,-4.6206894,-1.0790994
300,1987,418239.0,80.0,6900000.0,13728.0,,0.22,20.0,0,0,0,0,20.0,5.0,,4.3820267,15.747032,-1.5141277,1.7917595,,0,,0,,,9.527193,,,,
301,1988,418239.0,65.0,8400000.0,14664.0,,0.24,20.0,0,0,0,1,25.0,7.6923075,,4.1743875,15.943742,-1.4271164,2.1624384,,0,,0,-0.20763922,0.19670963,9.593151,0.06595802,0.0,2.6923075,0.3706789
302,1989,418239.0,75.0,7100000.0,15600.0,,0.42,20.0,0,0,1,0,30.0,8.0,,4.317488,15.775605,-0.8675006,2.1972246,,0,,0,0.14310074,-0.1681366,9.655026,0.061875343,0.0,0.30769253,0.034786224
303,1987,418243.0,12.0,,15000.0,,,0.0,0,0,0,0,0.0,0.0,,2.4849067,,,0.0,,0,,0,,,9.615806,,,,
304,1988,418243.0,14.0,,15000.0,,,0.0,0,0,0,1,0.0,0.0,,2.6390574,,,0.0,,0,,0,0.15415072,,9.615806,0.0,0.0,0.0,0.0
305,1989,418243.0,15.0,,16000.0,,,0.0,0,0,1,0,0.0,0.0,,2.7080503,,,0.0,,0,,0,0.06899285,,9.680344,0.064538,0.0,0.0,0.0
306,1987,418245.0,25.0,3000000.0,20000.0,,,0.0,0,0,0,0,0.0,0.0,,3.218876,14.914123,,0.0,,0,,0,,,9.903487,,,,
307,1988,418245.0,30.0,4000000.0,25000.0,,,0.0,0,0,0,1,0.0,0.0,,3.4011974,15.201805,,0.0,,0,,0,0.18232155,0.28768253,10.126631,0.22314358,0.0,0.0,0.0
308,1989,418245.0,40.0,6000000.0,30000.0,,,0.0,0,0,1,0,0.0,0.0,,3.6888795,15.60727,,0.0,,0,,0,0.28768206,0.40546513,10.308952,0.18232155,0.0,0.0,0.0
309,1987,419198.0,17.0,1083644.0,24000.0,7.0,10.0,56.0,0,0,0,0,6.0,19.764706,1.9459101,2.8332133,13.89584,2.3025851,3.0332546,,0,,0,,,10.085809,,,,
310,1988,419198.0,13.0,851605.0,24000.0,5.0,8.0,88.0,0,1,0,1,13.0,88.0,1.609438,2.5649493,13.654878,2.0794415,4.4886365,1.9459101,0,-0.33647215,1,-0.26826406,-0.24096203,10.085809,0.0,0.0,68.23529,1.4553819
311,1989,419198.0,9.0,885852.0,16000.0,4.0,7.5,56.0,0,0,1,0,1.0,6.2222223,1.3862944,2.1972246,13.694305,2.014903,1.9771627,1.609438,1,-0.22314358,-1,-0.36772466,0.039427757,9.680344,-0.40546513,1.0,-81.77778,-2.5114737
312,1987,419201.0,20.0,3499895.0,14560.0,2.0,,0.0,0,0,0,0,0.0,0.0,0.6931472,2.9957323,15.068244,,0.0,,0,,0,,,9.586033,,,,
313,1988,419201.0,17.0,4008997.0,16848.0,2.0,,24.0,0,0,0,1,6.0,8.470589,0.6931472,2.8332133,15.204052,,2.248191,0.6931472,0,0.0,0,-0.16251898,0.13580799,9.731987,0.14595413,0.0,8.470589,2.248191
314,1989,419201.0,13.0,3379103.0,18720.0,2.0,,0.0,0,0,1,0,0.0,0.0,0.6931472,2.5649493,15.033121,,0.0,0.6931472,0,0.0,0,-0.26826406,-0.17093086,9.837348,0.105360985,0.0,-8.470589,-2.248191
315,1987,419242.0,70.0,6400000.0,16141.0,3.97,,6.0,1,0,0,0,60.0,5.142857,1.3787661,4.248495,15.671808,,1.81529,,0,,0,,,9.689117,,,,
316,1988,419242.0,65.0,6800000.0,16578.0,3.83,,36.0,1,1,0,1,65.0,36.0,1.3428648,4.1743875,15.732433,,3.6109178,1.3787661,0,-0.035901308,1,-0.07410765,0.060625076,9.715832,0.026714325,0.0,30.857143,1.7956278
317,1989,419242.0,30.0,2100000.0,16952.0,5.7,,4.0,1,0,1,0,30.0,4.0,1.7404661,3.4011974,14.557447,,1.609438,1.3428648,1,0.39760137,-1,-0.77319,-1.1749859,9.738141,0.022309303,1.0,-32.0,-2.0014799
318,1987,419268.0,6.0,564694.0,22866.0,1.39,1.39,0.0,0,0,0,0,0.0,0.0,0.32930374,1.7917595,13.24404,0.32930374,0.0,,0,,0,,,10.037406,,,,
319,1988,419268.0,6.0,620439.0,22995.0,1.16,1.16,0.0,0,0,0,1,0.0,0.0,0.14841998,1.7917595,13.338182,0.14841998,0.0,0.32930374,0,-0.18088377,0,0.0,0.094142914,10.043032,0.005625725,0.0,0.0,0.0
320,1989,419268.0,6.0,783261.0,29114.0,0.9,0.9,32.0,0,1,1,0,6.0,32.0,-0.105360545,1.7917595,13.571221,-0.105360545,3.4965076,0.14841998,0,-0.2537805,1,0.0,0.2330389,10.278975,0.23594284,0.0,32.0,3.4965076
321,1987,419272.0,35.0,4200000.0,31000.0,20.5,3.03,60.0,0,0,0,0,6.0,10.285714,3.0204248,3.5553482,15.250595,1.1085626,2.4235377,,0,,0,,,10.3417425,,,,
322,1988,419272.0,40.0,4800000.0,33000.0,24.0,4.17,10.0,0,0,0,1,8.0,2.0,3.1780539,3.6888795,15.384127,1.427916,1.0986123,3.0204248,0,0.15762901,0,0.13353133,0.13353157,10.404263,0.06252003,0.0,-8.285714,-1.3249254
323,1989,419272.0,43.0,5200000.0,34800.0,17.0,1.88,80.0,0,1,1,0,43.0,80.0,2.8332133,3.7612002,15.4641695,0.6312718,4.394449,3.1780539,0,-0.34484053,1,0.0723207,0.08004284,10.457373,0.053110123,0.0,78.0,3.295837
324,1987,419275.0,15.0,930000.0,30000.0,,,100.0,0,0,0,0,4.0,26.666666,,2.7080503,13.74294,,3.3202283,,0,,0,,,10.308952,,,,
325,1988,419275.0,18.0,980000.0,33000.0,,,100.0,0,0,0,1,5.0,27.777779,,2.8903718,13.795308,,3.3596034,,0,,0,0.18232155,0.052368164,10.404263,0.09531021,0.0,1.1111126,0.039375067
326,1989,419275.0,21.0,1500000.0,35000.0,,,150.0,0,1,1,0,10.0,71.42857,,3.0445225,14.220976,,4.282601,,0,,1,0.15415072,0.42566776,10.463103,0.05884075,0.0,43.650795,0.9229975
327,1987,419276.0,12.0,1200000.0,28000.0,,,,0,0,0,0,12.0,,,2.4849067,13.997832,,,,0,,0,,,10.23996,,,,
328,1988,419276.0,10.0,1300000.0,30000.0,,,,0,0,0,1,10.0,,,2.3025851,14.077875,,,,0,,0,-0.18232155,0.08004284,10.308952,0.068992615,0.0,,
329,1989,419276.0,8.0,1100000.0,30000.0,,,,0,0,1,0,8.0,,,2.0794415,13.910821,,,,0,,0,-0.22314358,-0.16705418,10.308952,0.0,0.0,,
330,1987,419289.0,13.0,1200000.0,18720.0,1.5,,0.0,0,0,0,0,0.0,0.0,0.4054651,2.5649493,13.997832,,0.0,,0,,0,,,9.837348,,,,
331,1988,419289.0,14.0,1350000.0,20800.0,1.41,,0.0,0,0,0,1,0.0,0.0,0.3435897,2.6390574,14.115615,,0.0,0.4054651,0,-0.061875403,0,0.074108124,0.11778259,9.942708,0.10536003,0.0,0.0,0.0
332,1989,419289.0,15.0,1480000.0,29120.0,0.95,,72.0,0,1,1,0,15.0,72.0,-0.051293306,2.7080503,14.207553,,4.2904596,0.3435897,0,-0.394883,1,0.06899285,0.09193802,10.279181,0.3364725,0.0,72.0,4.2904596
333,1987,419297.0,150.0,22706650.0,22006.0,0.2,0.4,50.0,1,0,0,0,100.0,33.333332,-1.609438,5.0106354,16.938168,-0.9162907,3.5361166,,0,,0,,,9.99907,,,,
334,1988,419297.0,178.0,30766010.0,22027.0,0.31,0.32,40.0,1,0,0,1,60.0,13.483146,-1.171183,5.1817837,17.24192,-1.1394343,2.6729856,-1.609438,0,0.43825495,0,0.1711483,0.3037529,10.000024,0.0009536743,0.0,-19.850185,-0.86313105
335,1989,419297.0,171.0,28427980.0,24107.0,0.27,0.48,20.0,1,0,1,0,40.0,4.6783624,-1.3093333,5.1416636,17.162884,-0.7339692,1.7366629,-1.171183,0,-0.13815033,0,-0.040120125,-0.07903671,10.090258,0.0902338,0.0,-8.804783,-0.9363227
336,1987,419298.0,80.0,10000000.0,33280.0,,,0.0,1,0,0,0,0.0,0.0,,4.3820267,16.118095,,0.0,,0,,0,,,10.412712,,,,
337,1988,419298.0,70.0,9000000.0,32240.0,,,0.0,1,0,0,1,0.0,0.0,,4.248495,16.012735,,0.0,,0,,0,-0.13353157,-0.10536003,10.380963,-0.03174877,0.0,0.0,0.0
338,1989,419298.0,65.0,9500000.0,30784.0,,,40.0,1,1,1,0,60.0,36.923077,,4.1743875,16.066803,,3.6355598,,0,,1,-0.07410765,0.05406761,10.33475,-0.04621315,0.0,36.923077,3.6355598
339,1987,419302.0,333.0,,22360.0,,,0.0,0,0,0,0,0.0,0.0,,5.8081427,,,0.0,,0,,0,,,10.015029,,,,
340,1988,419302.0,340.0,,22360.0,,,8.0,0,0,0,1,24.0,0.5647059,,5.8289456,,,0.44769788,,0,,0,0.020802975,,10.015029,0.0,0.0,0.5647059,0.44769788
341,1989,419302.0,337.0,,22526.0,,,12.0,0,1,1,0,337.0,12.0,,5.820083,,,2.5649493,,0,,1,-0.008862495,,10.022426,0.007396698,0.0,11.435294,2.1172514
342,1987,419303.0,6.0,875000.0,13500.0,,1.5,0.0,0,0,0,0,0.0,0.0,,1.7917595,13.681979,0.4054651,0.0,,0,,0,,,9.510445,,,,
343,1988,419303.0,8.0,15850000.0,14100.0,,1.0,20.0,0,0,0,1,2.0,5.0,,2.0794415,16.57868,0.0,1.7917595,,0,,0,0.28768206,2.8967009,9.55393,0.04348564,0.0,5.0,1.7917595
344,1989,419303.0,11.0,2250000.0,15050.0,,1.25,75.0,0,1,1,0,11.0,75.0,,2.3978953,14.626441,0.22314355,4.3307333,,0,,1,0.3184538,-1.952239,9.619133,0.06520271,0.0,70.0,2.5389738
345,1987,419305.0,5.0,,,,,0.0,1,0,0,0,0.0,0.0,,1.609438,,,0.0,,0,,0,,,,,,,
346,1988,419305.0,5.0,,,,,0.0,1,0,0,1,0.0,0.0,,1.609438,,,0.0,,0,,0,0.0,,,,0.0,0.0,0.0
347,1989,419305.0,5.0,,,,,9.0,1,1,1,0,5.0,9.0,,1.609438,,,2.3025851,,0,,1,0.0,,,,0.0,9.0,2.3025851
348,1987,419307.0,262.0,18050000.0,22360.0,1.0,1.09,0.0,0,0,0,0,4.0,0.0,0.0,5.5683446,16.708656,0.08617773,0.0,,0,,0,,,10.015029,,,,
349,1988,419307.0,264.0,19270000.0,23026.0,0.85,1.07,24.0,0,0,0,1,3.0,0.27272728,-0.1625189,5.575949,16.77406,0.0676587,0.24116206,0.0,0,-0.1625189,0,0.007604599,0.065402985,10.044379,0.02935028,0.0,0.27272728,0.24116206
350,1989,419307.0,302.0,22220000.0,21736.0,0.89,1.07,44.0,0,1,1,0,302.0,44.0,-0.11653383,5.710427,16.916504,0.0676587,3.8066626,-0.1625189,0,0.045985073,1,0.13447762,0.14244461,9.986725,-0.05765438,0.0,43.727272,3.5655005
351,1987,419309.0,6.0,600000.0,24960.0,,0.33,15.0,0,0,0,0,6.0,15.0,,1.7917595,13.304685,-1.1086626,2.7725887,,0,,0,,,10.12503,,,,
352,1988,419309.0,9.0,750000.0,28080.0,,0.4,20.0,0,0,0,1,9.0,20.0,,2.1972246,13.527828,-0.9162907,3.0445225,,0,,0,0.40546513,0.22314358,10.242813,0.11778355,0.0,5.0,0.2719338
353,1989,419309.0,12.0,1000000.0,30160.0,,0.4,55.0,0,1,1,0,12.0,55.0,,2.4849067,13.815511,-0.9162907,4.0253515,,0,,1,0.28768206,0.28768253,10.314272,0.07145882,0.0,35.0,0.980829
354,1987,419312.0,60.0,5845000.0,21133.0,,,,0,0,0,0,60.0,,,4.0943446,15.581098,,,,0,,0,,,9.958591,,,,
355,1988,419312.0,71.0,6927000.0,20904.0,,,,0,0,0,1,71.0,,,4.26268,15.750937,,,,0,,0,0.16833544,0.16983986,9.947696,-0.010895729,0.0,,
356,1989,419312.0,97.0,11012000.0,21445.0,,,,0,0,1,0,97.0,,,4.574711,16.214497,,,,0,,0,0.3120308,0.46355915,9.973247,0.025550842,0.0,,
357,1987,419319.0,60.0,,,,,40.0,0,0,0,0,60.0,40.0,,4.0943446,,,3.713572,,0,,0,,,,,,,
358,1988,419319.0,69.0,,,,,50.0,0,0,0,1,69.0,50.0,,4.2341065,,,3.9318256,,0,,0,0.13976192,,,,0.0,10.0,0.21825361
359,1989,419319.0,78.0,,,,,50.0,0,0,1,0,78.0,50.0,,4.356709,,,3.9318256,,0,,0,0.12260246,,,,0.0,0.0,0.0
360,1987,419328.0,27.0,2700000.0,,,,0.0,1,0,0,0,0.0,0.0,,3.295837,14.808763,,0.0,,0,,0,,,,,,,
361,1988,419328.0,27.0,2800000.0,,,,0.0,1,0,0,1,0.0,0.0,,3.295837,14.84513,,0.0,,0,,0,0.0,0.036367416,,,0.0,0.0,0.0
362,1989,419328.0,27.0,2800000.0,,,,12.0,1,1,1,0,27.0,12.0,,3.295837,14.84513,,2.5649493,,0,,1,0.0,0.0,,,0.0,12.0,2.5649493
363,1987,419335.0,57.0,8486927.0,40563.0,,,0.0,0,0,0,0,0.0,0.0,,4.0430512,15.954038,,0.0,,0,,0,,,10.610612,,,,
364,1988,419335.0,53.0,4327519.0,37429.0,,,40.0,0,0,0,1,10.0,7.5471697,,3.9702919,15.280505,,2.1456,,0,,0,-0.07275939,-0.6735325,10.530201,-0.08041096,0.0,7.5471697,2.1456
365,1989,419335.0,62.0,8533205.0,42583.0,,,40.0,0,0,1,0,5.0,3.2258065,,4.1271343,15.9594755,,1.4412102,,0,,0,0.15684247,0.67897034,10.65921,0.12900925,0.0,-4.3213634,-0.7043899
366,1987,419339.0,40.0,8000000.0,15000.0,0.5,0.3,0.0,1,0,0,0,0.0,0.0,-0.6931472,3.6888795,15.894952,-1.2039728,0.0,,0,,0,,,9.615806,,,,
367,1988,419339.0,40.0,8500000.0,15500.0,0.59,0.34,0.0,1,0,0,1,0.0,0.0,-0.5276328,3.6888795,15.955577,-1.0788096,0.0,-0.6931472,0,0.16551441,0,0.0,0.060625076,9.648595,0.03278923,0.0,0.0,0.0
368,1989,419339.0,60.0,10000000.0,17000.0,0.45,0.22,0.0,1,0,1,0,0.0,0.0,-0.79850775,4.0943446,16.118095,-1.5141277,0.0,-0.5276328,0,-0.27087498,0,0.40546513,0.1625185,9.740969,0.09237385,0.0,0.0,0.0
369,1987,419343.0,100.0,10000000.0,15000.0,5.0,7.0,70.0,1,0,0,0,5.0,3.5,1.609438,4.6051702,16.118095,1.9459101,1.5040774,,0,,0,,,9.615806,,,,
370,1988,419343.0,125.0,12000000.0,16000.0,4.0,8.0,25.0,1,0,0,1,21.0,4.2,1.3862944,4.828314,16.300417,2.0794415,1.6486586,1.609438,0,-0.22314358,0,0.22314358,0.18232155,9.680344,0.064538,0.0,0.6999998,0.1445812
371,1989,419343.0,290.0,48000000.0,18700.0,3.0,10.0,17.0,1,1,1,0,290.0,17.0,1.0986123,5.669881,17.686712,2.3025851,2.8903718,1.3862944,0,-0.28768206,1,0.84156704,1.3862953,9.836279,0.15593529,0.0,12.8,1.2417132
372,1987,419344.0,,,,,,0.0,0,0,0,0,0.0,,,,,,,,0,,0,,,,,,,
373,1988,419344.0,,,,,,0.0,0,0,0,1,0.0,,,,,,,,0,,0,,,,,0.0,,
374,1989,419344.0,9.0,1000000.0,17000.0,,,0.0,0,0,1,0,0.0,0.0,,2.1972246,13.815511,,0.0,,0,,0,,,9.740969,,0.0,,
375,1987,419347.0,,,,,,0.0,0,0,0,0,20.0,,,,,,,,0,,0,,,,,,,
376,1988,419347.0,,,,,,8.0,0,0,0,1,25.0,,,,,,,,0,,0,,,,,0.0,,
377,1989,419347.0,,,,,,13.0,0,1,1,0,81.0,,,,,,,,0,,1,,,,,0.0,,
378,1987,419351.0,12.0,,18000.0,,,0.0,0,0,0,0,0.0,0.0,,2.4849067,,,0.0,,0,,0,,,9.798127,,,,
379,1988,419351.0,14.0,,18000.0,,,15.0,0,0,0,1,0.0,0.0,,2.6390574,,,0.0,,0,,0,0.15415072,,9.798127,0.0,0.0,0.0,0.0
380,1989,419351.0,14.0,,19000.0,,,25.0,0,1,1,0,14.0,25.0,,2.6390574,,,3.2580965,,0,,1,0.0,,9.852194,0.054066658,0.0,25.0,3.2580965
381,1987,419357.0,60.0,6870314.0,12750.0,2.0,2.0,50.0,0,0,0,0,60.0,50.0,0.6931472,4.0943446,15.742721,0.6931472,3.9318256,,0,,0,,,9.453286,,,,
382,1988,419357.0,65.0,7079852.0,11875.0,1.0,1.0,75.0,0,0,0,1,65.0,75.0,0.0,4.1743875,15.772763,0.0,4.3307333,0.6931472,0,-0.6931472,0,0.08004284,0.030042648,9.382191,-0.07109547,0.0,25.0,0.39890766
383,1989,419357.0,75.0,8040128.0,12625.0,0.5,0.5,120.0,0,1,1,0,75.0,120.0,-0.6931472,4.317488,15.899956,-0.6931472,4.7957907,0.0,0,-0.6931472,1,0.14310074,0.1271925,9.443435,0.06124401,0.0,45.0,0.46505737
384,1987,419375.0,,2900000.0,,,,0.0,0,0,0,0,0.0,,,,14.880221,,,,0,,0,,,,,,,
385,1988,419375.0,,2500000.0,,,,25.0,0,0,0,1,10.0,,,,14.731801,,,,0,,0,,-0.14842033,,,0.0,,
386,1989,419375.0,,3100000.0,,,,140.0,0,1,1,0,8.0,,,,14.946913,,,,0,,1,,0.21511173,,,0.0,,
387,1987,419376.0,32.0,6000000.0,15250.0,,,2.0,1,0,0,0,5.0,0.3125,,3.465736,15.60727,,0.2719337,,0,,0,,,9.632335,,,,
388,1988,419376.0,36.0,6100000.0,16290.0,,,4.0,1,0,0,1,10.0,1.1111112,,3.583519,15.623799,,0.74721444,,0,,0,0.11778307,0.016529083,9.698307,0.06597233,0.0,0.79861116,0.47528073
389,1989,419376.0,40.0,6300000.0,17370.0,,,38.0,1,1,1,0,40.0,38.0,,3.6888795,15.65606,,3.6635616,,0,,1,0.10536051,0.032260895,9.7625,0.06419277,0.0,36.88889,2.916347
390,1987,419378.0,20.0,2700000.0,10920.0,2.71,,50.0,0,0,0,0,5.0,12.5,0.99694866,2.9957323,14.808763,,2.6026897,,0,,0,,,9.298351,,,,
391,1988,419378.0,22.0,3100000.0,11856.0,1.52,,75.0,0,0,0,1,12.0,40.909092,0.41871032,3.0910425,14.946913,,3.7355027,0.99694866,0,-0.57823837,0,0.09531021,0.13815022,9.3805895,0.0822382,0.0,28.409092,1.132813
392,1989,419378.0,37.0,4700000.0,13520.0,1.34,,154.0,0,1,1,0,37.0,154.0,0.29266962,3.6109178,15.363073,,5.043425,0.41871032,0,-0.1260407,1,0.5198753,0.41616058,9.511926,0.13133621,0.0,113.09091,1.3079224
393,1987,419379.0,201.0,,23167.0,,,0.0,0,0,0,0,0.0,0.0,,5.3033047,,,0.0,,0,,0,,,10.050484,,,,
394,1988,419379.0,201.0,,25929.0,,,0.0,0,0,0,1,0.0,0.0,,5.3033047,,,0.0,,0,,0,0.0,,10.163117,0.112633705,0.0,0.0,0.0
395,1989,419379.0,237.0,,24965.0,,,24.0,0,1,1,0,70.0,7.088608,,5.46806,,,2.0904567,,0,,1,0.16475534,,10.12523,-0.037887573,0.0,7.088608,2.0904567
396,1987,419380.0,45.0,10000000.0,,,,0.0,0,0,0,0,0.0,0.0,,3.8066626,16.118095,,0.0,,0,,0,,,,,,,
397,1988,419380.0,50.0,10000000.0,,,,0.0,0,0,0,1,0.0,0.0,,3.912023,16.118095,,0.0,,0,,0,0.10536051,0.0,,,0.0,0.0,0.0
398,1989,419380.0,55.0,12000000.0,,,,10.0,0,0,1,0,55.0,10.0,,4.0073333,16.300417,,2.3978953,,0,,0,0.09531021,0.18232155,,,0.0,10.0,2.3978953
399,1987,419381.0,14.0,1585000.0,14560.0,0.65,,60.0,0,0,0,0,1.0,4.285714,-0.43078294,2.6390574,14.276095,,1.6650077,,0,,0,,,9.586033,,,,
400,1988,419381.0,11.0,1560000.0,19240.0,0.55,,0.0,0,0,0,1,0.0,0.0,-0.597837,2.3978953,14.260197,,0.0,-0.43078294,0,-0.16705403,0,-0.24116206,-0.015898705,9.864747,0.27871418,0.0,-4.285714,-1.6650077
401,1989,419381.0,12.0,1747000.0,20280.0,0.38,,50.0,0,1,1,0,12.0,50.0,-0.967584,2.4849067,14.37341,,3.9318256,-0.597837,0,-0.36974704,1,0.08701134,0.11321354,9.917391,0.052643776,0.0,50.0,3.9318256
402,1987,419384.0,50.0,,24960.0,,,0.0,0,0,0,0,0.0,0.0,,3.912023,,,0.0,,0,,0,,,10.12503,,,,
403,1988,419384.0,73.0,,26520.0,,,0.0,0,0,0,1,2.0,0.0,,4.2904596,,,0.0,,0,,0,0.37843657,,10.185655,0.060625076,0.0,0.0,0.0
404,1989,419384.0,83.0,,28080.0,,,110.0,0,1,1,0,30.0,39.759037,,4.4188404,,,3.7076776,,0,,1,0.12838078,,10.242813,0.05715847,0.0,39.759037,3.7076776
405,1987,419388.0,40.0,2400000.0,16307.0,11.0,9.0,2.0,0,0,0,0,10.0,0.5,2.3978953,3.6888795,14.690979,2.1972246,0.4054651,,0,,0,,,9.699349,,,,
406,1988,419388.0,36.0,2300000.0,16827.0,8.0,7.0,4.0,0,0,0,1,15.0,1.6666666,2.0794415,3.583519,14.648419,1.9459101,0.98082924,2.3978953,0,-0.3184538,0,-0.10536051,-0.042559624,9.73074,0.03139019,0.0,1.1666666,0.5753641
407,1989,419388.0,33.0,2700000.0,17347.0,6.0,3.0,18.0,0,1,1,0,33.0,18.0,1.7917595,3.4965076,14.808763,1.0986123,2.944439,2.0794415,0,-0.28768206,1,-0.08701134,0.16034317,9.761175,0.030435562,0.0,16.333334,1.9636097
408,1987,419392.0,15.0,,18000.0,,,,0,0,0,0,15.0,,,2.7080503,,,,,0,,0,,,9.798127,,,,
409,1988,419392.0,18.0,,19500.0,,,,0,0,0,1,18.0,,,2.8903718,,,,,0,,0,0.18232155,,9.87817,0.08004284,0.0,,
410,1989,419392.0,21.0,,20900.0,,,,0,0,1,0,21.0,,,3.0445225,,,,,0,,0,0.15415072,,9.947504,0.06933403,0.0,,
411,1987,419400.0,6.0,373164.0,17680.0,,,170.0,0,0,0,0,2.0,56.666668,,1.7917595,12.829773,,4.0546794,,0,,0,,,9.7801895,,,,
412,1988,419400.0,8.0,422611.0,17680.0,,,170.0,0,0,0,1,4.0,85.0,,2.0794415,12.954207,,4.454347,,0,,0,0.28768206,0.12443447,9.7801895,0.0,0.0,28.333332,0.39966774
413,1989,419400.0,9.0,390210.0,17846.0,,,170.0,0,0,1,0,4.0,75.55556,,2.1972246,12.87444,,4.3380165,,0,,0,0.11778307,-0.07976723,9.789535,0.009345055,0.0,-9.444443,-0.11633062
414,1987,419401.0,62.0,5000000.0,29000.0,,,72.0,0,0,0,0,13.0,15.096774,,4.1271343,15.424949,,2.7786188,,0,,0,,,10.275051,,,,
415,1988,419401.0,74.0,6000000.0,34000.0,,,72.0,0,0,0,1,13.0,12.648648,,4.304065,15.60727,,2.6136405,,0,,0,0.1769309,0.18232155,10.434115,0.1590643,0.0,-2.4481258,-0.16497827
416,1989,419401.0,82.0,8000000.0,39000.0,,,72.0,0,0,1,0,13.0,11.414634,,4.406719,15.894952,,2.5188758,,0,,0,0.10265398,0.28768158,10.571317,0.13720131,0.0,-1.2340145,-0.09476471
417,1987,419406.0,,1842243.0,,,,,0,0,0,0,,,,,14.426495,,,,0,,0,,,,,,,
418,1988,419406.0,,2072633.0,,,,,0,0,0,1,,,,,14.544331,,,,0,,0,,0.117836,,,0.0,,
419,1989,419406.0,,2314928.0,,,,,0,0,1,0,,,,,14.654889,,,,0,,0,,0.11055851,,,0.0,,
420,1987,419409.0,75.0,8450000.0,13416.0,2.25,0.5,20.0,0,0,0,0,40.0,10.666667,0.8109302,4.317488,15.949677,-0.6931472,2.4567358,,0,,0,,,9.504203,,,,
421,1988,419409.0,72.0,10298000.0,15184.0,2.5,0.5,26.0,0,0,0,1,72.0,26.0,0.91629076,4.276666,16.14746,-0.6931472,3.295837,0.8109302,0,0.10536057,0,-0.04082203,0.19778347,9.627997,0.123794556,0.0,15.333333,0.8391011
422,1989,419409.0,75.0,10155000.0,17451.0,2.0,0.5,60.0,0,1,1,0,75.0,60.0,0.6931472,4.317488,16.133476,-0.6931472,4.1108737,0.91629076,0,-0.22314358,1,0.04082203,-0.01398468,9.767152,0.13915443,0.0,34.0,0.8150368
423,1987,419410.0,26.0,,26667.0,,14.0,100.0,0,0,0,0,6.0,23.076923,,3.2580965,,2.6390574,3.181254,,0,,0,,,10.191182,,,,
424,1988,419410.0,24.0,,24856.0,,10.0,100.0,0,0,0,1,8.0,33.333332,,3.1780539,,2.3025851,3.5361166,,0,,0,-0.0800426,,10.120854,-0.07032776,0.0,10.256409,0.3548627
425,1989,419410.0,23.0,,25280.0,,9.0,120.0,0,1,1,0,23.0,120.0,,3.1354942,,2.1972246,4.7957907,,0,,1,-0.042559624,,10.137769,0.016914368,0.0,86.66667,1.2596741
426,1987,419420.0,19.0,1980000.0,15600.0,,,0.0,0,0,0,0,0.0,0.0,,2.944439,14.498608,,0.0,,0,,0,,,9.655026,,,,
427,1988,419420.0,15.0,1600000.0,17160.0,,,0.0,0,0,0,1,0.0,0.0,,2.7080503,14.285514,,0.0,,0,,0,-0.23638868,-0.21309376,9.750337,0.09531021,0.0,0.0,0.0
428,1989,419420.0,12.0,1430000.0,18720.0,,,80.0,0,1,1,0,12.0,80.0,,2.4849067,14.173185,,4.394449,,0,,1,-0.22314358,-0.11232853,9.837348,0.08701134,0.0,80.0,4.394449
429,1987,419432.0,250.0,6000000.0,14352.0,5.0,3.0,,0,0,0,0,250.0,,1.609438,5.521461,15.60727,1.0986123,,,0,,0,,,9.571645,,,,
430,1988,419432.0,290.0,18000000.0,15184.0,4.8,3.0,,0,0,0,1,290.0,,1.5686159,5.669881,16.705883,1.0986123,,1.609438,0,-0.04082203,0,0.14841986,1.0986128,9.627997,0.056352615,0.0,,
431,1989,419432.0,350.0,54000000.0,16432.0,5.2,4.0,,0,0,1,0,350.0,,1.6486586,5.857933,17.804495,1.3862944,,1.5686159,0,0.08004272,0,0.18805218,1.0986118,9.706985,0.078988075,0.0,,
432,1987,419433.0,19.0,1700000.0,16640.0,,,50.0,0,0,0,0,4.0,10.526316,,2.944439,14.346139,,2.4446328,,0,,0,,,9.719564,,,,
433,1988,419433.0,19.0,2000000.0,17160.0,,,15.0,0,0,0,1,19.0,15.0,,2.944439,14.508657,,2.7725887,,0,,0,0.0,0.1625185,9.750337,0.03077221,0.0,4.4736843,0.32795596
434,1989,419433.0,21.0,2200000.0,17680.0,,,49.0,0,1,1,0,11.0,25.666666,,3.0445225,14.603968,,3.2834144,,0,,1,0.10008359,0.09531021,9.7801895,0.029852867,0.0,10.666666,0.51082563
435,1987,419434.0,89.0,11380000.0,14394.0,,0.0,0.0,0,0,0,0,0.0,0.0,,4.4886365,16.247368,,0.0,,0,,0,,,9.574567,,,,
436,1988,419434.0,59.0,4748000.0,15454.0,,0.04,0.0,0,0,0,1,0.0,0.0,,4.0775375,15.373234,-3.218876,0.0,,0,,0,-0.41109896,-0.87413406,9.645623,0.071056366,0.0,0.0,0.0
437,1989,419434.0,105.0,7175000.0,15558.0,,0.14,10.0,0,0,1,0,105.0,10.0,,4.65396,15.786114,-1.9661129,2.3978953,,0,,0,0.5764227,0.41287994,9.65233,0.0067071915,0.0,10.0,2.3978953
438,1987,419449.0,40.0,3317000.0,16640.0,,,30.0,0,0,0,0,40.0,30.0,,3.6888795,15.014571,,3.4339871,,0,,0,,,9.719564,,,,
439,1988,419449.0,55.0,3692000.0,16640.0,,,30.0,0,0,0,1,55.0,30.0,,4.0073333,15.121679,,3.4339871,,0,,0,0.3184538,0.107108116,9.719564,0.0,0.0,0.0,0.0
440,1989,419449.0,65.0,3252000.0,16640.0,,,30.0,0,0,1,0,15.0,6.923077,,4.1743875,14.994781,,2.0697796,,0,,0,0.16705418,-0.12689877,9.719564,0.0,0.0,-23.076923,-1.3642075
441,1987,419450.0,175.0,12500000.0,9360.0,,,0.0,0,0,0,0,0.0,0.0,,5.164786,16.34124,,0.0,,0,,0,,,9.1442,,,,
442,1988,419450.0,225.0,12500000.0,10400.0,,,0.0,0,0,0,1,0.0,0.0,,5.4161005,16.34124,,0.0,,0,,0,0.25131464,0.0,9.249561,0.105360985,0.0,0.0,0.0
443,1989,419450.0,275.0,18200000.0,11440.0,,,3.0,0,0,1,0,200.0,2.1818182,,5.616771,16.716932,,1.1574528,,0,,0,0.20067072,0.37569237,9.3448715,0.09531021,0.0,2.1818182,1.1574528
444,1987,419459.0,110.0,15100000.0,21000.0,1.67,0.21,20.0,1,0,0,0,35.0,6.3636365,0.5128236,4.7004805,16.530205,-1.5606477,1.9965539,,0,,0,,,9.952278,,,,
445,1988,419459.0,125.0,16000000.0,21000.0,2.5,0.23,20.0,1,0,0,1,40.0,6.4,0.91629076,4.828314,16.588099,-1.4696759,2.00148,0.5128236,0,0.40346718,0,0.12783337,0.057893753,9.952278,0.0,0.0,0.0363636,0.0049262047
446,1989,419459.0,225.0,28900000.0,21000.0,1.12,0.15,20.0,1,0,1,0,160.0,14.222222,0.11332869,5.4161005,17.179352,-1.89712,2.7227564,0.91629076,0,-0.80296206,0,0.5877867,0.5912533,9.952278,0.0,0.0,7.822222,0.7212763
447,1987,419461.0,24.0,,14800.0,,,0.0,0,0,0,0,0.0,0.0,,3.1780539,,,0.0,,0,,0,,,9.602383,,,,
448,1988,419461.0,23.0,,15200.0,,,0.0,0,0,0,1,0.0,0.0,,3.1354942,,,0.0,,0,,0,-0.042559624,,9.62905,0.026667595,0.0,0.0,0.0
449,1989,419461.0,36.0,,15800.0,,,40.0,0,1,1,0,30.0,33.333332,,3.583519,,,3.5361166,,0,,1,0.44802475,,9.667766,0.038715363,0.0,33.333332,3.5361166
450,1987,419467.0,4.0,1494764.0,30000.0,,,80.0,0,0,0,0,4.0,80.0,,1.3862944,14.217479,,4.394449,,0,,0,,,10.308952,,,,
451,1988,419467.0,5.0,2566104.0,31000.0,,,100.0,0,0,0,1,5.0,100.0,,1.609438,14.757899,,4.6151204,,0,,0,0.22314358,0.54042053,10.3417425,0.032790184,0.0,20.0,0.22067118
452,1989,419467.0,10.0,2191680.0,35000.0,,,100.0,0,0,1,0,10.0,100.0,,2.3025851,14.600179,,4.6151204,,0,,0,0.6931472,-0.15772057,10.463103,0.12136078,0.0,0.0,0.0
453,1987,419472.0,120.0,,13000.0,,,20.0,0,0,0,0,25.0,4.1666665,,4.787492,,,1.6422276,,0,,0,,,9.472705,,,,
454,1988,419472.0,100.0,,13500.0,,,20.0,0,0,0,1,25.0,5.0,,4.6051702,,,1.7917595,,0,,0,-0.18232155,,9.510445,0.037739754,0.0,0.8333335,0.14953184
455,1989,419472.0,100.0,,14000.0,,,60.0,0,1,1,0,100.0,60.0,,4.6051702,,,4.1108737,,0,,1,0.0,,9.546813,0.03636837,0.0,55.0,2.3191142
456,1987,419473.0,18.0,,,,,0.0,1,0,0,0,0.0,0.0,,2.8903718,,,0.0,,0,,0,,,,,,,
457,1988,419473.0,18.0,,,,,3.0,1,0,0,1,18.0,3.0,,2.8903718,,,1.3862944,,0,,0,0.0,,,,0.0,3.0,1.3862944
458,1989,419473.0,18.0,,,,,35.0,1,1,1,0,18.0,35.0,,2.8903718,,,3.583519,,0,,1,0.0,,,,0.0,32.0,2.1972246
459,1987,419479.0,,,,,,0.0,0,0,0,0,0.0,,,,,,,,0,,0,,,,,,,
460,1988,419479.0,30.0,1503906.0,15500.0,,,0.0,0,0,0,1,0.0,0.0,,3.4011974,14.223577,,0.0,,0,,0,,,9.648595,,0.0,,
461,1989,419479.0,30.0,1360372.0,16500.0,,,20.0,0,0,1,0,13.0,8.666667,,3.4011974,14.123269,,2.2686837,,0,,0,0.0,-0.100307465,9.711116,0.06252098,0.0,8.666667,2.2686837
462,1987,419482.0,15.0,,,2.7,,0.0,0,0,0,0,0.0,0.0,0.9932518,2.7080503,,,0.0,,0,,0,,,,,,,
463,1988,419482.0,15.0,1000000.0,10000.0,2.59,,0.0,0,0,0,1,0.0,0.0,0.95165783,2.7080503,13.815511,,0.0,0.9932518,0,-0.04159397,0,0.0,,9.2103405,,0.0,0.0,0.0
464,1989,419482.0,18.0,1000000.0,10000.0,2.8,,24.0,0,0,1,0,18.0,24.0,1.0296195,2.8903718,13.815511,,3.218876,0.95165783,0,0.07796162,0,0.18232155,0.0,9.2103405,0.0,0.0,24.0,3.218876
465,1987,419483.0,133.0,11000000.0,13957.0,20.0,,0.0,1,0,0,0,0.0,0.0,2.9957323,4.890349,16.213406,,0.0,,0,,0,,,9.543736,,,,
466,1988,419483.0,108.0,11500000.0,14810.0,25.0,,0.0,1,0,0,1,0.0,0.0,3.218876,4.6821313,16.257858,,0.0,2.9957323,0,0.22314358,0,-0.20821762,0.044452667,9.603058,0.059321404,0.0,0.0,0.0
467,1989,419483.0,129.0,12000000.0,14227.0,30.0,,20.0,1,0,1,0,20.0,3.1007752,3.4011974,4.8598123,16.300417,,1.4111761,3.218876,0,0.18232155,0,0.17768097,0.04255867,9.562897,-0.040161133,0.0,3.1007752,1.4111761
468,1987,419486.0,80.0,7000000.0,16000.0,,,0.0,0,0,0,0,0.0,0.0,,4.3820267,15.76142,,0.0,,0,,0,,,9.680344,,,,
469,1988,419486.0,90.0,8500000.0,17000.0,,,0.0,0,0,0,1,0.0,0.0,,4.4998097,15.955577,,0.0,,0,,0,0.11778307,0.19415665,9.740969,0.060625076,0.0,0.0,0.0
470,1989,419486.0,100.0,9900000.0,18000.0,,,40.0,0,1,1,0,90.0,36.0,,4.6051702,16.108046,,3.6109178,,0,,1,0.10536051,0.15246868,9.798127,0.05715847,0.0,36.0,3.6109178
