,lnchprg,enroll,staff,expend,salary,benefits,droprate,gradrate,math10,sci11,totcomp,ltotcomp,lexpend,lenroll,lstaff,bensal,lsalary
0,1.4,1862,112.6,5765,37498.0,7420,2.9,89.2,56.4,67.9,44918.0,10.712594,8.65956,7.5294065,4.7238417,0.19787721,10.5320425
1,2.3,11355,101.2,6601,48722.0,10370,1.3,91.4,42.7,65.3,59092.0,10.986851,8.794976,9.337414,4.617099,0.2128402,10.793886
2,2.7,7685,114.0,6834,44541.0,7313,3.5,91.4,43.8,54.3,51854.0,10.856188,8.829665,8.947025,4.7361984,0.1641858,10.704165
3,3.4,1148,85.4,3586,31566.0,5989,3.6,86.6,25.3,60.0,37555.0,10.533562,8.1847925,7.0457764,4.447346,0.18972945,10.359836
4,3.4,1572,96.1,3847,29781.0,5545,0.0,100.0,15.3,65.8,35326.0,10.472375,8.255049,7.360104,4.565389,0.18619254,10.301626
5,3.4,2496,101.1,5070,36801.0,5895,2.7,89.2,46.0,60.5,42696.0,10.66186,8.531096,7.822445,4.6161103,0.16018586,10.51328
6,3.6,3358,87.6,4474,37863.0,6934,1.4,95.1,33.6,67.4,44797.0,10.709896,8.406038,8.119101,4.472781,0.18313393,10.54173
7,3.6,11983,96.0,5159,40133.0,8085,2.5,87.8,40.1,69.4,48218.0,10.783487,8.548498,9.391244,4.564348,0.20145516,10.599955
8,4.2,3499,102.8,5012,36451.0,7253,1.8,93.2,42.1,71.7,43704.0,10.685195,8.51959,8.160233,4.6327853,0.19897945,10.503724
9,4.2,5095,145.0,6501,33449.0,7386,1.9,92.1,39.8,55.0,40835.0,10.617295,8.779712,8.536015,4.9767337,0.22081378,10.417777
10,4.5,16793,106.9,5938,40859.0,8754,3.0,88.2,30.8,58.1,49613.0,10.812008,8.689128,9.728718,4.6718936,0.214249,10.617883
11,4.5,984,100.9,5987,42785.0,9279,5.6,79.3,14.6,74.6,52064.0,10.860229,8.697346,6.891626,4.61413,0.21687508,10.663943
12,5.1,1116,107.1,4843,34085.0,5907,0.6,97.5,51.1,48.6,39992.0,10.596435,8.48529,7.017506,4.673763,0.17330204,10.436613
13,5.5,4156,101.2,4255,29700.0,5295,5.3,79.7,29.2,55.0,34995.0,10.46296,8.35585,8.332309,4.617099,0.17828283,10.2989025
14,5.5,4046,99.9,5332,47436.0,3,0.2,98.4,49.7,62.0,47439.0,10.7671995,8.581482,8.305484,4.60417,6.3243104e-05,10.767137
15,5.6,10695,125.8,6806,40304.0,7309,1.1,89.8,42.6,53.1,47613.0,10.770861,8.82556,9.277532,4.8346934,0.18134676,10.604206
16,5.8,3117,122.8,6169,38873.0,6265,2.4,90.7,35.0,54.1,45138.0,10.71748,8.727292,8.044626,4.810557,0.16116585,10.568055
17,6.1,2168,108.4,5235,35536.0,6555,4.1,84.7,35.9,45.4,42091.0,10.64759,8.563122,7.6815605,4.685828,0.18446083,10.478302
18,6.2,2317,80.3,4196,37350.0,6987,1.6,93.8,17.8,44.5,44337.0,10.699574,8.3418865,7.7480288,4.38577,0.18706827,10.528089
19,6.2,1391,109.3,4854,31076.0,6434,23.4,90.0,25.5,74.4,37510.0,10.532363,8.487558,7.237778,4.6940966,0.2070408,10.344192
20,6.3,3691,82.7,4088,35538.0,6408,1.4,94.1,33.2,69.2,41946.0,10.644138,8.315811,8.213653,4.41522,0.18031403,10.478358
21,6.3,1673,103.0,4497,31271.0,6668,5.1,81.1,39.6,67.2,37939.0,10.543735,8.411166,7.422374,4.634729,0.21323271,10.350447
22,6.7,2671,84.2,4141,35547.0,6430,0.4,98.2,30.3,57.1,41977.0,10.644877,8.328692,7.8902082,4.433195,0.18088728,10.478611
23,6.8,650,97.6,4403,34194.0,6833,0.0,100.0,54.8,72.8,41027.0,10.621985,8.390041,6.4769726,4.5808773,0.19983038,10.439805
24,6.9,2119,89.2,4018,33345.0,6373,3.1,87.2,62.4,66.7,39718.0,10.58956,8.298539,7.6586995,4.490881,0.19112311,10.414663
25,7.8,1002,110.8,3943,25453.0,5246,2.8,89.0,29.7,56.5,30699.0,10.331985,8.279697,6.9097533,4.707727,0.20610537,10.144588
26,7.8,2549,84.6,4677,41451.0,7637,5.0,82.7,36.9,56.7,49088.0,10.80137,8.450412,7.8434563,4.4379344,0.18424164,10.632267
27,8.0,5805,98.9,4357,33234.0,5548,2.2,89.8,22.4,57.9,38782.0,10.565712,8.3795395,8.666475,4.594109,0.16693747,10.411328
28,8.0,2822,91.3,4955,36954.0,11545,8.6,72.7,23.9,50.9,48499.0,10.789298,8.508152,7.945201,4.5141506,0.31241542,10.517429
29,8.1,5491,98.4,4526,34499.0,7398,8.0,73.8,39.2,45.0,41897.0,10.642969,8.417594,8.610866,4.5890408,0.214441,10.448686
30,8.2,2331,120.5,6618,37519.0,8973,1.4,100.0,22.9,57.1,46492.0,10.747036,8.797548,7.7540526,4.79165,0.23915882,10.532602
31,8.3,4725,95.7,5195,39481.0,8348,5.0,87.3,27.8,64.6,47829.0,10.775388,8.555452,8.460623,4.5612183,0.21144348,10.583575
32,8.4,2629,102.5,4684,33867.0,6924,3.2,94.7,36.9,67.1,40791.0,10.616217,8.451908,7.8743587,4.629863,0.20444681,10.430197
33,8.4,2475,119.0,5516,34520.0,5671,0.2,98.9,37.3,58.4,40191.0,10.601398,8.615408,7.813996,4.7791233,0.16428158,10.449294
34,8.5,1278,94.5,3675,27955.0,6073,1.0,94.6,21.3,65.5,34028.0,10.434939,8.209309,7.153052,4.5485997,0.217242,10.238352
35,8.6,8016,95.4,4635,36461.0,6841,0.3,98.6,48.7,57.0,43302.0,10.675954,8.441392,8.989195,4.558079,0.18762514,10.503999
36,8.7,913,95.2,4006,31204.0,5277,3.2,87.4,34.2,45.8,36481.0,10.504547,8.295548,6.8167357,4.5559797,0.16911294,10.348302
37,8.8,891,93.7,4291,34105.0,6387,0.8,88.5,32.8,51.0,40492.0,10.60886,8.364275,6.7923446,4.540098,0.18727459,10.4372
38,8.8,5125,102.8,4759,34315.0,6892,7.1,82.8,33.2,39.4,41207.0,10.626364,8.4677925,8.541885,4.6327853,0.2008451,10.443337
39,9.0,3263,101.7,3901,28948.0,5262,4.4,82.7,31.7,58.3,34210.0,10.440273,8.268989,8.090403,4.6220274,0.18177421,10.273256
40,9.1,444,111.3,4288,26682.0,4346,2.5,89.4,20.0,44.0,31028.0,10.342646,8.363576,6.0958247,4.7122293,0.16288134,10.191745
41,9.1,10591,107.0,5794,39982.0,7680,0.7,92.6,28.0,39.9,47662.0,10.77189,8.664578,9.26776,4.6728287,0.19208644,10.596185
42,9.2,13684,96.1,6838,52812.0,10706,4.4,80.6,23.4,65.4,63518.0,11.059078,8.830251,9.523983,4.565389,0.20271908,10.874494
43,9.3,5926,107.8,4037,28053.0,5076,61.9,80.0,42.9,69.9,33129.0,10.408164,8.303257,8.687105,4.680278,0.18094322,10.241851
44,9.3,2100,103.0,5115,37112.0,7451,3.2,83.8,16.8,71.0,44563.0,10.704659,8.539932,7.6496925,4.634729,0.20077065,10.521696
45,9.4,669,105.0,4249,36183.0,0,0.0,100.0,30.9,47.7,36183.0,10.496345,8.354439,6.505784,4.65396,0.0,10.496345
46,9.5,1789,83.2,4308,36622.0,8429,4.3,79.4,16.2,40.4,45051.0,10.71555,8.368229,7.4894123,4.4212475,0.2301622,10.508405
47,9.5,2674,89.6,5562,45358.0,9871,3.3,94.0,23.6,49.6,55229.0,10.919244,8.6237135,7.8913307,4.495355,0.21762423,10.722342
48,9.6,2405,99.4,4353,33341.0,6605,3.9,87.2,18.1,60.4,39946.0,10.5952835,8.37862,7.785305,4.599152,0.19810444,10.414543
49,9.6,891,150.1,6810,32197.0,6281,3.5,87.5,30.5,61.8,38478.0,10.557842,8.826147,6.7923446,5.011302,0.19508028,10.379628
50,9.7,2933,89.1,3561,29504.0,5488,11.8,72.0,28.1,51.2,34992.0,10.462874,8.177796,7.983781,4.4897594,0.18600868,10.292281
51,9.7,1617,104.4,3927,27192.0,4953,1.8,93.4,25.5,51.3,32145.0,10.378013,8.275631,7.388328,4.6482296,0.18214916,10.210678
52,9.7,3341,95.6,4806,35247.0,8736,8.5,81.5,35.1,71.1,43983.0,10.691559,8.47762,8.114025,4.560173,0.24785088,10.470136
53,9.7,4132,80.1,5461,48782.0,11618,1.1,94.8,47.7,58.8,60400.0,11.008744,8.605387,8.326517,4.383276,0.23816162,10.795116
54,9.8,4077,83.4,3930,36440.0,7152,1.4,101.3,26.8,54.4,43592.0,10.682629,8.276395,8.313117,4.4236484,0.19626784,10.503423
55,9.9,4776,94.9,4453,34863.0,7764,2.3,91.1,26.8,51.3,42627.0,10.660243,8.401333,8.471358,4.5528235,0.22270028,10.459182
56,10.2,734,85.8,4158,34491.0,6178,1.1,95.7,25.5,54.7,40669.0,10.613221,8.332789,6.598509,4.452019,0.17911918,10.448454
57,10.2,4242,81.4,5054,45447.0,10017,3.2,87.2,32.2,58.1,55464.0,10.92349,8.527935,8.35279,4.3993754,0.22041059,10.724302
58,10.3,3299,68.9,3332,36045.0,6484,0.1,101.5,36.6,71.1,42529.0,10.657942,8.111328,8.101375,4.232656,0.17988625,10.492523
59,10.3,511,104.7,4700,33949.0,6559,1.6,97.7,37.8,52.8,40508.0,10.609255,8.4553175,6.2363696,4.651099,0.19320157,10.432614
60,10.4,10571,81.0,4333,39643.0,8234,1.2,95.3,23.4,42.6,47877.0,10.77639,8.374016,9.26587,4.394449,0.20770375,10.587669
61,10.5,1837,95.0,5350,40188.0,7982,1.9,89.6,31.3,42.2,48170.0,10.782492,8.584852,7.515889,4.553877,0.1986165,10.601324
62,10.6,3003,108.4,4513,29773.0,8060,5.5,81.9,12.7,47.8,37833.0,10.540937,8.414718,8.007367,4.685828,0.2707151,10.301357
63,10.6,3233,95.9,5622,41122.0,8913,2.4,90.4,20.4,63.3,50035.0,10.820478,8.634442,8.081165,4.563306,0.21674529,10.624298
64,10.7,2718,82.6,3495,32759.0,5749,0.7,96.3,33.3,47.0,38508.0,10.558621,8.159089,7.9076514,4.4140096,0.17549376,10.396933
65,10.7,3003,123.9,5987,34410.0,8602,1.0,95.4,20.7,50.5,43012.0,10.669234,8.697346,8.007367,4.8194747,0.24998547,10.446102
66,10.8,4528,81.5,4007,35302.0,8796,1.6,94.1,19.7,60.9,44098.0,10.69417,8.295798,8.4180355,4.400603,0.24916436,10.471695
67,11.0,2789,96.3,4747,35987.0,7223,2.2,91.7,25.0,37.5,43210.0,10.673827,8.465268,7.9334383,4.567468,0.20071137,10.490913
68,11.1,2625,94.7,4849,38399.0,6853,2.9,92.7,24.3,53.8,45252.0,10.720002,8.486527,7.872836,4.550714,0.17846818,10.555787
69,11.1,3268,122.6,6539,37911.0,9491,4.7,92.4,32.5,63.3,47402.0,10.766419,8.78554,8.091933,4.808927,0.2503495,10.542996
70,11.2,1767,92.1,5026,37600.0,8619,1.7,94.0,25.8,61.8,46219.0,10.741146,8.52238,7.4770384,4.522875,0.22922872,10.5347595
71,11.4,5005,95.8,4575,36170.0,7653,0.9,94.9,29.8,52.9,43823.0,10.687914,8.428362,8.518192,4.5622625,0.21158418,10.495985
72,11.7,1135,103.3,4306,30977.0,5684,4.1,84.4,16.0,65.7,36661.0,10.509469,8.367764,7.034388,4.6376376,0.18349098,10.341001
73,11.7,3427,97.5,4401,34143.0,6032,2.4,81.9,38.8,52.1,40175.0,10.601,8.389587,8.139441,4.5798526,0.17666872,10.438313
74,11.9,2504,94.2,4142,32191.0,5972,2.5,87.8,23.6,34.9,38163.0,10.549622,8.328934,7.825645,4.54542,0.1855177,10.379442
75,11.9,1882,106.5,4521,30604.0,5950,1.5,102.8,23.7,36.8,36554.0,10.506546,8.416489,7.54009,4.668145,0.19441903,10.328886
76,12.0,2054,93.9,3804,29280.0,5659,4.5,80.9,18.9,52.5,34939.0,10.461359,8.243809,7.6275444,4.5422306,0.19327186,10.28466
77,12.0,3707,97.9,4117,31687.0,4619,2.9,89.3,31.6,50.3,36306.0,10.499739,8.32288,8.2179785,4.5839467,0.14576955,10.363662
78,12.0,2963,91.3,4527,34700.0,7032,7.1,74.6,33.3,67.9,41732.0,10.639024,8.417815,7.9939575,4.5141506,0.20265129,10.454495
79,12.3,3210,103.3,4256,32041.0,5454,3.8,85.5,23.3,53.2,37495.0,10.531962,8.356085,8.074026,4.6376376,0.1702194,10.374772
80,12.4,760,108.1,4200,28166.0,5447,0.5,97.9,25.4,62.9,33613.0,10.422668,8.34284,6.6333184,4.683057,0.19338919,10.245871
81,12.5,7653,114.6,7034,45252.0,9451,5.2,81.3,29.6,52.6,54703.0,10.909674,8.858511,8.942853,4.741448,0.20885265,10.720002
82,12.6,1039,95.2,4133,32029.0,7284,1.4,94.8,13.5,54.0,39313.0,10.57931,8.326758,6.946014,4.5559797,0.2274189,10.374397
83,12.6,3084,93.4,4252,34045.0,6831,4.0,84.2,24.1,57.6,40876.0,10.618299,8.3551445,8.033982,4.5368915,0.2006462,10.435438
84,12.9,2656,112.7,4162,27561.0,4819,0.6,97.3,24.3,53.7,32380.0,10.385296,8.333751,7.8845763,4.7247295,0.17484851,10.224157
85,13.1,1860,92.3,3865,32436.0,5681,4.5,82.9,14.8,48.9,38117.0,10.548415,8.259717,7.5283318,4.525044,0.1751449,10.387024
86,13.1,808,88.0,4326,34730.0,7508,22.0,85.0,29.8,49.4,42238.0,10.651075,8.372398,6.694562,4.477337,0.21618198,10.455359
87,13.1,4704,118.0,4373,28149.0,4244,5.8,77.7,18.7,43.1,32393.0,10.385697,8.383204,8.456168,4.7706847,0.15076911,10.245267
88,13.1,4521,99.3,5793,43840.0,8648,4.7,83.5,25.9,54.7,52488.0,10.86834,8.664406,8.416489,4.5981455,0.19726278,10.688302
89,13.2,2423,100.7,4385,31731.0,6265,2.7,89.2,32.9,59.1,37996.0,10.545237,8.385945,7.792762,4.612146,0.19744098,10.365049
90,13.3,2774,91.3,4475,30860.0,8435,1.4,86.3,37.2,41.2,39295.0,10.578853,8.406261,7.9280457,4.5141506,0.27333117,10.337216
91,13.4,4903,85.7,4016,35770.0,6927,1.2,95.3,23.6,50.9,42697.0,10.661884,8.298041,8.497602,4.450853,0.1936539,10.484865
92,13.7,4941,91.8,3788,31261.0,6159,4.9,80.9,16.3,51.4,37420.0,10.529961,8.2395935,8.505323,4.5196123,0.19701865,10.350126
93,13.7,4913,108.1,5438,36416.0,8170,6.1,76.9,25.5,53.8,44586.0,10.705175,8.601167,8.49964,4.683057,0.22435193,10.502764
94,14.0,4305,89.9,4433,37855.0,8009,1.6,93.5,12.4,52.9,45864.0,10.733436,8.3968315,8.367533,4.4986978,0.21157047,10.541518
95,14.1,3376,90.6,4244,34768.0,6635,1.0,96.5,31.0,55.6,41403.0,10.631108,8.353262,8.124447,4.506454,0.1908364,10.456452
96,14.1,682,110.3,4287,27372.0,4893,1.7,88.7,30.2,60.3,32265.0,10.381739,8.363342,6.5250297,4.703204,0.17875932,10.217276
97,14.2,1824,96.9,5044,39102.0,6781,0.6,97.4,40.1,55.5,45883.0,10.73385,8.525954,7.508787,4.5736794,0.17341824,10.573929
98,14.3,1663,93.8,4033,31964.0,5555,2.6,89.2,27.6,48.8,37519.0,10.532602,8.302266,7.4163785,4.541165,0.17378926,10.372366
99,14.4,1480,101.3,3698,26779.0,5054,2.1,94.4,30.5,54.3,31833.0,10.368258,8.215548,7.2997975,4.6180863,0.18872997,10.195374
100,14.4,1844,102.5,3910,27930.0,4956,0.8,96.5,21.1,41.2,32886.0,10.400803,8.271293,7.5196924,4.629863,0.17744361,10.237456
101,14.4,2221,113.5,4910,31839.0,6078,8.4,69.9,14.5,35.0,37917.0,10.543155,8.499029,7.705713,4.731803,0.19089796,10.368447
102,14.7,2064,106.3,3945,27519.0,4627,8.0,76.7,20.5,74.5,32146.0,10.378043,8.280204,7.632401,4.6662655,0.16813837,10.222632
103,14.7,3434,99.9,4197,31407.0,6018,0.0,100.0,32.2,52.6,37425.0,10.530094,8.342125,8.141481,4.60417,0.19161333,10.354786
104,14.8,1647,99.9,3710,27444.0,5156,6.7,75.4,21.5,50.7,32600.0,10.392068,8.218787,7.4067106,4.60417,0.18787348,10.219903
105,14.8,2670,100.8,3977,28877.0,5766,1.9,92.8,24.5,58.2,34643.0,10.452851,8.288283,7.889834,4.613138,0.19967449,10.270801
106,14.8,5759,103.6,4952,35558.0,7394,3.3,84.9,30.7,48.4,42952.0,10.667838,8.507546,8.658519,4.6405373,0.20794195,10.47892
107,14.9,8201,93.3,5383,42811.0,8499,2.6,90.4,27.2,44.7,51310.0,10.845641,8.5910015,9.012012,4.53582,0.19852374,10.664551
108,15.0,3087,93.9,4139,32434.0,6834,6.7,76.9,24.8,48.7,39268.0,10.578165,8.32821,8.034955,4.5422306,0.21070482,10.386963
109,15.0,1689,95.2,4186,32839.0,5724,8.0,72.7,24.8,61.4,38563.0,10.560048,8.3395,7.431892,4.5559797,0.17430495,10.399372
110,15.2,3626,96.0,4243,31543.0,6928,5.8,71.5,26.8,38.8,38471.0,10.55766,8.353025,8.195886,4.564348,0.2196367,10.359107
111,15.2,3394,86.9,4366,36621.0,7605,3.8,87.6,18.3,67.0,44226.0,10.697068,8.381602,8.129765,4.464758,0.20766774,10.508377
112,15.2,8777,114.7,5710,39440.0,6260,5.1,77.9,43.9,44.5,45700.0,10.729854,8.649974,9.07989,4.74232,0.1587221,10.582536
113,15.3,4350,97.5,4500,34474.0,7904,6.1,80.1,17.9,42.9,42378.0,10.654385,8.411833,8.377932,4.5798526,0.22927423,10.447961
114,15.3,2170,95.7,5895,45158.0,9354,2.0,94.3,19.0,30.1,54512.0,10.906177,8.68186,7.6824822,4.5612183,0.20713937,10.717923
115,15.7,946,102.5,4122,29757.0,6229,1.1,94.3,30.6,49.2,35986.0,10.490885,8.324094,6.8522425,4.629863,0.2093289,10.300819
116,15.9,899,111.8,4239,28032.0,5670,1.5,86.1,18.9,49.2,33702.0,10.425312,8.352082,6.801283,4.7167115,0.20226884,10.241102
117,16.0,2363,102.1,3905,29280.0,5535,3.0,89.2,25.0,45.9,34815.0,10.457804,8.270013,7.7676873,4.6259527,0.18903689,10.28466
118,16.0,2553,98.0,4752,34471.0,6622,6.9,90.8,12.6,49.5,41093.0,10.623593,8.466321,7.8450246,4.5849676,0.1921035,10.447874
119,16.2,3480,92.7,3893,29898.0,7158,1.9,78.9,14.4,51.9,37056.0,10.520185,8.266935,8.154788,4.5293684,0.239414,10.305547
120,16.3,1766,86.7,3901,33501.0,6882,12.5,58.3,18.3,46.8,40383.0,10.606164,8.268989,7.4764724,4.462454,0.20542671,10.419331
121,16.3,4192,104.3,4206,29238.0,6402,12.1,58.9,26.6,44.1,35640.0,10.481224,8.344267,8.340933,4.647271,0.21896163,10.283224
122,16.4,412,99.5,3786,27973.0,5076,14.4,41.2,12.5,50.0,33049.0,10.405746,8.239065,6.0210233,4.6001577,0.1814607,10.238995
123,16.4,1480,89.2,3788,32159.0,6038,4.6,83.2,33.3,57.4,38197.0,10.550512,8.2395935,7.2997975,4.490881,0.1877546,10.378448
124,16.4,1068,96.3,4250,31114.0,6115,3.6,83.9,29.3,51.9,37229.0,10.524843,8.354674,6.973543,4.567468,0.19653532,10.345413
125,16.5,1168,82.6,3688,33179.0,6134,2.6,89.8,23.5,61.3,39313.0,10.57931,8.212839,7.0630484,4.4140096,0.18487598,10.409673
126,16.7,894,94.7,3848,30131.0,5482,3.4,96.7,17.6,41.3,35613.0,10.480466,8.255309,6.795706,4.550714,0.18193887,10.31331
127,16.8,666,104.3,4336,30979.0,6065,11.9,63.5,2.4,61.5,37044.0,10.519861,8.374707,6.50129,4.647271,0.19577779,10.341064
128,16.9,964,101.3,3799,27929.0,5061,1.2,94.2,29.2,39.9,32990.0,10.40396,8.242494,6.8710914,4.6180863,0.18120949,10.237421
129,17.0,4035,90.1,4282,34134.0,8138,1.6,92.5,19.7,33.8,42272.0,10.65188,8.362176,8.302762,4.5009203,0.23841332,10.438049
130,17.2,1122,104.3,4664,29925.0,9769,3.8,88.2,23.0,51.0,39694.0,10.588955,8.447629,7.022868,4.647271,0.32644945,10.30645
131,17.3,1623,99.5,3694,26891.0,5070,19.4,33.5,33.0,36.7,31961.0,10.372272,8.214465,7.3920317,4.6001577,0.18853891,10.199547
132,17.3,1491,95.9,4147,32021.0,6415,5.3,89.3,23.7,45.0,38436.0,10.556749,8.33014,7.3072023,4.563306,0.20033728,10.374147
133,17.3,1765,118.4,5847,35802.0,7984,11.0,62.5,15.4,59.2,43786.0,10.687069,8.673684,7.475906,4.774069,0.2230043,10.485759
134,17.5,2195,80.1,3659,32798.0,7244,1.1,95.5,32.7,45.8,40042.0,10.597684,8.204946,7.6939373,4.383276,0.22086713,10.398123
135,17.8,880,83.8,4258,36780.0,6879,0.9,95.8,25.0,59.0,43659.0,10.684165,8.356555,6.779922,4.428433,0.187031,10.51271
136,18.0,1655,96.7,3632,27905.0,5420,2.9,88.1,28.7,31.3,33325.0,10.414063,8.197538,7.4115562,4.5716133,0.19423042,10.236561
137,18.0,3480,99.0,4278,29504.0,5524,2.5,86.4,11.0,51.1,35028.0,10.463903,8.361241,8.154788,4.59512,0.18722884,10.292281
138,18.1,1327,105.3,5327,36803.0,8300,4.0,84.7,23.5,45.8,45103.0,10.716704,8.5805435,7.190676,4.6568136,0.2255251,10.513334
139,18.3,1551,101.2,3933,28826.0,5462,3.5,86.9,26.8,61.1,34288.0,10.442551,8.277158,7.3466554,4.617099,0.18948172,10.269033
140,18.3,5344,104.1,4560,31908.0,6711,3.9,86.6,28.9,64.2,38619.0,10.5615,8.425077,8.58373,4.645352,0.21032342,10.370612
141,18.4,1210,95.2,3730,28806.0,5903,3.9,85.2,15.9,40.0,34709.0,10.454754,8.224163,7.098376,4.5559797,0.20492259,10.268339
142,18.4,222,122.5,5365,32249.0,6275,11.3,61.0,53.8,39.6,38524.0,10.559036,8.587651,5.4026775,4.808111,0.19457968,10.381243
143,18.5,1165,104.7,4314,30871.0,3957,0.3,98.9,15.4,55.9,34828.0,10.458177,8.369621,7.0604763,4.651099,0.12817855,10.337572
144,18.5,1026,110.9,5394,34966.0,7329,4.1,84.7,39.7,53.3,42295.0,10.652424,8.593042,6.933423,4.708629,0.20960361,10.4621315
145,18.7,1601,92.4,4697,36350.0,8674,1.6,97.7,16.4,50.0,45024.0,10.714951,8.4546795,7.3783836,4.526127,0.23862448,10.50095
146,18.7,594,123.0,5738,33763.0,6884,3.8,82.8,29.7,49.0,40647.0,10.61268,8.654866,6.3868794,4.8121843,0.20389183,10.427121
147,18.9,2395,96.7,3725,28556.0,5473,2.8,88.5,23.4,59.3,34029.0,10.434968,8.222822,7.7811384,4.5716133,0.1916585,10.259623
148,18.9,9044,83.3,4732,40030.0,7568,3.0,85.1,12.1,41.0,47598.0,10.770546,8.462103,9.109857,4.4224486,0.1890582,10.597384
149,19.0,1260,114.6,3571,22778.0,4368,5.0,85.2,10.8,65.0,27146.0,10.208985,8.180601,7.138867,4.741448,0.19176398,10.03355
150,19.0,1242,109.5,3984,25676.0,5256,5.4,84.9,25.3,62.0,30932.0,10.339546,8.290042,7.1244783,4.6959248,0.20470478,10.153312
151,19.0,5014,84.6,4054,33209.0,10417,0.8,96.7,34.7,71.1,43626.0,10.683409,8.307459,8.519989,4.4379344,0.31368002,10.410576
152,19.0,14570,142.0,6931,37133.0,6907,2.3,92.9,50.5,73.6,44040.0,10.692854,8.84376,9.5867195,4.955827,0.18600705,10.522262
153,19.1,7563,107.8,5106,34946.0,6732,3.3,86.6,42.7,48.0,41678.0,10.637729,8.538172,8.931024,4.680278,0.19264007,10.461559
154,19.2,1564,95.3,3979,29347.0,6011,3.7,86.8,11.3,61.0,35358.0,10.47328,8.288786,7.355002,4.5570297,0.20482503,10.286945
155,19.2,10662,123.2,5031,32288.0,5174,6.1,76.0,21.7,46.0,37462.0,10.531082,8.523374,9.274442,4.813809,0.1602453,10.382451
156,19.3,2295,90.9,4450,36097.0,4944,12.1,69.1,19.5,66.2,41041.0,10.622327,8.40066,7.738488,4.50976,0.13696429,10.493965
157,19.4,3976,121.4,6180,39151.0,7532,3.6,86.4,50.2,46.3,46683.0,10.751136,8.729074,8.288032,4.799091,0.19238333,10.575181
158,19.5,2832,86.4,3800,31593.0,6015,5.3,80.6,27.4,41.1,37608.0,10.534972,8.242756,7.9487386,4.4589877,0.19039027,10.360691
159,19.6,2040,85.8,4288,34986.0,8664,2.9,89.6,23.0,42.9,43650.0,10.683959,8.363576,7.620705,4.452019,0.24764192,10.462704
160,19.6,2865,114.7,5308,34461.0,6288,1.3,95.2,17.3,53.7,40749.0,10.615187,8.57697,7.960324,4.74232,0.18246713,10.447583
161,19.7,2754,89.8,3667,29729.0,6132,4.3,83.5,27.6,56.4,35861.0,10.487406,8.2071295,7.9208097,4.497585,0.20626324,10.299878
162,19.7,2602,81.7,4280,36881.0,7177,1.0,98.0,10.9,55.5,44058.0,10.693262,8.361709,7.8640356,4.4030538,0.19459884,10.515451
163,19.8,2066,87.9,3866,31780.0,7243,0.5,98.8,42.5,53.8,39023.0,10.571906,8.259975,7.6333694,4.4761996,0.22791064,10.366592
164,19.9,3044,95.9,4108,31778.0,6171,3.7,85.3,31.6,37.5,37949.0,10.543999,8.320691,8.020927,4.563306,0.19419095,10.366529
165,20.0,2255,89.0,3799,31766.0,5646,4.3,84.4,23.9,60.7,37412.0,10.529747,8.242494,7.7209053,4.4886365,0.1777372,10.366152
166,20.0,2580,96.7,4347,31204.0,6724,7.2,76.0,33.2,61.7,37928.0,10.543445,8.377241,7.8555446,4.5716133,0.2154852,10.348302
167,20.1,2630,87.5,3782,32349.0,7467,1.3,95.1,25.3,61.0,39816.0,10.592024,8.2380085,7.874739,4.4716387,0.2308263,10.384338
168,20.1,3461,95.1,3932,31773.0,6123,2.9,88.9,24.0,34.8,37896.0,10.542601,8.276903,8.149313,4.554929,0.19271079,10.366372
169,20.1,2593,119.5,6947,42580.0,9196,2.1,90.2,22.6,50.6,51776.0,10.854682,8.8460655,7.860571,4.783316,0.21596994,10.65914
170,20.2,2428,85.6,3624,32489.0,6429,5.7,78.8,21.4,66.7,38918.0,10.569212,8.1953335,7.794823,4.449685,0.19788235,10.388657
171,20.2,740,115.9,4005,24887.0,5451,6.7,77.2,9.8,42.2,30338.0,10.320156,8.295299,6.6066504,4.752728,0.21903002,10.122101
172,20.3,1703,97.1,4012,29820.0,6696,1.0,96.3,37.5,42.6,36516.0,10.505506,8.297045,7.4401464,4.5757413,0.22454728,10.302935
173,20.3,5046,104.8,4389,31147.0,5505,2.7,90.2,16.7,66.7,36652.0,10.509223,8.386857,8.526351,4.652054,0.17674254,10.346473
174,20.4,1818,92.0,4078,32288.0,6592,5.1,82.3,21.7,40.8,38880.0,10.568235,8.313362,7.505492,4.5217886,0.20416254,10.382451
175,20.4,3830,96.1,4178,32138.0,7018,6.8,74.8,27.2,33.3,39156.0,10.575309,8.337588,8.25062,4.565389,0.21837078,10.377794
176,20.4,1119,100.5,4382,30872.0,6449,9.7,69.3,10.4,51.2,37321.0,10.527311,8.385261,7.0201907,4.6101575,0.20889479,10.3376045
177,20.5,2102,99.4,4002,30472.0,5901,3.0,88.3,16.0,43.9,36373.0,10.501582,8.29455,7.650645,4.599152,0.1936532,10.324564
178,20.6,1499,89.9,3703,30054.0,5845,2.3,90.6,22.0,55.8,35899.0,10.488464,8.216899,7.3125534,4.4986978,0.19448327,10.310751
179,20.9,3016,94.5,3555,28426.0,5130,11.8,73.3,19.7,54.8,33556.0,10.420971,8.17611,8.011686,4.5485997,0.18046859,10.255059
180,20.9,4797,86.3,4533,39470.0,7502,5.6,81.1,21.8,51.6,46972.0,10.757307,8.419139,8.475746,4.4578295,0.19006841,10.583296
181,21.1,2840,95.9,3894,30825.0,4955,0.8,93.7,26.3,32.5,35780.0,10.485145,8.267192,7.9515595,4.563306,0.16074614,10.3360815
182,21.3,7003,109.3,4196,29281.0,4932,2.9,89.9,14.8,39.5,34213.0,10.440361,8.3418865,8.854094,4.6940966,0.16843687,10.284694
183,21.6,1750,91.5,3822,30753.0,5831,5.5,77.9,12.4,42.9,36584.0,10.507366,8.248529,7.467371,4.516339,0.18960752,10.333743
184,21.6,3945,91.5,3872,31051.0,6155,7.6,71.5,28.4,43.3,37206.0,10.524225,8.261526,8.280204,4.516339,0.19822228,10.343387
185,22.0,1712,91.5,3782,30477.0,6437,2.5,89.1,13.2,47.1,36914.0,10.516346,8.2380085,7.4454174,4.516339,0.21120845,10.324728
186,22.0,1202,100.7,3989,28791.0,6499,7.0,94.1,25.0,68.8,35290.0,10.4713545,8.291296,7.091742,4.612146,0.22573027,10.267818
187,22.1,1305,93.6,3654,28684.0,4883,6.6,76.5,19.2,48.0,33567.0,10.421299,8.203578,7.1739583,4.5390306,0.17023428,10.264094
188,22.1,2624,89.4,4248,34944.0,6456,5.0,82.3,20.6,46.5,41400.0,10.631036,8.354203,7.872455,4.4931207,0.18475275,10.461502
189,22.3,1438,86.2,3776,31243.0,5455,16.2,48.2,16.7,55.3,36698.0,10.510477,8.236421,7.2710085,4.4566703,0.17459911,10.34955
190,22.3,4306,93.0,4188,32325.0,7471,0.5,96.7,27.1,53.8,39796.0,10.591521,8.339978,8.367764,4.5325994,0.23112142,10.383596
191,22.3,757,91.8,4552,34259.0,7339,1.5,93.3,42.3,40.1,41598.0,10.635807,8.423322,6.629363,4.5196123,0.21422108,10.441705
192,22.6,967,89.4,3616,28851.0,5279,26.9,77.0,36.8,52.5,34130.0,10.437932,8.193124,6.8741984,4.4931207,0.18297459,10.2699
193,22.6,3959,95.1,4039,31903.0,7282,2.2,94.8,24.0,36.5,39185.0,10.576049,8.303752,8.283747,4.554929,0.2282544,10.370456
194,22.7,943,99.0,4040,30668.0,6446,2.9,83.8,27.9,37.5,37114.0,10.5217495,8.304,6.8490663,4.59512,0.21018651,10.330975
195,22.9,1889,88.2,3425,28223.0,5183,6.3,96.4,26.1,53.3,33406.0,10.416491,8.138857,7.5438027,4.479607,0.18364455,10.247892
196,23.0,10761,107.0,4228,29637.0,6021,0.0,98.7,31.7,49.6,35658.0,10.481729,8.349484,9.283684,4.6728287,0.20315821,10.296779
197,23.1,1943,95.7,4214,30400.0,6867,8.2,70.8,18.8,36.4,37267.0,10.525864,8.346168,7.5719886,4.5612183,0.22588816,10.322198
198,23.2,1055,86.1,3487,29107.0,6243,4.1,86.3,24.0,49.4,35350.0,10.473054,8.156797,6.961296,4.455509,0.21448448,10.278734
199,23.4,913,92.7,3894,31477.0,5993,7.1,76.2,36.8,69.8,37470.0,10.531296,8.267192,6.8167357,4.5293684,0.19039299,10.357013
200,23.6,602,104.0,3610,25688.0,4105,8.0,72.0,11.6,41.3,29793.0,10.302029,8.191463,6.4002576,4.644391,0.15980224,10.153779
201,23.7,917,113.4,3975,26670.0,5450,5.1,82.3,18.6,46.7,32120.0,10.377234,8.28778,6.8211074,4.7309213,0.20434946,10.191295
202,23.8,598,100.3,3728,26108.0,5060,4.5,86.1,18.8,56.8,31168.0,10.347147,8.223627,6.393591,4.6081657,0.19381033,10.169997
203,23.8,1102,113.4,4140,25537.0,5513,7.3,72.9,16.2,30.0,31050.0,10.343354,8.328451,7.004882,4.7309213,0.21588284,10.147883
204,23.9,297,124.6,3874,20951.0,5061,5.0,92.0,8.3,57.3,26012.0,10.166313,8.262043,5.6937323,4.8251085,0.24156365,9.949942
205,23.9,1802,94.3,4097,32210.0,7412,1.9,93.8,34.1,56.3,39622.0,10.58714,8.31801,7.4966526,4.546481,0.23011488,10.380033
206,24.1,4065,94.3,3864,30693.0,5539,2.9,95.9,21.8,46.6,36232.0,10.497698,8.259459,8.310169,4.546481,0.1804646,10.33179
207,24.2,2910,86.4,3828,32625.0,6030,5.4,82.1,19.7,58.6,38655.0,10.562431,8.250098,7.9759083,4.4589877,0.18482758,10.392834
208,24.2,1285,85.6,3918,33074.0,6747,4.7,81.5,4.3,46.3,39821.0,10.59215,8.273336,7.158514,4.449685,0.20399709,10.406503
209,24.3,2031,85.7,3438,29765.0,6074,1.6,94.4,26.5,44.1,35839.0,10.486792,8.142645,7.6162834,4.450853,0.20406517,10.301088
210,24.3,6901,100.6,4846,34244.0,6601,6.2,77.5,14.3,42.8,40845.0,10.617539,8.4859085,8.839421,4.611152,0.1927637,10.441267
211,24.5,2347,84.0,3990,35615.0,7000,5.2,91.2,21.1,58.0,42615.0,10.659962,8.291547,7.7608933,4.4308167,0.1965464,10.480522
212,24.6,1161,88.7,3698,29386.0,5459,3.4,87.7,35.2,47.6,34845.0,10.458665,8.215548,7.057037,4.48526,0.18576874,10.288274
213,24.7,1164,102.4,4535,30762.0,8068,14.7,51.8,23.5,33.3,38830.0,10.566949,8.41958,7.0596175,4.6288867,0.26227164,10.334036
214,24.7,672,131.9,5680,31681.0,6287,1.4,127.1,8.3,33.8,37968.0,10.544499,8.644707,6.510258,4.882044,0.19844702,10.363472
215,24.9,1285,83.1,3566,32371.0,5977,9.8,65.0,20.4,29.7,38348.0,10.554458,8.1792,7.158514,4.420045,0.18464057,10.385018
216,25.0,1723,101.9,4617,32332.0,6712,2.3,89.4,16.3,43.2,39044.0,10.572445,8.4375,7.4518223,4.623992,0.20759618,10.383813
217,25.2,930,107.2,4102,27654.0,5531,1.2,95.1,27.4,45.7,33185.0,10.409853,8.31923,6.8351846,4.6746964,0.20000723,10.227526
218,25.2,507,108.7,4166,28078.0,5756,4.7,81.8,22.2,56.1,33834.0,10.429221,8.334712,6.228511,4.688592,0.20500036,10.242742
219,25.2,1072,94.8,4647,33219.0,8430,3.5,86.0,5.8,50.8,41649.0,10.6370325,8.443977,6.9772816,4.5517693,0.25377044,10.410877
220,25.7,1362,97.8,3751,28406.0,5444,9.2,70.8,19.0,41.7,33850.0,10.429694,8.229777,7.2167096,4.582925,0.19164965,10.254355
221,25.9,914,90.5,4334,36055.0,7074,2.1,90.1,19.2,40.3,43129.0,10.671951,8.374247,6.8178306,4.5053496,0.19620025,10.492801
222,25.9,6220,82.6,4863,44109.0,8893,6.2,76.2,15.1,75.0,53002.0,10.878085,8.48941,8.735525,4.4140096,0.20161419,10.694419
223,26.1,626,107.5,4551,30050.0,6777,0.6,97.3,20.6,35.6,36827.0,10.513987,8.423102,6.4393506,4.6774907,0.22552413,10.310618
224,26.1,7252,95.7,4579,35200.0,6729,6.5,70.8,22.1,42.9,41929.0,10.643733,8.429235,8.889032,4.5612183,0.19116478,10.4688015
225,26.3,747,100.9,3666,26186.0,5082,14.6,54.8,12.2,80.0,31268.0,10.35035,8.206857,6.616065,4.61413,0.19407317,10.17298
226,26.3,1179,103.5,4534,32610.0,5502,7.6,71.7,26.3,51.1,38112.0,10.548285,8.41936,7.072422,4.6395717,0.16872124,10.392374
227,26.4,1610,94.1,3939,30651.0,6082,5.8,78.3,22.5,49.4,36733.0,10.511431,8.278682,7.3839893,4.5443583,0.19842745,10.3304205
228,26.6,2528,90.9,4136,34972.0,5892,7.0,40.5,30.3,46.3,40864.0,10.618005,8.327484,7.8351836,4.50976,0.16847764,10.462303
229,26.7,2150,91.6,3819,31781.0,5744,13.4,58.6,23.0,34.3,37525.0,10.532763,8.247744,7.673223,4.5174313,0.18073691,10.366624
230,26.7,3505,82.0,4087,36695.0,7297,7.9,73.8,11.9,58.1,43992.0,10.691763,8.315566,8.161945,4.406719,0.19885543,10.510396
231,26.9,2246,101.5,3791,27743.0,5746,2.4,91.6,36.6,46.5,33489.0,10.418972,8.240385,7.716906,4.620059,0.2071153,10.230739
232,27.0,5174,99.4,5137,38536.0,8005,8.0,73.2,24.4,38.2,46541.0,10.748089,8.544225,8.551401,4.599152,0.20772783,10.559348
233,27.1,1033,105.3,4000,27984.0,5349,1.7,95.5,23.6,38.5,33333.0,10.414303,8.294049,6.9402223,4.6568136,0.19114494,10.239388
234,27.2,2580,81.4,3745,34252.0,7423,9.6,70.4,16.4,75.0,41675.0,10.637657,8.228177,7.8555446,4.3993754,0.21671727,10.441501
235,27.2,1234,90.3,3808,30639.0,6148,0.5,97.7,60.6,41.2,36787.0,10.512899,8.24486,7.1180162,4.5031376,0.20065929,10.330029
236,27.2,4630,85.8,3839,33562.0,6222,4.8,81.6,24.0,45.0,39784.0,10.59122,8.252967,8.440312,4.452019,0.18538824,10.42115
237,27.4,1447,96.0,3515,25726.0,6010,6.3,73.9,16.0,56.4,31736.0,10.365207,8.164795,7.277248,4.564348,0.2336158,10.155257
238,27.4,1765,90.7,3613,28211.0,5304,3.0,76.4,27.5,55.6,33515.0,10.419748,8.192294,7.475906,4.5075574,0.18801177,10.247467
239,27.4,273,108.1,4169,27335.0,5567,7.5,75.3,44.4,58.9,32902.0,10.401289,8.335431,5.609472,4.683057,0.20365831,10.215923
240,27.5,2375,90.8,3574,28192.0,6440,12.0,56.3,24.7,37.0,34632.0,10.452534,8.18144,7.772753,4.5086594,0.2284336,10.246794
241,27.5,1134,97.0,4003,28226.0,6572,6.6,77.2,15.4,53.7,34798.0,10.457315,8.2948,7.0335064,4.574711,0.23283498,10.247999
242,27.7,1858,85.3,3718,30685.0,5617,2.8,90.9,23.7,60.5,36302.0,10.499628,8.220942,7.527256,4.4461746,0.18305361,10.33153
243,27.7,2030,90.1,3827,32090.0,6314,2.8,86.7,26.3,41.3,38404.0,10.555917,8.249837,7.615791,4.5009203,0.19675912,10.3763
244,27.7,2163,116.2,4316,26528.0,4724,3.1,95.8,29.1,38.2,31252.0,10.349838,8.370085,7.679251,4.755313,0.178076,10.185956
245,27.7,1415,96.5,4413,34321.0,6535,1.0,91.3,25.6,47.2,40856.0,10.617809,8.39231,7.2548847,4.569543,0.1904082,10.443513
246,27.8,1575,90.4,4036,33160.0,6770,6.6,77.2,21.0,53.3,39930.0,10.594883,8.303009,7.3620105,4.5042443,0.20416164,10.4091
247,27.9,1440,80.8,3763,32462.0,7004,0.5,97.7,37.8,53.2,39466.0,10.583195,8.232972,7.2723985,4.391977,0.21575996,10.387825
248,27.9,2692,95.2,4380,33707.0,7681,3.1,88.5,38.2,22.1,41388.0,10.630746,8.384804,7.89804,4.5559797,0.22787552,10.425461
249,28.0,2137,116.3,5945,37121.0,8160,6.5,86.9,10.1,25.2,45281.0,10.720643,8.690306,7.667158,4.756173,0.21982166,10.521938
250,28.1,2517,109.3,7419,47131.0,9103,15.3,80.0,15.5,41.5,56234.0,10.937277,8.911799,7.830823,4.6940966,0.19314252,10.760686
251,28.3,1047,108.4,3808,24994.0,5040,2.9,89.9,16.7,60.4,30034.0,10.310085,8.24486,6.9536843,4.685828,0.2016484,10.126391
252,28.6,995,88.7,3735,30181.0,6832,1.2,99.6,16.4,52.0,37013.0,10.519025,8.225503,6.902743,4.48526,0.22636758,10.314968
253,28.7,888,99.7,3745,27857.0,5835,4.4,86.8,26.7,52.7,33692.0,10.425015,8.228177,6.788972,4.6021657,0.20946261,10.234839
254,28.7,2009,103.2,3991,28857.0,5318,7.5,78.0,17.4,44.4,34175.0,10.43925,8.291797,7.6053925,4.6366687,0.18428804,10.270108
255,28.7,390,115.4,5090,31585.0,6163,7.8,73.3,48.0,22.5,37748.0,10.538688,8.535033,5.966147,4.7484045,0.19512427,10.360437
256,29.0,1646,90.2,3447,27571.0,5621,3.0,90.0,34.1,43.6,33192.0,10.410064,8.14526,7.4061036,4.5020294,0.20387363,10.22452
257,29.0,10971,91.3,3945,31404.0,6412,4.3,75.4,19.8,37.9,37816.0,10.540487,8.280204,9.303011,4.5141506,0.20417781,10.354691
258,29.0,894,89.5,4026,31690.0,7146,4.0,86.0,34.0,29.1,38836.0,10.567103,8.300529,6.795706,4.494239,0.225497,10.363756
259,29.1,1084,89.5,3479,28092.0,6367,6.4,77.5,39.0,60.4,34459.0,10.447525,8.1545,6.9884133,4.494239,0.22664815,10.24324
260,29.1,1827,93.1,3679,29771.0,6090,0.7,97.0,19.3,35.0,35861.0,10.487406,8.210396,7.5104303,4.5336742,0.20456149,10.3012905
261,29.2,1100,112.4,4024,25981.0,4953,6.5,73.6,20.5,41.4,30934.0,10.339611,8.300032,7.0030656,4.722064,0.19063932,10.165121
262,29.3,3271,96.6,3698,28806.0,5103,10.6,63.4,14.8,62.7,33909.0,10.431436,8.215548,8.092851,4.5705786,0.17715059,10.268339
263,29.4,1215,84.5,3613,28025.0,5676,0.0,100.0,30.6,64.6,33701.0,10.4252825,8.192294,7.1024995,4.4367514,0.20253345,10.240852
264,29.5,984,75.4,3651,29861.0,6860,2.3,86.4,17.9,35.9,36721.0,10.511104,8.202756,6.891626,4.3228073,0.22973108,10.304309
265,29.6,1204,99.2,3813,28023.0,6010,4.1,95.0,8.5,52.7,34033.0,10.435086,8.246172,7.093405,4.597138,0.21446669,10.240781
266,29.6,751,104.1,4128,26711.0,7661,1.6,92.7,20.6,43.3,34372.0,10.444998,8.325548,6.6214056,4.645352,0.28681067,10.192831
267,29.8,13932,88.2,4236,35866.0,7831,2.3,91.2,18.8,48.6,43697.0,10.685035,8.351375,9.541944,4.479607,0.21834049,10.487545
268,29.8,5497,110.4,5179,34502.0,7209,6.5,76.8,27.9,29.7,41711.0,10.63852,8.552367,8.611958,4.70411,0.20894441,10.448772
269,29.8,2928,86.5,5416,45755.0,10748,2.3,92.1,18.2,41.2,56503.0,10.942049,8.597113,7.9820747,4.4601445,0.23490329,10.731056
270,29.9,2606,97.2,3686,28609.0,5397,8.0,71.3,24.6,76.9,34006.0,10.434292,8.212297,7.865572,4.576771,0.18864693,10.2614765
271,30.4,1480,108.7,4082,26778.0,5647,16.4,43.6,22.4,76.2,32425.0,10.386685,8.3143425,7.2997975,4.688592,0.21088207,10.195336
272,30.6,1969,101.4,3710,27710.0,5137,14.5,54.1,30.3,62.5,32847.0,10.399615,8.218787,7.585281,4.619073,0.18538433,10.229548
273,30.7,2689,101.0,4702,33897.0,6432,5.0,82.2,31.2,61.4,40329.0,10.604826,8.455743,7.8969245,4.6151204,0.18975131,10.431082
274,30.8,3005,100.2,4130,29947.0,6890,2.7,87.9,25.4,49.7,36837.0,10.514258,8.326033,8.008033,4.607168,0.23007312,10.307184
275,30.9,5945,94.3,3765,29419.0,6313,6.9,70.5,20.0,59.1,35732.0,10.483802,8.233503,8.690306,4.546481,0.21458921,10.289396
276,31.0,538,101.6,3724,25097.0,5641,1.8,89.7,32.3,37.0,30738.0,10.333255,8.222553,6.2878585,4.6210437,0.2247679,10.130504
277,31.1,739,95.1,3921,27678.0,5549,4.7,82.2,20.0,71.7,33227.0,10.4111185,8.274102,6.605298,4.554929,0.20048414,10.228394
278,31.1,1736,103.6,4450,31501.0,6170,7.5,45.7,21.2,53.6,37671.0,10.536646,8.40066,7.4593387,4.6405373,0.1958668,10.357775
279,31.1,450,111.5,5615,36691.0,7563,3.5,86.0,36.7,52.9,44254.0,10.697701,8.633197,6.1092477,4.7140245,0.20612684,10.510286
280,31.2,1144,87.6,3979,32736.0,6185,5.6,78.3,27.8,41.7,38921.0,10.569289,8.288786,7.0422864,4.472781,0.18893573,10.396231
281,31.3,1514,109.0,3954,24554.0,6198,0.3,98.9,20.6,48.3,30752.0,10.333711,8.282483,7.3225102,4.691348,0.25242323,10.10863
282,31.3,382,100.6,4421,31455.0,5720,0.0,100.0,32.3,67.7,37175.0,10.523392,8.394121,5.9454207,4.611152,0.18184708,10.356314
283,31.4,570,109.1,3956,25987.0,5323,4.4,79.6,31.3,42.1,31310.0,10.351693,8.282989,6.3456364,4.692265,0.20483318,10.165352
284,31.5,533,120.1,5403,31845.0,7057,6.0,77.6,45.5,41.7,38902.0,10.568801,8.594709,6.2785215,4.788325,0.22160465,10.368636
285,31.7,1991,97.7,4222,32392.0,6240,4.7,82.2,22.1,35.4,38632.0,10.561836,8.348064,7.596392,4.5819016,0.19264016,10.385667
286,32.1,1980,96.9,3676,28072.0,6196,5.5,81.1,22.4,38.4,34268.0,10.441967,8.20958,7.5908523,4.5736794,0.22071816,10.242528
287,32.2,1615,98.5,3743,27091.0,5295,1.1,95.8,31.0,50.6,32386.0,10.385482,8.227643,7.38709,4.5900564,0.19545236,10.206957
288,32.2,2475,92.2,3814,28535.0,7562,3.9,85.3,27.9,57.7,36097.0,10.493965,8.246434,7.813996,4.52396,0.26500788,10.258886
289,32.3,2074,100.4,3905,28458.0,5306,1.8,93.7,32.9,41.9,33764.0,10.427151,8.270013,7.637234,4.6091623,0.18645021,10.256185
290,32.3,2482,101.9,4085,29304.0,6312,0.6,96.4,17.9,45.5,35616.0,10.48055,8.315077,7.81682,4.623992,0.21539721,10.28548
291,32.3,491,112.8,4643,29865.0,6678,3.5,86.3,36.7,33.5,36543.0,10.506245,8.443116,6.196444,4.7256165,0.22360623,10.304442
292,32.3,13608,111.8,5869,38848.0,6310,6.7,75.8,22.1,42.5,45158.0,10.717923,8.67744,9.518414,4.7167115,0.16242792,10.567411
293,32.4,5045,87.3,4436,36785.0,7510,7.7,66.5,26.2,52.0,44295.0,10.698627,8.397509,8.526153,4.4693503,0.2041593,10.512845
294,32.5,1067,102.8,3538,24739.0,4848,4.1,86.4,17.5,39.3,29587.0,10.295091,8.171317,6.972606,4.6327853,0.19596589,10.116137
295,32.5,3839,84.9,3695,31917.0,6668,6.3,76.1,27.1,27.6,38585.0,10.560619,8.214736,8.252967,4.441474,0.20891687,10.370894
296,32.6,471,125.4,4201,24768.0,4374,4.0,84.7,11.6,40.9,29142.0,10.279936,8.343078,6.154858,4.8315086,0.17659883,10.117308
297,32.9,1119,99.4,3507,24907.0,6549,2.3,83.8,24.1,37.2,31456.0,10.356345,8.162517,7.0201907,4.599152,0.26293814,10.122904
298,32.9,5466,127.0,6641,37728.0,6366,6.5,77.0,29.3,55.4,44094.0,10.694079,8.801018,8.606302,4.8441873,0.1687341,10.538157
299,33.0,1222,89.0,3833,31408.0,5680,3.7,83.6,25.6,41.9,37088.0,10.521049,8.251403,7.108244,4.4886365,0.18084565,10.354818
300,33.2,578,88.9,4260,34342.0,6741,3.5,91.6,26.2,66.0,41083.0,10.62335,8.357024,6.359574,4.487512,0.19629025,10.444124
301,33.2,753,107.4,5123,33396.0,8237,3.0,88.6,17.2,48.6,41633.0,10.636648,8.541495,6.6240654,4.6765604,0.2466463,10.416191
302,33.4,1643,103.2,4246,29831.0,5755,6.7,76.1,18.4,36.4,35586.0,10.479708,8.353733,7.404279,4.6366687,0.19292012,10.303304
303,33.6,2506,89.8,3569,30196.0,6386,2.8,87.8,27.1,70.0,36582.0,10.507312,8.18004,7.826443,4.497585,0.21148497,10.315465
304,33.6,271,166.6,6577,27490.0,6355,2.0,92.6,25.8,46.5,33845.0,10.429546,8.791334,5.602119,5.115596,0.23117498,10.221578
305,33.8,2171,87.6,3396,28998.0,5010,5.2,77.6,16.2,41.2,34008.0,10.434351,8.130354,7.6829433,4.472781,0.17277053,10.274982
306,33.9,729,99.0,4452,31793.0,7201,0.0,98.4,10.3,40.7,38994.0,10.571163,8.401109,6.591674,4.59512,0.2264964,10.367002
307,34.0,2311,104.9,3605,20394.0,9177,6.5,74.2,13.8,53.8,29571.0,10.294549,8.190077,7.7454357,4.6530075,0.4499853,9.922996
308,34.0,883,94.8,3697,27371.0,6827,0.4,97.9,29.5,53.7,34198.0,10.439922,8.215277,6.783325,4.5517693,0.24942458,10.217239
309,34.1,621,94.9,3786,29217.0,6661,2.0,89.9,29.8,33.3,35878.0,10.48788,8.239065,6.431331,4.5528235,0.22798371,10.282506
310,34.1,424,117.3,4181,26582.0,4871,2.3,93.0,12.2,37.8,31453.0,10.35625,8.338305,6.0497336,4.7647347,0.1832443,10.187989
311,34.2,1470,87.1,3621,29769.0,6641,2.1,91.3,9.8,54.4,36410.0,10.502599,8.194506,7.293018,4.4670568,0.22308442,10.301223
312,34.3,991,107.5,4109,28046.0,5819,11.6,64.4,9.8,36.0,33865.0,10.430138,8.320935,6.8987145,4.6774907,0.20748056,10.241601
313,34.3,12605,105.5,5259,36427.0,8096,10.9,62.9,9.4,48.0,44523.0,10.703761,8.567697,9.441849,4.658711,0.22225273,10.503065
314,34.5,4572,108.0,4552,30751.0,6887,5.3,86.6,18.7,48.4,37638.0,10.535769,8.423322,8.427706,4.6821313,0.22396019,10.333678
315,34.6,575,113.9,3751,22242.0,6284,2.2,91.8,15.4,52.5,28526.0,10.258572,8.229777,6.35437,4.735321,0.28252855,10.009738
316,34.8,1173,116.7,3817,24134.0,5171,5.3,82.5,20.7,51.5,29305.0,10.285514,8.24722,7.06732,4.7596064,0.21426204,10.091377
317,35.0,1337,97.3,3996,29100.0,5908,2.1,91.0,44.8,41.2,35008.0,10.463332,8.293049,7.1981835,4.577799,0.20302406,10.278494
318,35.1,519,93.2,3943,34167.0,0,0.0,100.0,14.3,36.7,34167.0,10.439015,8.279697,6.251904,4.5347476,0.0,10.439015
319,35.4,3334,119.2,5872,35022.0,8116,5.0,82.6,5.2,60.0,43138.0,10.672159,8.677951,8.111928,4.7808027,0.23174004,10.463732
320,35.4,226,162.8,6444,26653.0,8191,0.0,100.0,66.7,64.9,34844.0,10.458636,8.770905,5.420535,5.0925226,0.30732,10.190657
321,35.5,1647,110.8,3903,25636.0,5245,1.7,97.2,21.1,31.6,30881.0,10.337896,8.269501,7.4067106,4.707727,0.2045951,10.151752
322,35.6,747,85.8,3568,30047.0,6299,0.0,97.0,26.1,54.8,36346.0,10.500839,8.179761,6.616065,4.452019,0.20963824,10.310518
323,35.6,1698,91.1,3664,29148.0,6267,3.2,92.2,23.7,47.4,35415.0,10.474891,8.20631,7.4372063,4.5119576,0.21500617,10.280142
324,35.8,757,110.4,3689,23969.0,4960,6.0,82.8,11.9,85.7,28929.0,10.2726,8.213111,6.629363,4.70411,0.20693396,10.084517
325,35.9,282,131.2,6563,35689.0,6112,4.5,84.4,38.9,48.6,41801.0,10.640676,8.789203,5.641907,4.876723,0.17125726,10.482597
326,36.2,1419,107.0,4054,27629.0,5509,0.6,97.5,15.0,31.7,33138.0,10.408436,8.307459,7.2577076,4.6728287,0.19939195,10.226622
327,36.3,2480,108.5,4414,28631.0,5458,3.3,110.3,8.5,28.5,34089.0,10.43673,8.392536,7.816014,4.68675,0.19063254,10.262245
328,37.3,2839,96.8,3422,24709.0,4979,8.0,72.1,27.5,56.5,29688.0,10.298498,8.13798,7.951207,4.572647,0.20150553,10.114923
329,37.3,398,104.3,3559,25023.0,5248,2.9,101.8,38.5,45.0,30271.0,10.3179455,8.177235,5.986452,4.647271,0.20972705,10.127551
330,37.6,507,96.4,4092,30203.0,8628,1.7,95.1,22.6,44.1,38831.0,10.566975,8.316789,6.228511,4.5685062,0.28566697,10.315697
331,37.7,2491,93.5,3779,35782.0,313,3.7,85.8,12.4,34.9,36095.0,10.49391,8.237215,7.8204393,4.5379615,0.008747415,10.4852
332,37.9,8187,99.9,4511,30755.0,5501,4.2,85.6,18.1,31.3,36256.0,10.498361,8.414274,9.010303,4.60417,0.17886522,10.333808
333,38.0,332,98.3,3739,27420.0,6404,6.1,75.1,38.9,73.7,33824.0,10.4289255,8.226574,5.805135,4.588024,0.23355216,10.2190275
334,38.0,541,106.7,4005,25649.0,6151,1.9,95.1,12.1,29.3,31800.0,10.367222,8.295299,6.2934194,4.670021,0.23981442,10.15226
335,38.1,9105,99.7,4757,31837.0,6530,4.3,81.6,21.4,19.0,38367.0,10.554953,8.467373,9.116579,4.6021657,0.20510727,10.368384
336,38.1,624,125.0,4970,31289.0,4573,11.8,58.7,18.9,44.0,35862.0,10.487433,8.511175,6.4361506,4.828314,0.1461536,10.351022
337,38.3,2011,90.7,3912,30081.0,6134,1.3,95.2,20.5,41.0,36215.0,10.497229,8.271804,7.6063876,4.5075574,0.20391609,10.311649
338,38.6,1199,103.8,3947,28278.0,5841,9.9,66.5,33.3,18.2,34119.0,10.43761,8.280711,7.089243,4.642466,0.20655634,10.24984
339,38.6,507,118.3,4327,24850.0,4818,5.4,81.5,10.3,49.0,29668.0,10.297824,8.37263,6.228511,4.773224,0.1938833,10.120613
340,38.7,434,122.7,4327,23039.0,6908,2.9,89.7,10.5,33.3,29947.0,10.307184,8.37263,6.0730443,4.8097425,0.2998394,10.044944
341,38.8,1874,110.3,3685,24270.0,4479,0.0,94.8,15.3,45.0,28749.0,10.266358,8.212026,7.5358305,4.703204,0.18454883,10.096996
342,39.0,3349,90.9,3700,30093.0,5728,14.6,51.3,15.3,55.6,35821.0,10.48629,8.216088,8.116417,4.50976,0.19034328,10.312048
343,39.0,340,140.2,4763,23414.0,4898,0.0,100.0,13.8,42.1,28312.0,10.251041,8.468633,5.8289456,4.94307,0.20919108,10.0610895
344,39.2,799,98.3,3873,27418.0,5210,3.7,85.5,27.8,48.6,32628.0,10.392926,8.261785,6.683361,4.588024,0.19002116,10.218955
345,39.2,1100,99.7,4809,34361.0,8532,10.6,64.7,28.8,70.0,42893.0,10.666464,8.478245,7.0030656,4.6021657,0.24830477,10.444677
346,39.3,2901,94.1,3697,29570.0,5843,5.0,81.8,18.8,34.5,35413.0,10.474834,8.215277,7.9728107,4.5443583,0.19759892,10.294516
347,39.4,2115,106.2,5602,38323.0,8338,5.3,79.8,19.3,41.7,46661.0,10.750664,8.630879,7.6568103,4.665324,0.21757169,10.553805
348,39.6,2135,88.7,3825,29940.0,5886,14.0,53.8,17.7,55.1,35826.0,10.486429,8.249313,7.666222,4.48526,0.19659318,10.306951
349,40.0,2060,97.7,3700,27904.0,6598,0.0,99.3,22.5,44.0,34502.0,10.448772,8.216088,7.630461,4.5819016,0.23645355,10.236526
350,40.3,3762,82.8,4261,37806.0,8776,3.0,76.2,24.8,33.3,46582.0,10.748969,8.357259,8.232706,4.416428,0.23213246,10.540223
351,40.5,1887,143.6,5625,27932.0,5430,8.0,66.3,17.7,44.7,33362.0,10.415173,8.634976,7.5427437,4.9670315,0.19440068,10.237528
352,40.6,1492,91.5,3548,27586.0,5794,0.9,96.3,12.9,45.5,33380.0,10.415712,8.174139,7.307873,4.516339,0.21003407,10.225063
353,40.6,1828,91.9,4018,27712.0,6115,20.0,43.6,25.0,51.4,33827.0,10.429014,8.298539,7.5109777,4.520701,0.22066253,10.229621
354,40.6,668,121.3,4075,27568.0,1644,0.0,100.0,12.5,30.8,29212.0,10.282335,8.312626,6.504288,4.798267,0.059634358,10.224411
355,40.7,878,97.5,4447,32056.0,8288,4.8,85.5,16.3,57.9,40344.0,10.605198,8.399985,6.7776465,4.5798526,0.25854754,10.375239
356,40.8,481,121.3,4520,25817.0,6724,3.6,85.5,22.2,53.6,32541.0,10.390256,8.416267,6.175867,4.798267,0.26044855,10.158789
357,41.1,333,80.0,3415,29705.0,7434,4.7,81.1,25.9,65.3,37139.0,10.522423,8.135933,5.8081427,4.3820267,0.2502609,10.29907
358,41.7,1204,117.7,4622,29090.0,6170,11.3,64.6,11.8,34.7,35260.0,10.470505,8.438582,7.093405,4.768139,0.21210037,10.27815
359,42.3,1604,103.2,3784,25860.0,5124,10.5,57.5,17.4,32.8,30984.0,10.341227,8.238537,7.3802557,4.6366687,0.19814385,10.160453
360,42.3,1174,100.2,3933,28810.0,6534,4.0,90.8,20.3,44.4,35344.0,10.472884,8.277158,7.068172,4.607168,0.22679625,10.268477
361,42.3,1244,106.1,4019,27218.0,7133,5.7,80.2,14.3,50.0,34351.0,10.4443865,8.298788,7.126087,4.664382,0.26206923,10.211634
362,42.4,1789,112.7,4377,27624.0,5998,4.0,84.7,15.6,46.7,33622.0,10.4229355,8.384119,7.4894123,4.7247295,0.21713004,10.22644
363,42.7,212,120.3,3824,21674.0,5179,0.0,100.0,18.8,34.1,26853.0,10.1981325,8.249052,5.3565865,4.7899885,0.2389499,9.983869
364,42.9,385,118.2,4376,25247.0,7028,3.7,88.6,17.4,62.7,32275.0,10.382049,8.38389,5.9532433,4.772378,0.2783697,10.136462
365,43.6,2139,89.7,4220,31949.0,9151,0.7,115.7,16.3,39.5,41100.0,10.623763,8.34759,7.6680937,4.496471,0.28642523,10.371896
366,43.9,12105,111.7,5288,34195.0,7350,8.6,68.7,21.9,53.6,41545.0,10.634533,8.573195,9.401374,4.7158165,0.2149437,10.439835
367,44.1,524,99.2,4143,28138.0,4668,2.1,83.1,15.4,35.7,32806.0,10.398367,8.329175,6.261492,4.597138,0.16589665,10.244876
368,44.1,2005,99.0,4196,29648.0,7385,7.9,71.6,15.0,47.1,37033.0,10.519565,8.3418865,7.6033993,4.59512,0.24908932,10.29715
369,44.4,336,101.5,3706,26444.0,5007,18.4,44.4,21.7,47.8,31451.0,10.356186,8.217709,5.817111,4.620059,0.18934351,10.182785
370,44.9,546,109.9,5229,31384.0,9524,10.5,63.4,14.6,56.4,40908.0,10.619081,8.5619755,6.302619,4.6995707,0.30346674,10.3540535
371,45.0,1813,65.9,3824,42255.0,9704,0.5,98.1,44.2,46.7,51959.0,10.858211,8.249052,7.502738,4.1881385,0.2296533,10.651478
372,45.1,412,112.6,4042,27486.0,4734,2.9,88.4,15.4,42.4,32220.0,10.3803425,8.304495,6.0210233,4.7238417,0.17223313,10.221432
373,45.1,1330,108.6,4337,25924.0,8442,4.4,85.5,17.0,36.5,34366.0,10.444823,8.374938,7.192934,4.687671,0.3256442,10.162925
374,45.1,6931,98.7,4762,36566.0,5461,4.2,83.5,16.0,45.5,42027.0,10.646068,8.468423,8.84376,4.592085,0.14934638,10.506874
375,45.2,4254,108.7,4759,32155.0,7390,3.1,88.5,7.3,71.8,39545.0,10.585195,8.4677925,8.355615,4.688592,0.22982429,10.378324
376,45.4,1686,86.6,3520,29629.0,6608,4.3,83.8,37.1,25.0,36237.0,10.497836,8.166216,7.4301143,4.4613,0.22302474,10.296509
377,45.7,394,115.8,4048,23700.0,5344,1.3,94.8,26.8,31.7,29044.0,10.276567,8.305978,5.976351,4.7518644,0.22548524,10.073231
378,46.0,761,113.0,4594,25083.0,5193,8.6,70.1,6.1,42.9,30276.0,10.31811,8.432507,6.6346335,4.727388,0.20703265,10.129946
379,46.2,358,120.9,4814,27930.0,6327,4.6,78.5,22.9,9.6,34257.0,10.441647,8.479283,5.880533,4.794964,0.22653061,10.237456
380,46.7,2210,96.8,5717,42575.0,8109,5.2,74.9,14.0,44.4,50684.0,10.833365,8.651199,7.700748,4.572647,0.19046389,10.659022
381,47.9,13454,129.0,5532,30501.0,7879,11.8,56.9,6.6,37.3,38380.0,10.555292,8.618304,9.507031,4.8598123,0.2583194,10.325515
382,48.3,1656,110.1,3859,25964.0,5244,8.6,70.5,8.2,44.6,31208.0,10.34843,8.258163,7.4121604,4.701389,0.20197196,10.164466
383,48.3,1448,112.9,3933,25529.0,5537,3.2,87.7,18.1,46.7,31066.0,10.343869,8.277158,7.2779384,4.7265024,0.21689059,10.147571
384,48.4,759,106.7,3867,25711.0,5275,10.4,66.3,23.2,45.7,30986.0,10.34129,8.260234,6.632002,4.670021,0.2051651,10.154675
385,48.4,590,111.8,3888,25482.0,5046,1.3,92.5,23.5,46.4,30528.0,10.3264,8.26565,6.3801227,4.7167115,0.19802213,10.145727
386,48.5,303,108.9,3677,24058.0,5252,0.0,100.0,33.3,41.4,29310.0,10.285684,8.209852,5.7137327,4.69043,0.21830577,10.0882225
387,49.2,488,89.9,3614,29290.0,7102,0.8,96.6,30.6,62.5,36392.0,10.502104,8.192571,6.1903152,4.4986978,0.24247183,10.285002
388,49.7,626,110.2,4074,26480.0,5831,2.1,94.0,20.0,28.6,32311.0,10.383163,8.312381,6.4393506,4.7022967,0.22020392,10.184145
389,49.9,852,123.3,3551,20524.0,4959,9.3,67.8,4.4,44.9,25483.0,10.145767,8.174985,6.7475867,4.8146205,0.24161957,9.92935
390,51.0,1266,90.6,3738,30007.0,6500,13.2,59.3,16.9,44.3,36507.0,10.5052595,8.226306,7.1436176,4.506454,0.21661612,10.309186
391,51.2,1964,78.7,3970,34849.0,7085,8.5,65.2,14.5,27.8,41934.0,10.643852,8.286521,7.5827384,4.365643,0.20330569,10.458779
392,51.2,9166,101.8,4980,35414.0,7175,6.2,76.5,11.2,50.3,42589.0,10.659351,8.5131855,9.123257,4.62301,0.20260349,10.474862
393,51.6,14733,107.3,4971,35024.0,6276,2.6,76.5,10.2,55.1,41300.0,10.628618,8.511376,9.597845,4.6756287,0.17919141,10.463789
394,51.7,865,103.5,3810,26470.0,4947,9.7,66.1,15.2,63.0,31417.0,10.355104,8.245384,6.7627296,4.6395717,0.18689083,10.183767
395,52.3,1668,104.9,3725,25984.0,5393,18.9,42.2,16.0,62.5,31377.0,10.35383,8.222822,7.4193807,4.6530075,0.2075508,10.165236
396,52.9,688,109.7,3628,23437.0,5607,4.8,82.1,30.0,46.5,29044.0,10.276567,8.196437,6.5337887,4.697749,0.2392371,10.062071
397,54.0,702,131.4,6057,34291.0,7245,18.0,44.0,15.5,39.1,41536.0,10.6343155,8.70897,6.5539336,4.878246,0.21127993,10.442638
398,54.3,2171,92.3,3683,28518.0,7027,11.1,65.6,4.9,26.0,35545.0,10.478555,8.211483,7.6829433,4.525044,0.24640578,10.25829
399,55.2,2264,118.7,4657,29398.0,5758,7.2,72.5,20.3,44.4,35156.0,10.46755,8.446127,7.7248883,4.7765994,0.19586366,10.288682
400,55.9,820,86.9,3750,28349.0,6760,9.8,66.5,1.9,9.3,35109.0,10.466213,8.229511,6.7093043,4.464758,0.23845638,10.252347
401,56.8,1658,126.4,5661,32825.0,5942,31.9,65.0,5.8,71.4,38767.0,10.565325,8.6413555,7.4133673,4.8394513,0.18102056,10.398946
402,59.9,363,134.8,3818,19764.0,4734,16.5,53.4,5.9,26.5,24498.0,10.106347,8.247482,5.894403,4.9037924,0.2395264,9.891618
403,60.9,1689,78.4,5380,41856.0,9468,35.8,23.5,7.0,11.2,51324.0,10.845914,8.590444,7.431892,4.361824,0.22620413,10.641991
404,61.1,2631,100.7,5088,35020.0,7655,17.5,61.1,8.1,22.7,42675.0,10.661368,8.53464,7.875119,4.612146,0.21858938,10.463675
405,73.8,4024,85.2,3942,32678.0,6220,8.7,83.3,11.5,26.8,38898.0,10.568698,8.279444,8.300032,4.4450016,0.19034213,10.394458
406,74.4,850,122.4,5029,29210.0,6513,1.6,91.9,9.5,9.7,35723.0,10.48355,8.522977,6.7452364,4.8072944,0.22297159,10.282267
407,79.5,7585,93.3,4529,33645.0,7682,22.0,40.6,2.7,7.2,41327.0,10.6292715,8.418257,8.933928,4.53582,0.22832516,10.423619
