,educ,cigpric,white,age,income,cigs,restaurn,lincome,agesq,lcigpric
0,16.0,60.506,1,46,20000,0,0,9.903487,2116,4.1027427
1,16.0,57.883,1,40,30000,0,0,10.308952,1600,4.0584235
2,12.0,57.664,1,58,30000,3,0,10.308952,3364,4.054633
3,13.5,57.883,1,30,20000,0,0,9.903487,900,4.0584235
4,10.0,58.32,1,17,20000,0,0,9.903487,289,4.065945
5,6.0,59.34,1,86,6500,0,0,8.779557,7396,4.0832834
6,12.0,57.883,1,35,20000,0,0,9.903487,1225,4.0584235
7,15.0,57.883,1,48,30000,0,0,10.308952,2304,4.0584235
8,12.0,59.195,1,48,20000,0,0,9.903487,2304,4.0808372
9,12.0,58.028,1,31,20000,0,0,9.903487,961,4.0609255
10,13.5,57.883,1,27,30000,10,0,10.308952,729,4.0584235
11,12.0,60.288,1,24,20000,20,0,9.903487,576,4.099133
12,10.0,57.883,1,71,8500,30,0,9.047821,5041,4.0584235
13,6.0,58.028,1,44,30000,0,0,10.308952,1936,4.0609255
14,16.0,60.746,1,22,30000,0,0,10.308952,484,4.1067014
15,12.0,60.071,1,29,20000,20,0,9.903487,841,4.095527
16,12.0,60.282,1,33,20000,0,0,9.903487,1089,4.0990334
17,12.0,60.704,1,34,20000,30,0,9.903487,1156,4.1060095
18,13.5,59.86,1,30,8500,0,0,9.047821,900,4.0920086
19,10.0,60.324,0,48,30000,20,0,10.308952,2304,4.09973
20,6.0,59.045,1,61,5500,0,0,8.612503,3721,4.0783
21,18.0,60.294,1,49,30000,0,0,10.308952,2401,4.0992327
22,12.0,59.045,1,33,20000,0,0,9.903487,1089,4.0783
23,16.0,60.632,1,24,30000,0,1,10.308952,576,4.1048226
24,16.0,61.744,1,36,30000,0,1,10.308952,1296,4.122997
25,15.0,60.862,1,39,20000,12,1,9.903487,1521,4.108609
26,18.0,61.399,1,38,30000,0,1,10.308952,1444,4.1173935
27,12.0,60.823,1,29,30000,30,1,10.308952,841,4.107968
28,18.0,62.012,1,23,12500,0,1,9.433484,529,4.127328
29,16.0,61.322,0,51,20000,0,1,9.903487,2601,4.1161385
30,13.5,62.089,1,28,20000,0,1,9.903487,784,4.1285686
31,10.0,61.015,1,47,12500,30,1,9.433484,2209,4.1111197
32,10.0,62.489,1,80,12500,0,1,9.433484,6400,4.1349907
33,10.0,61.667,1,62,30000,2,1,10.308952,3844,4.121749
34,10.0,62.012,1,51,12500,0,1,9.433484,2601,4.127328
35,10.0,61.667,1,51,20000,35,1,9.903487,2601,4.121749
36,12.0,61.053,1,69,12500,0,1,9.433484,4761,4.1117425
37,12.0,61.092,1,28,8500,0,1,9.047821,784,4.112381
38,18.0,61.974,1,38,20000,0,1,9.903487,1444,4.1267147
39,15.0,61.168,1,30,30000,0,1,10.308952,900,4.113624
40,18.0,60.862,1,32,30000,25,1,10.308952,1024,4.108609
41,8.0,61.629,0,71,12500,0,1,9.433484,5041,4.1211324
42,10.0,62.489,1,18,20000,0,1,9.903487,324,4.1349907
43,13.5,62.089,1,26,8500,15,1,9.047821,676,4.1285686
44,10.0,61.744,1,30,20000,20,1,9.903487,900,4.122997
45,12.0,60.67,1,19,3500,0,1,8.160519,361,4.105449
46,12.0,61.168,1,19,6500,20,1,8.779557,361,4.113624
47,13.5,61.245,1,21,1500,0,1,7.3132205,441,4.114882
48,16.0,62.089,1,44,20000,0,1,9.903487,1936,4.1285686
49,10.0,60.555,1,69,30000,30,1,10.308952,4761,4.103552
50,16.0,60.555,1,53,20000,0,1,9.903487,2809,4.103552
51,8.0,62.241,1,53,12500,20,1,9.433484,2809,4.131014
52,6.0,61.705,1,38,6500,10,1,8.779557,1444,4.122365
53,10.0,60.555,1,49,30000,20,1,10.308952,2401,4.103552
54,18.0,61.437,1,24,20000,0,1,9.903487,576,4.1180124
55,16.0,61.322,1,57,8500,0,1,9.047821,3249,4.1161385
56,15.0,61.168,1,28,20000,0,1,9.903487,784,4.113624
57,12.0,61.207,1,32,20000,20,1,9.903487,1024,4.1142616
58,13.5,60.823,1,55,20000,0,1,9.903487,3025,4.107968
59,13.5,60.632,1,47,30000,0,1,10.308952,2209,4.1048226
60,13.5,60.785,1,26,20000,0,1,9.903487,676,4.107343
61,10.0,60.555,1,26,6500,20,1,8.779557,676,4.103552
62,16.0,60.708,0,61,30000,0,1,10.308952,3721,4.1060753
63,10.0,60.67,1,48,20000,0,1,9.903487,2304,4.105449
64,18.0,62.736,1,32,30000,0,1,10.308952,1024,4.1389356
65,16.0,62.089,1,29,12500,0,1,9.433484,841,4.1285686
66,18.0,62.571,0,47,30000,0,1,10.308952,2209,4.136302
67,10.0,60.708,0,62,20000,0,1,9.903487,3844,4.1060753
68,16.0,62.159,0,30,8500,0,1,9.047821,900,4.1296954
69,13.5,61.667,1,21,20000,0,1,9.903487,441,4.121749
70,12.0,61.207,1,28,2500,0,1,7.824046,784,4.1142616
71,12.0,61.053,1,50,30000,20,1,10.308952,2500,4.1117425
72,12.0,61.475,1,69,6500,0,1,8.779557,4761,4.1186304
73,13.5,61.629,1,37,20000,60,1,9.903487,1369,4.1211324
74,12.0,61.744,0,40,30000,20,1,10.308952,1600,4.122997
75,6.0,61.437,1,47,20000,3,1,9.903487,2209,4.1180124
76,10.0,61.936,1,78,2500,0,1,7.824046,6084,4.1261015
77,18.0,61.744,1,38,30000,0,1,10.308952,1444,4.122997
78,13.5,62.489,1,25,30000,0,1,10.308952,625,4.1349907
79,12.0,61.322,1,67,8500,0,1,9.047821,4489,4.1161385
80,13.5,60.9,1,50,30000,12,1,10.308952,2500,4.1092334
81,13.5,61.552,1,47,30000,0,1,10.308952,2209,4.119882
82,8.0,62.489,1,76,6500,0,1,8.779557,5776,4.1349907
83,8.0,60.785,1,28,30000,0,1,10.308952,784,4.107343
84,12.0,61.514,0,32,20000,0,1,9.903487,1024,4.1192646
85,12.0,61.897,0,28,20000,0,1,9.903487,784,4.1254716
86,12.0,61.168,1,53,30000,20,1,10.308952,2809,4.113624
87,12.0,60.823,1,57,20000,0,1,9.903487,3249,4.107968
88,18.0,61.59,1,42,30000,0,1,10.308952,1764,4.1204996
89,15.0,61.092,1,49,12500,0,1,9.433484,2401,4.112381
90,18.0,61.782,1,31,20000,25,1,9.903487,961,4.123612
91,12.0,61.437,1,20,8500,0,1,9.047821,400,4.1180124
92,18.0,61.897,1,45,20000,40,1,9.903487,2025,4.1254716
93,18.0,60.555,0,63,30000,0,1,10.308952,3969,4.103552
94,15.0,61.705,1,61,30000,0,1,10.308952,3721,4.122365
95,13.5,61.859,0,35,12500,30,1,9.433484,1225,4.1248574
96,6.0,61.705,1,59,12500,0,1,9.433484,3481,4.122365
97,10.0,62.654,0,17,8500,0,1,9.047821,289,4.1376276
98,18.0,62.736,1,38,30000,0,1,10.308952,1444,4.1389356
99,13.5,61.245,1,41,30000,0,1,10.308952,1681,4.114882
100,12.0,61.897,1,35,30000,0,1,10.308952,1225,4.1254716
101,12.0,61.59,0,40,30000,0,1,10.308952,1600,4.1204996
102,13.5,62.571,1,37,30000,0,1,10.308952,1369,4.136302
103,12.0,62.406,0,27,5500,13,1,8.612503,729,4.1336613
104,12.0,60.862,1,48,20000,0,1,9.903487,2304,4.108609
105,12.0,62.089,0,18,30000,0,1,10.308952,324,4.1285686
106,12.0,60.862,0,43,20000,0,1,9.903487,1849,4.108609
107,10.0,62.012,1,20,3500,0,1,8.160519,400,4.127328
108,8.0,60.823,1,19,12500,1,1,9.433484,361,4.107968
109,13.5,60.708,1,22,12500,0,1,9.433484,484,4.1060753
110,16.0,60.708,1,60,20000,0,1,9.903487,3600,4.1060753
111,13.5,61.744,1,47,30000,0,1,10.308952,2209,4.122997
112,10.0,61.629,0,77,20000,0,1,9.903487,5929,4.1211324
113,13.5,61.36,1,26,20000,0,1,9.903487,676,4.1167583
114,12.0,62.654,0,37,20000,20,1,9.903487,1369,4.1376276
115,13.5,62.159,0,40,30000,15,1,10.308952,1600,4.1296954
116,6.0,61.284,0,44,8500,0,1,9.047821,1936,4.1155186
117,6.0,62.012,1,65,2500,0,1,7.824046,4225,4.127328
118,16.0,60.9,1,26,30000,0,1,10.308952,676,4.1092334
119,8.0,60.862,0,77,20000,0,1,9.903487,5929,4.108609
120,12.0,61.207,0,73,12500,0,1,9.433484,5329,4.1142616
121,10.0,60.938,1,64,30000,0,1,10.308952,4096,4.109857
122,13.5,61.629,1,28,30000,0,1,10.308952,784,4.1211324
123,13.5,60.862,1,26,30000,20,1,10.308952,676,4.108609
124,10.0,61.092,1,64,20000,20,1,9.903487,4096,4.112381
125,12.0,61.667,1,29,6500,0,1,8.779557,841,4.121749
126,12.0,61.974,1,55,20000,40,1,9.903487,3025,4.1267147
127,12.0,62.736,1,54,30000,0,1,10.308952,2916,4.1389356
128,15.0,61.207,1,42,20000,10,1,9.903487,1764,4.1142616
129,13.5,62.736,0,70,12500,0,1,9.433484,4900,4.1389356
130,16.0,61.284,1,71,20000,0,1,9.903487,5041,4.1155186
131,12.0,61.744,1,24,30000,0,1,10.308952,576,4.122997
132,10.0,61.859,1,38,20000,20,1,9.903487,1444,4.1248574
133,15.0,61.936,1,73,6500,0,1,8.779557,5329,4.1261015
134,18.0,60.823,1,29,30000,0,1,10.308952,841,4.107968
135,13.5,60.555,1,24,20000,0,1,9.903487,576,4.103552
136,12.0,61.437,1,25,8500,0,1,9.047821,625,4.1180124
137,15.0,62.089,1,22,20000,0,1,9.903487,484,4.1285686
138,12.0,61.475,1,36,12500,5,1,9.433484,1296,4.1186304
139,12.0,53.624,1,28,20000,0,0,9.903487,784,3.9819968
140,13.5,53.313,1,27,6500,40,0,8.779557,729,3.9761803
141,13.5,55.185,1,28,4500,8,0,8.411833,784,4.010691
142,12.0,53.382,1,53,20000,0,0,9.903487,2809,3.9774735
143,13.5,54.984,1,23,30000,15,0,10.308952,529,4.0070424
144,12.0,53.969,1,19,12500,15,0,9.433484,361,3.9884098
145,15.0,54.314,0,25,20000,0,0,9.903487,625,3.994782
146,13.5,54.648,0,34,12500,20,0,9.433484,1156,4.0009127
147,13.5,54.141,1,20,30000,0,0,10.308952,400,3.9915917
148,10.0,54.314,1,17,20000,0,0,9.903487,289,3.994782
149,16.0,66.587,1,51,30000,20,1,10.308952,2601,4.198509
150,12.0,65.29,1,44,30000,30,1,10.308952,1936,4.1788387
151,12.0,65.29,1,29,20000,60,1,9.903487,841,4.1788387
152,8.0,66.088,1,65,30000,0,1,10.308952,4225,4.190987
153,12.0,65.29,1,53,30000,0,1,10.308952,2809,4.1788387
154,8.0,67.933,0,46,20000,0,1,9.903487,2116,4.218522
155,18.0,65.29,1,51,30000,0,1,10.308952,2601,4.1788387
156,18.0,65.54,1,66,30000,0,1,10.308952,4356,4.1826606
157,8.0,64.991,0,42,20000,0,1,9.903487,1764,4.1742487
158,16.0,65.141,1,32,8500,40,1,9.047821,1024,4.176554
159,13.5,66.437,1,53,30000,25,1,10.308952,2809,4.1962543
160,8.0,66.038,1,70,30000,0,1,10.308952,4900,4.1902304
161,10.0,65.889,1,30,20000,30,1,9.903487,900,4.1879716
162,18.0,65.889,1,42,30000,0,1,10.308952,1764,4.1879716
163,12.0,66.537,1,69,30000,0,1,10.308952,4761,4.197758
164,10.0,66.437,1,18,5500,0,1,8.612503,324,4.1962543
165,12.0,68.184,1,22,12500,10,1,9.433484,484,4.22221
166,6.0,66.687,0,38,20000,40,1,9.903487,1444,4.20001
167,10.0,66.437,1,52,20000,20,1,9.903487,2704,4.1962543
168,10.0,65.141,0,17,30000,0,1,10.308952,289,4.176554
169,12.0,65.041,1,46,20000,0,1,9.903487,2116,4.175018
170,16.0,66.587,1,46,30000,0,1,10.308952,2116,4.198509
171,12.0,66.038,0,35,30000,0,1,10.308952,1225,4.1902304
172,12.0,66.338,1,22,30000,16,1,10.308952,484,4.1947627
173,12.0,61.546,1,54,20000,20,0,9.903487,2916,4.119785
174,12.0,61.184,1,58,12500,40,0,9.433484,3364,4.113886
175,10.0,62.012,1,27,12500,15,0,9.433484,729,4.127328
176,18.0,61.184,1,47,20000,40,0,9.903487,2209,4.113886
177,16.0,62.012,1,53,30000,40,0,10.308952,2809,4.127328
178,12.0,65.082,1,29,8500,10,0,9.047821,841,4.175648
179,13.5,67.82,1,29,8500,0,0,9.047821,841,4.216857
180,13.5,68.2,1,47,30000,0,0,10.308952,2209,4.2224445
181,8.0,69.402,0,67,30000,10,0,10.308952,4489,4.239916
182,18.0,69.402,0,31,30000,0,0,10.308952,961,4.239916
183,12.0,67.124,1,27,8500,0,0,9.047821,729,4.2065415
184,12.0,68.263,1,34,3500,0,0,8.160519,1156,4.2233677
185,10.0,68.516,1,25,20000,0,0,9.903487,625,4.2270675
186,12.0,67.82,1,46,20000,30,0,9.903487,2116,4.216857
187,16.0,67.82,0,50,12500,50,0,9.433484,2500,4.216857
188,6.0,67.757,1,69,8500,0,0,9.047821,4761,4.2159276
189,13.5,67.82,1,32,12500,0,0,9.433484,1024,4.216857
190,12.0,67.693,1,64,8500,0,0,9.047821,4096,4.214983
191,15.0,67.947,1,30,20000,0,0,9.903487,900,4.218728
192,8.0,68.073,1,78,12500,0,0,9.433484,6084,4.2205806
193,13.5,69.149,1,46,12500,0,0,9.433484,2116,4.2362638
194,13.5,69.529,1,49,30000,60,0,10.308952,2401,4.241744
195,12.0,70.014,1,30,12500,0,0,9.433484,900,4.2486954
196,10.0,68.833,0,23,2500,20,0,7.824046,529,4.2316833
197,12.0,69.402,1,27,20000,15,0,9.903487,729,4.239916
198,18.0,68.39,1,28,30000,20,0,10.308952,784,4.2252264
199,10.0,69.592,1,26,5500,30,0,8.612503,676,4.2426496
200,6.0,67.693,1,44,12500,0,0,9.433484,1936,4.214983
201,13.5,69.402,1,54,30000,30,0,10.308952,2916,4.239916
202,12.0,69.841,1,54,8500,0,0,9.047821,2916,4.246221
203,12.0,69.899,1,66,6500,13,0,8.779557,4356,4.2470512
204,18.0,67.883,1,49,30000,0,0,10.308952,2401,4.217786
205,16.0,67.44,0,77,6500,0,0,8.779557,5929,4.2112384
206,12.0,68.896,1,74,12500,0,0,9.433484,5476,4.2325983
207,18.0,69.465,0,69,30000,0,0,10.308952,4761,4.240823
208,13.5,68.643,1,78,30000,0,0,10.308952,6084,4.228919
209,13.5,68.39,1,57,30000,20,0,10.308952,3249,4.2252264
210,8.0,70.129,1,53,8500,0,0,9.047821,2809,4.250336
211,16.0,67.314,1,88,30000,0,0,10.308952,7744,4.209368
212,12.0,67.187,1,79,20000,0,0,9.903487,6241,4.20748
213,12.0,57.473,1,21,8500,0,0,9.047821,441,4.0513153
214,18.0,58.094,1,30,8500,0,0,9.047821,900,4.0620623
215,18.0,57.473,1,39,30000,0,0,10.308952,1521,4.0513153
216,15.0,59.852,1,25,500,9,0,6.214608,625,4.091875
217,10.0,59.13,1,58,20000,0,0,9.903487,3364,4.0797386
218,13.5,59.13,1,23,30000,15,0,10.308952,529,4.0797386
219,16.0,59.233,1,30,20000,28,0,9.903487,900,4.081479
220,10.0,57.939,1,31,8500,40,0,9.047821,961,4.0593905
221,16.0,57.473,1,31,20000,0,0,9.903487,961,4.0513153
222,16.0,58.094,1,50,20000,0,0,9.903487,2500,4.0620623
223,8.0,58.508,1,20,12500,0,0,9.433484,400,4.0691633
224,13.5,57.11,0,24,12500,0,0,9.433484,576,4.044979
225,12.0,61.988,1,33,20000,0,0,9.903487,1089,4.1269407
226,16.0,63.556,1,39,30000,0,0,10.308952,1521,4.1519213
227,13.5,57.466,0,19,30000,0,0,10.308952,361,4.051193
228,12.0,59.43,1,31,20000,20,0,9.903487,961,4.0847993
229,13.5,60.042,1,40,30000,50,0,10.308952,1600,4.095044
230,16.0,59.492,1,39,12500,0,0,9.433484,1521,4.0858417
231,15.0,59.676,1,23,5500,7,0,8.612503,529,4.08893
232,8.0,58.632,0,71,8500,0,0,9.047821,5041,4.0712805
233,6.0,58.08,1,54,6500,0,0,8.779557,2916,4.0618215
234,10.0,58.51,0,33,12500,20,0,9.433484,1089,4.0691977
235,18.0,60.221,1,30,30000,0,0,10.308952,900,4.098021
236,12.0,57.835,1,31,8500,20,0,9.047821,961,4.0575943
237,18.0,60.518,1,46,30000,0,0,10.308952,2116,4.102941
238,12.0,59.921,1,75,20000,0,0,9.903487,5625,4.093027
239,8.0,58.264,1,40,30000,20,0,10.308952,1600,4.0649843
240,12.0,59.43,1,66,12500,0,0,9.433484,4356,4.0847993
241,18.0,59.492,1,45,30000,40,0,10.308952,2025,4.0858417
242,8.0,59.246,1,73,8500,0,0,9.047821,5329,4.0816984
243,12.0,57.712,1,31,20000,30,0,9.903487,961,4.055465
244,13.5,58.264,1,27,30000,0,0,10.308952,729,4.0649843
245,10.0,58.632,0,50,20000,0,0,9.903487,2500,4.0712805
246,12.0,57.712,1,45,30000,0,0,10.308952,2025,4.055465
247,12.0,58.264,0,22,30000,30,0,10.308952,484,4.0649843
248,13.5,59.246,0,44,30000,0,0,10.308952,1936,4.0816984
249,10.0,58.51,1,51,30000,5,0,10.308952,2601,4.0691977
250,6.0,58.816,1,59,3500,0,0,8.160519,3481,4.074414
251,10.0,58.448,1,59,20000,0,0,9.903487,3481,4.0681376
252,12.0,57.65,1,66,8500,0,0,9.047821,4356,4.0543904
253,13.5,59.246,1,35,30000,3,0,10.308952,1225,4.0816984
254,10.0,57.65,0,17,20000,15,0,9.903487,289,4.0543904
255,12.0,59.553,1,35,20000,0,0,9.903487,1225,4.086867
256,16.0,59.614,1,30,30000,0,0,10.308952,900,4.0878906
257,12.0,59.43,1,23,30000,0,0,10.308952,529,4.0847993
258,8.0,58.141,1,60,8500,0,0,9.047821,3600,4.062871
259,18.0,59.246,1,27,20000,0,0,9.903487,729,4.0816984
260,16.0,57.65,1,37,20000,0,0,9.903487,1369,4.0543904
261,15.0,57.957,0,42,20000,0,0,9.903487,1764,4.0597014
262,8.0,59.921,1,87,3500,0,0,8.160519,7569,4.093027
263,13.5,59.614,1,26,20000,20,0,9.903487,676,4.0878906
264,12.0,57.405,1,20,12500,15,0,9.433484,400,4.0501313
265,10.0,58.878,1,65,12500,0,0,9.433484,4225,4.0754676
266,12.0,59.614,1,35,30000,20,0,10.308952,1225,4.0878906
267,18.0,59.001,0,38,30000,0,0,10.308952,1444,4.077554
268,10.0,59.185,1,64,20000,20,0,9.903487,4096,4.080668
269,10.0,58.264,1,62,8500,0,0,9.047821,3844,4.0649843
270,12.0,58.694,1,47,20000,1,0,9.903487,2209,4.0723376
271,10.0,58.08,1,52,30000,20,0,10.308952,2704,4.0618215
272,13.5,58.571,0,32,12500,0,0,9.433484,1024,4.0702395
273,16.0,58.448,1,26,20000,15,0,9.903487,676,4.0681376
274,18.0,59.553,1,35,20000,0,0,9.903487,1225,4.086867
275,16.0,57.712,1,35,30000,0,0,10.308952,1225,4.055465
276,10.0,59.062,1,24,12500,0,0,9.433484,576,4.0785875
277,8.0,59.43,1,77,20000,1,0,9.903487,5929,4.0847993
278,13.5,58.141,1,24,4500,20,0,8.411833,576,4.062871
279,8.0,53.325,1,63,20000,20,0,9.903487,3969,3.9764054
280,18.0,53.049,0,58,20000,0,0,9.903487,3364,3.971216
281,10.0,52.888,1,69,3500,0,0,8.160519,4761,3.9681764
282,13.5,54.381,0,62,12500,50,0,9.433484,3844,3.9960148
283,12.0,53.67,1,27,12500,0,0,9.433484,729,3.9828541
284,13.5,53.049,1,30,20000,20,0,9.903487,900,3.971216
285,10.0,52.796,1,51,30000,0,0,10.308952,2601,3.9664354
286,12.0,53.118,1,32,12500,0,0,9.433484,1024,3.9725158
287,10.0,52.819,1,51,30000,20,0,10.308952,2601,3.966871
288,6.0,53.647,1,53,20000,0,0,9.903487,2809,3.9824255
289,13.5,53.509,0,20,20000,0,0,9.903487,400,3.9798498
290,13.5,53.279,0,22,12500,40,0,9.433484,484,3.9755423
291,16.0,52.819,1,24,30000,0,0,10.308952,576,3.966871
292,12.0,53.256,1,23,6500,0,0,8.779557,529,3.9751105
293,12.0,52.819,1,65,30000,0,0,10.308952,4225,3.966871
294,8.0,53.233,1,21,20000,20,0,9.903487,441,3.9746785
295,8.0,52.98,1,19,1500,0,0,7.3132205,361,3.9699144
296,10.0,53.509,1,24,12500,20,0,9.433484,576,3.9798498
297,12.0,53.325,1,34,20000,30,0,9.903487,1156,3.9764054
298,10.0,52.819,1,54,8500,6,0,9.047821,2916,3.966871
299,18.0,58.142,1,50,20000,15,0,9.903487,2500,4.062888
300,13.5,57.912,1,65,8500,20,0,9.047821,4225,4.0589247
301,12.0,56.9,1,33,20000,20,0,9.903487,1089,4.0412955
302,8.0,57.682,1,69,8500,0,0,9.047821,4761,4.054945
303,15.0,59.235,1,26,12500,30,0,9.433484,676,4.0815125
304,8.0,57.682,1,69,8500,0,0,9.047821,4761,4.054945
305,12.0,56.9,1,59,30000,20,0,10.308952,3481,4.0412955
306,12.0,57.677,1,35,12500,20,0,9.433484,1225,4.0548587
307,6.0,58.378,1,54,8500,0,0,9.047821,2916,4.066939
308,13.5,55.596,0,28,12500,0,0,9.433484,784,4.018111
309,12.0,55.596,0,28,20000,15,0,9.903487,784,4.018111
310,10.0,45.283,1,77,3500,30,0,8.160519,5929,3.8129318
311,12.0,44.059,1,64,20000,0,0,9.903487,4096,3.7855296
312,10.0,45.561,1,52,4500,40,0,8.411833,2704,3.8190522
313,10.0,45.283,1,21,1500,30,0,7.3132205,441,3.8129318
314,10.0,45.839,1,46,30000,0,0,10.308952,2116,3.8251352
315,12.0,45.227,1,24,20000,0,0,9.903487,576,3.8116944
316,12.0,45.839,1,31,8500,30,0,9.047821,961,3.8251352
317,12.0,44.004,1,26,8500,0,0,9.047821,676,3.7842805
318,10.0,45.784,1,79,4500,0,0,8.411833,6241,3.8239348
319,12.0,46.521,1,53,30000,30,0,10.308952,2809,3.8399038
320,12.0,58.149,1,32,12500,40,0,9.433484,1024,4.063009
321,15.0,60.235,1,21,5500,0,0,8.612503,441,4.0982537
322,15.0,58.983,1,18,20000,0,0,9.903487,324,4.0772495
323,13.5,59.428,1,30,12500,0,0,9.433484,900,4.0847654
324,12.0,59.372,1,20,20000,15,0,9.903487,400,4.0838227
325,8.0,56.904,1,69,12500,40,0,9.433484,4761,4.0413656
326,8.0,58.053,1,59,30000,20,0,10.308952,3481,4.0613565
327,12.0,57.069,1,56,30000,30,0,10.308952,3136,4.044261
328,18.0,57.179,1,43,30000,0,0,10.308952,1849,4.046187
329,10.0,57.434,1,40,30000,40,0,10.308952,1600,4.0506363
330,16.0,58.795,1,37,30000,0,0,10.308952,1369,4.0740566
331,10.0,58.255,1,36,12500,0,0,9.433484,1296,4.06483
332,13.5,58.795,1,28,30000,40,0,10.308952,784,4.0740566
333,12.0,57.871,1,33,30000,0,0,10.308952,1089,4.0582166
334,16.0,57.288,1,63,20000,0,0,9.903487,3969,4.048091
335,8.0,57.835,1,51,1500,20,0,7.3132205,2601,4.0575943
336,12.0,58.795,1,33,30000,10,0,10.308952,1089,4.0740566
337,13.5,57.069,1,39,30000,0,0,10.308952,1521,4.044261
338,12.0,57.762,1,21,20000,20,0,9.903487,441,4.056331
339,13.5,58.255,1,37,30000,0,0,10.308952,1369,4.06483
340,18.0,58.885,1,70,30000,0,0,10.308952,4900,4.0755863
341,12.0,57.871,1,20,30000,0,0,10.308952,400,4.0582166
342,16.0,57.069,1,27,12500,0,0,9.433484,729,4.044261
343,16.0,58.885,1,28,20000,4,0,9.903487,784,4.0755863
344,16.0,66.761,1,30,20000,0,0,9.903487,900,4.201119
345,13.5,65.767,1,52,20000,20,0,9.903487,2704,4.186118
346,18.0,65.199,1,24,12500,0,0,9.433484,576,4.177444
347,12.0,65.767,1,71,12500,0,0,9.433484,5041,4.186118
348,12.0,67.115,1,39,20000,50,0,9.903487,1521,4.2064075
349,12.0,68.335,1,19,8500,10,0,9.047821,361,4.224422
350,13.5,66.973,1,21,20000,0,0,9.903487,441,4.2042894
351,16.0,67.399,1,33,3500,0,0,8.160519,1089,4.2106304
352,13.5,66.122,1,51,20000,0,0,9.903487,2601,4.1915016
353,8.0,65.767,1,54,30000,20,0,10.308952,2916,4.186118
354,13.5,67.541,1,44,20000,25,0,9.903487,1936,4.2127347
355,12.0,67.115,1,43,30000,0,0,10.308952,1849,4.2064075
356,6.0,65.767,1,68,5500,0,0,8.612503,4624,4.186118
357,12.0,66.761,1,22,20000,0,0,9.903487,484,4.201119
358,10.0,65.838,1,54,30000,40,0,10.308952,2916,4.187197
359,16.0,67.825,1,37,30000,30,0,10.308952,1369,4.216931
360,13.5,66.548,1,22,30000,15,0,10.308952,484,4.1979237
361,18.0,58.381,1,65,30000,0,1,10.308952,4225,4.0669904
362,12.0,60.224,1,30,30000,30,1,10.308952,900,4.098071
363,12.0,60.224,1,19,30000,2,1,10.308952,361,4.098071
364,15.0,60.349,1,35,30000,0,1,10.308952,1225,4.1001444
365,10.0,59.986,1,59,30000,0,1,10.308952,3481,4.094111
366,12.0,58.202,1,18,1500,0,1,7.3132205,324,4.0639195
367,12.0,58.262,1,44,20000,20,1,9.903487,1936,4.06495
368,16.0,58.856,1,37,20000,0,1,9.903487,1369,4.0750937
369,12.0,60.522,1,37,12500,20,1,9.433484,1369,4.103007
370,12.0,58.202,1,19,500,0,1,6.214608,361,4.0639195
371,12.0,58.975,1,25,20000,0,1,9.903487,625,4.0771136
372,16.0,58.916,0,31,12500,20,1,9.433484,961,4.0761127
373,12.0,59.986,1,19,30000,0,1,10.308952,361,4.094111
374,10.0,58.499,1,18,30000,0,1,10.308952,324,4.06901
375,16.0,59.867,1,28,20000,20,1,9.903487,784,4.0921254
376,18.0,58.381,1,46,30000,0,1,10.308952,2116,4.0669904
377,12.0,58.262,1,27,20000,0,1,9.903487,729,4.06495
378,12.0,57.845,1,58,20000,0,1,9.903487,3364,4.057767
379,12.0,60.522,1,19,30000,0,1,10.308952,361,4.103007
380,13.5,60.283,1,30,20000,3,1,9.903487,900,4.09905
381,13.5,58.737,1,58,30000,30,1,10.308952,3364,4.07307
382,6.0,58.024,1,42,20000,10,1,9.903487,1764,4.060857
383,13.5,58.083,1,45,30000,0,1,10.308952,2025,4.061873
384,10.0,60.436,1,18,12500,14,1,9.433484,324,4.101585
385,12.0,60.551,0,40,30000,20,1,10.308952,1600,4.103486
386,13.5,59.986,1,66,8500,0,1,9.047821,4356,4.094111
387,12.0,60.224,1,64,8500,20,1,9.047821,4096,4.098071
388,12.0,59.986,0,43,30000,20,1,10.308952,1849,4.094111
389,10.0,60.551,1,53,30000,0,1,10.308952,2809,4.103486
390,16.0,58.797,1,36,30000,30,1,10.308952,1296,4.074091
391,13.5,60.493,1,43,20000,20,1,9.903487,1849,4.1025276
392,18.0,59.57,1,25,12500,0,1,9.433484,625,4.087152
393,12.0,60.464,1,35,30000,0,1,10.308952,1225,4.102048
394,16.0,62.102,1,29,30000,0,1,10.308952,841,4.128778
395,12.0,62.465,1,18,3500,0,1,8.160519,324,4.1346064
396,12.0,63.199,1,20,12500,0,1,9.433484,400,4.1462884
397,12.0,62.344,1,19,30000,0,1,10.308952,361,4.1326675
398,10.0,62.948,1,17,30000,0,1,10.308952,289,4.142309
399,18.0,61.498,0,29,30000,20,1,10.308952,841,4.1190047
400,8.0,61.458,1,65,12500,0,1,9.433484,4225,4.118354
401,12.0,61.498,1,42,20000,0,1,9.903487,1764,4.1190047
402,16.0,63.253,1,32,30000,0,1,10.308952,1024,4.1471424
403,18.0,62.948,1,36,30000,0,1,10.308952,1296,4.142309
404,16.0,63.253,1,57,30000,0,1,10.308952,3249,4.1471424
405,12.0,62.465,1,31,12500,0,1,9.433484,961,4.1346064
406,10.0,62.264,1,17,20000,0,1,9.903487,289,4.1313834
407,10.0,62.948,0,17,20000,0,1,9.903487,289,4.142309
408,8.0,59.376,1,45,20000,8,0,9.903487,2025,4.08389
409,12.0,59.621,1,19,30000,10,0,10.308952,361,4.088008
410,8.0,54.338,1,74,5500,0,0,8.612503,5476,3.9952238
411,12.0,53.653,1,46,30000,25,0,10.308952,2116,3.9825373
412,13.5,54.925,1,27,30000,0,0,10.308952,729,4.0059686
413,12.0,56.294,1,66,20000,0,0,9.903487,4356,4.030588
414,16.0,54.925,1,44,30000,0,0,10.308952,1936,4.0059686
415,12.0,55.022,1,33,30000,0,0,10.308952,1089,4.007733
416,12.0,54.142,1,64,20000,0,0,9.903487,4096,3.9916103
417,13.5,57.485,1,54,30000,1,0,10.308952,2916,4.051524
418,10.0,57.585,0,27,12500,30,0,9.433484,729,4.053262
419,6.0,57.485,1,75,4500,0,0,8.411833,5625,4.051524
420,10.0,53.262,1,19,8500,0,0,9.047821,361,3.975223
421,6.0,56.979,1,69,2500,20,0,7.824046,4761,4.0426826
422,12.0,55.707,1,30,8500,0,0,9.047821,900,4.020106
423,12.0,56.098,1,64,12500,0,0,9.433484,4096,4.0271
424,13.5,57.336,1,37,30000,0,0,10.308952,1369,4.0489287
425,12.0,54.436,1,31,30000,0,0,10.308952,961,3.9970257
426,12.0,57.585,1,30,20000,2,0,9.903487,900,4.053262
427,6.0,55.015,1,38,30000,0,1,10.308952,1444,4.007606
428,12.0,59.653,1,20,30000,0,1,10.308952,400,4.0885444
429,12.0,59.653,1,21,3500,20,1,8.160519,441,4.0885444
430,12.0,56.804,1,19,12500,0,1,9.433484,361,4.0396066
431,18.0,58.464,1,71,12500,0,0,9.433484,5041,4.0684114
432,10.0,63.103,1,49,20000,18,0,9.903487,2401,4.144768
433,10.0,55.168,1,42,8500,0,0,9.047821,1764,4.010383
434,8.0,55.007,1,54,12500,10,0,9.433484,2916,4.0074606
435,13.5,55.168,1,24,20000,20,0,9.903487,576,4.010383
436,12.0,54.322,1,60,30000,0,0,10.308952,3600,3.9949293
437,12.0,55.168,1,54,20000,0,0,9.903487,2916,4.010383
438,10.0,53.879,1,28,8500,20,0,9.047821,784,3.9867408
439,8.0,64.994,1,67,12500,0,0,9.433484,4489,4.174295
440,12.0,65.55,1,56,20000,40,0,9.903487,3136,4.182813
441,16.0,64.048,1,36,30000,0,0,10.308952,1296,4.1596327
442,12.0,64.438,0,25,30000,0,0,10.308952,625,4.165704
443,13.5,65.828,1,34,20000,0,0,9.903487,1156,4.187045
444,10.0,65.605,1,20,20000,5,0,9.903487,400,4.183652
445,13.5,64.493,1,21,30000,10,0,10.308952,441,4.166557
446,12.0,64.938,1,42,8500,0,0,9.047821,1764,4.173433
447,13.5,64.549,1,28,12500,20,0,9.433484,784,4.1674247
448,18.0,65.439,1,29,20000,0,0,9.903487,841,4.1811185
449,8.0,64.994,1,70,5500,20,0,8.612503,4900,4.174295
450,12.0,66.328,1,32,12500,30,0,9.433484,1024,4.194612
451,13.5,65.772,0,42,30000,40,0,10.308952,1764,4.1861944
452,10.0,65.161,1,17,30000,30,0,10.308952,289,4.1768613
453,12.0,66.784,1,24,20000,0,0,9.903487,576,4.2014637
454,15.0,66.328,0,64,20000,0,0,9.903487,4096,4.194612
455,12.0,65.717,1,57,30000,60,0,10.308952,3249,4.1853576
456,16.0,64.104,1,51,30000,0,0,10.308952,2601,4.1605067
457,13.5,65.717,1,29,12500,18,0,9.433484,841,4.1853576
458,10.0,64.438,1,66,6500,20,0,8.779557,4356,4.165704
459,13.5,64.382,1,62,30000,15,0,10.308952,3844,4.164834
460,16.0,66.328,1,29,30000,40,0,10.308952,841,4.194612
461,6.0,65.605,1,58,8500,0,0,9.047821,3364,4.183652
462,15.0,65.161,0,53,20000,0,0,9.903487,2809,4.1768613
463,13.5,65.439,1,38,30000,0,0,10.308952,1444,4.1811185
464,12.0,64.104,1,24,20000,0,0,9.903487,576,4.1605067
465,8.0,66.384,1,59,20000,0,0,9.903487,3481,4.195456
466,16.0,66.217,1,30,30000,0,0,10.308952,900,4.1929374
467,8.0,64.382,1,37,20000,0,0,9.903487,1369,4.164834
468,12.0,65.995,1,43,20000,0,0,9.903487,1849,4.189579
469,12.0,66.162,0,60,20000,0,0,9.903487,3600,4.1921062
470,10.0,64.994,1,24,12500,40,0,9.433484,576,4.174295
471,12.0,64.549,1,60,12500,0,0,9.433484,3600,4.1674247
472,8.0,62.04,1,82,4500,0,0,8.411833,6724,4.1277795
473,12.0,64.192,1,61,20000,0,0,9.903487,3721,4.1618786
474,10.0,64.507,1,66,30000,0,0,10.308952,4356,4.166774
475,15.0,61.85,1,33,30000,0,0,10.308952,1089,4.124712
476,10.0,64.564,1,26,20000,19,0,9.903487,676,4.167657
477,8.0,64.192,0,85,20000,20,0,9.903487,7225,4.1618786
478,13.5,62.104,1,32,20000,0,0,9.903487,1024,4.1288104
479,10.0,63.369,1,27,8500,0,0,9.047821,729,4.148975
480,12.0,64.129,1,30,30000,20,0,10.308952,900,4.160897
481,12.0,62.673,1,30,5500,0,0,8.612503,900,4.137931
482,13.5,63.179,1,47,30000,0,0,10.308952,2209,4.145972
483,12.0,61.85,1,18,6500,0,0,8.779557,324,4.124712
484,12.0,62.42,0,20,6500,0,0,8.779557,400,4.133886
485,18.0,62.547,1,32,30000,0,0,10.308952,1024,4.135918
486,18.0,61.977,1,30,20000,0,0,9.903487,900,4.1267633
487,10.0,63.686,1,17,20000,0,0,9.903487,289,4.153965
488,12.0,62.61,1,22,12500,10,0,9.433484,484,4.136925
489,13.5,61.787,1,43,30000,0,0,10.308952,1849,4.123693
490,10.0,63.306,1,56,20000,40,0,9.903487,3136,4.14798
491,6.0,61.977,1,64,6500,0,0,8.779557,4096,4.1267633
492,6.0,62.926,1,76,12500,0,0,9.433484,5776,4.141959
493,12.0,64.002,1,28,12500,30,0,9.433484,784,4.158914
494,18.0,64.651,1,37,30000,0,0,10.308952,1369,4.1690035
495,15.0,63.622,1,38,20000,0,0,9.903487,1444,4.1529593
496,16.0,62.104,1,52,20000,20,0,9.903487,2704,4.1288104
497,8.0,63.116,1,68,12500,0,0,9.433484,4624,4.144974
498,12.0,62.926,1,75,12500,0,0,9.433484,5625,4.141959
499,13.5,61.85,1,54,30000,20,0,10.308952,2916,4.124712
500,18.0,61.85,1,36,30000,40,0,10.308952,1296,4.124712
501,6.0,62.357,1,37,4500,0,0,8.411833,1369,4.132876
502,13.5,62.42,0,23,12500,28,0,9.433484,529,4.133886
503,6.0,64.192,1,36,6500,5,0,8.779557,1296,4.1618786
504,10.0,63.116,1,44,30000,0,0,10.308952,1936,4.144974
505,18.0,64.192,0,56,20000,0,0,9.903487,3136,4.1618786
506,10.0,64.319,1,64,12500,0,0,9.433484,4096,4.163855
507,13.5,62.99,1,45,30000,28,0,10.308952,2025,4.142976
508,12.0,61.787,1,56,30000,30,0,10.308952,3136,4.123693
509,8.0,63.179,1,62,30000,0,0,10.308952,3844,4.145972
510,15.0,62.8,1,62,12500,0,0,9.433484,3844,4.139955
511,16.0,64.564,1,52,30000,0,0,10.308952,2704,4.167657
512,10.0,63.116,1,18,30000,0,0,10.308952,324,4.144974
513,12.0,64.065,1,47,500,0,0,6.214608,2209,4.1598983
514,18.0,63.179,1,52,30000,0,0,10.308952,2704,4.145972
515,12.0,64.129,1,18,20000,0,0,9.903487,324,4.160897
516,13.5,64.065,1,26,12500,20,0,9.433484,676,4.1598983
517,15.0,64.622,1,22,30000,0,0,10.308952,484,4.168555
518,6.0,63.116,1,65,6500,0,0,8.779557,4225,4.144974
519,12.0,63.876,1,38,20000,20,0,9.903487,1444,4.156944
520,13.5,63.053,1,20,20000,0,0,9.903487,400,4.1439757
521,16.0,62.04,1,41,20000,60,0,9.903487,1681,4.1277795
522,16.0,63.306,1,28,20000,20,0,9.903487,784,4.14798
523,16.0,62.926,1,57,20000,0,0,9.903487,3249,4.141959
524,10.0,63.179,1,44,8500,7,0,9.047821,1936,4.145972
525,13.5,64.478,1,32,20000,0,0,9.903487,1024,4.166324
526,13.5,64.129,1,22,8500,15,0,9.047821,484,4.160897
527,16.0,64.382,1,30,30000,0,0,10.308952,900,4.164834
528,16.0,62.42,1,30,12500,0,0,9.433484,900,4.133886
529,10.0,63.053,1,59,20000,40,0,9.903487,3481,4.1439757
530,6.0,64.002,1,42,8500,0,0,9.047821,1764,4.158914
531,10.0,63.433,1,31,12500,20,0,9.433484,961,4.1499844
532,12.0,63.369,1,39,20000,0,0,9.903487,1521,4.148975
533,8.0,63.686,1,65,12500,0,0,9.433484,4225,4.153965
534,10.0,62.104,0,78,12500,10,0,9.433484,6084,4.1288104
535,10.0,63.622,0,17,4500,0,0,8.411833,289,4.1529593
536,18.0,63.559,1,34,30000,0,0,10.308952,1156,4.1519685
537,16.0,64.651,1,39,30000,0,0,10.308952,1521,4.1690035
538,10.0,62.8,1,49,12500,0,0,9.433484,2401,4.139955
539,12.0,64.192,1,51,30000,0,0,10.308952,2601,4.1618786
540,12.0,61.85,1,19,20000,0,0,9.903487,361,4.124712
541,12.0,63.559,1,26,20000,30,0,9.903487,676,4.1519685
542,12.0,62.293,1,82,6500,0,0,8.779557,6724,4.131849
543,12.0,64.129,1,38,3500,10,0,8.160519,1444,4.160897
544,12.0,62.8,1,32,20000,30,0,9.903487,1024,4.139955
545,10.0,61.724,1,27,3500,30,0,8.160519,729,4.122673
546,12.0,64.564,1,35,20000,0,0,9.903487,1225,4.167657
547,10.0,63.749,1,54,20000,0,0,9.903487,2916,4.1549535
548,12.0,61.977,1,37,30000,20,0,10.308952,1369,4.1267633
549,10.0,64.651,0,60,12500,10,0,9.433484,3600,4.1690035
550,10.0,63.433,1,17,30000,11,0,10.308952,289,4.1499844
551,16.0,64.564,1,28,20000,40,0,9.903487,784,4.167657
552,8.0,62.167,1,35,12500,40,0,9.433484,1225,4.129824
553,10.0,64.002,1,40,8500,20,0,9.047821,1600,4.158914
554,6.0,64.129,1,24,3500,0,0,8.160519,576,4.160897
555,18.0,63.749,1,41,30000,0,0,10.308952,1681,4.1549535
556,8.0,61.787,0,47,20000,0,0,9.903487,2209,4.123693
557,13.5,46.314,1,22,6500,0,0,8.779557,484,3.8354442
558,18.0,44.726,1,29,20000,0,0,9.903487,841,3.800555
559,10.0,44.381,1,17,30000,30,0,10.308952,289,3.7928114
560,13.5,47.648,0,40,30000,40,0,10.308952,1600,3.8638406
561,13.5,46.314,1,32,8500,10,0,9.047821,1024,3.8354442
562,13.5,47.004,1,47,30000,0,0,10.308952,2209,3.8502328
563,10.0,46.659,1,58,20000,20,0,9.903487,3364,3.842866
564,18.0,44.45,1,74,30000,0,0,10.308952,5476,3.794365
565,12.0,47.492,1,49,30000,20,0,10.308952,2401,3.8605614
566,6.0,47.211,1,69,5500,0,0,8.612503,4761,3.854627
567,16.0,47.211,1,25,12500,0,0,9.433484,625,3.854627
568,6.0,45.278,1,71,1500,0,0,7.3132205,5041,3.8128211
569,12.0,57.352,1,66,6500,1,0,8.779557,4356,4.0492077
570,10.0,57.49,1,25,12500,20,0,9.433484,625,4.051611
571,10.0,59.151,1,50,20000,0,0,9.903487,2500,4.0800934
572,13.5,57.03,1,19,2500,0,0,7.824046,361,4.043577
573,6.0,57.168,1,28,3500,3,0,8.160519,784,4.0459943
574,15.0,58.996,1,22,12500,0,0,9.433484,484,4.07747
575,13.5,58.088,1,49,30000,20,0,10.308952,2401,4.0619593
576,12.0,57.536,1,39,20000,20,0,9.903487,1521,4.0524106
577,10.0,58.641,1,19,3500,9,0,8.160519,361,4.071434
578,12.0,57.812,1,60,30000,0,0,10.308952,3600,4.057196
579,18.0,58.181,1,37,20000,18,0,9.903487,1369,4.063559
580,12.0,58.088,1,62,12500,0,0,9.433484,3844,4.0619593
581,12.0,58.892,1,20,1500,0,0,7.3132205,400,4.075705
582,16.0,58.135,1,23,4500,1,0,8.411833,529,4.062768
583,10.0,56.846,1,45,20000,60,0,9.903487,2025,4.0403457
584,12.0,57.398,1,28,30000,40,0,10.308952,784,4.0500093
585,12.0,59.151,1,20,30000,6,0,10.308952,400,4.0800934
586,12.0,58.319,1,51,20000,0,0,9.903487,2601,4.065928
587,12.0,57.398,1,62,6500,0,0,8.779557,3844,4.0500093
588,12.0,59.048,1,55,30000,0,0,10.308952,3025,4.0783505
589,16.0,58.181,1,26,12500,0,0,9.433484,676,4.063559
590,12.0,58.088,0,41,20000,10,0,9.903487,1681,4.0619593
591,13.5,58.227,1,67,12500,0,0,9.433484,4489,4.064349
592,10.0,57.398,1,19,30000,20,0,10.308952,361,4.0500093
593,18.0,56.754,1,33,20000,0,0,9.903487,1089,4.0387263
594,18.0,57.398,1,29,12500,0,0,9.433484,841,4.0500093
595,12.0,57.444,1,49,20000,20,0,9.903487,2401,4.0508103
596,12.0,59.048,1,29,3500,20,0,8.160519,841,4.0783505
597,15.0,58.841,1,32,20000,0,0,9.903487,1024,4.074839
598,16.0,57.812,1,31,30000,60,0,10.308952,961,4.057196
599,10.0,57.904,1,17,20000,50,0,9.903487,289,4.0587864
600,13.5,57.536,1,33,20000,0,0,9.903487,1089,4.0524106
601,12.0,58.737,1,21,12500,0,0,9.433484,441,4.07307
602,10.0,58.319,1,59,20000,30,0,9.903487,3481,4.065928
603,13.5,56.984,1,25,30000,20,0,10.308952,625,4.0427704
604,8.0,57.398,1,32,30000,60,0,10.308952,1024,4.0500093
605,12.0,58.411,1,25,20000,0,0,9.903487,625,4.0675044
606,13.5,58.737,1,61,6500,40,0,8.779557,3721,4.07307
607,18.0,58.892,1,66,30000,0,0,10.308952,4356,4.075705
608,10.0,57.398,1,22,12500,25,0,9.433484,484,4.0500093
609,12.0,57.49,1,24,6500,10,0,8.779557,576,4.051611
610,18.0,58.135,1,43,30000,0,0,10.308952,1849,4.062768
611,12.0,59.048,1,51,20000,0,0,9.903487,2601,4.0783505
612,16.0,57.812,1,45,30000,0,0,10.308952,2025,4.057196
613,12.0,58.841,1,45,20000,0,0,9.903487,2025,4.074839
614,18.0,57.398,1,66,8500,0,0,9.047821,4356,4.0500093
615,12.0,58.892,0,38,30000,0,0,10.308952,1444,4.075705
616,10.0,56.846,1,49,20000,30,0,9.903487,2401,4.0403457
617,13.5,57.444,1,29,8500,1,0,9.047821,841,4.0508103
618,16.0,56.846,1,45,30000,33,0,10.308952,2025,4.0403457
619,18.0,60.873,1,43,30000,80,0,10.308952,1849,4.10879
620,12.0,61.156,1,49,30000,0,0,10.308952,2401,4.113428
621,13.5,62.718,1,20,30000,0,0,10.308952,400,4.1386485
622,13.5,63.273,1,41,20000,20,0,9.903487,1681,4.1474586
623,12.0,58.46,1,31,20000,0,0,9.903487,961,4.0683427
624,13.5,60.021,1,28,12500,0,0,9.433484,784,4.0946946
625,12.0,59.028,1,36,12500,0,0,9.433484,1296,4.078012
626,18.0,54.429,0,37,20000,0,0,9.903487,1369,3.9968972
627,12.0,53.344,1,18,500,0,0,6.214608,324,3.9767616
628,15.0,52.579,1,22,2500,0,0,7.824046,484,3.9623168
629,18.0,52.7,1,33,20000,0,0,9.903487,1089,3.9646156
630,10.0,53.143,1,76,4500,0,0,8.411833,5776,3.9729865
631,13.5,52.7,1,34,20000,0,0,9.903487,1156,3.9646156
632,13.5,60.786,0,78,2500,0,0,7.824046,6084,4.1073594
633,12.0,60.974,1,31,3500,15,0,8.160519,961,4.1104474
634,10.0,61.269,1,42,12500,0,0,9.433484,1764,4.115274
635,18.0,61.216,1,32,5500,10,0,8.612503,1024,4.1144085
636,8.0,60.746,1,80,12500,0,0,9.433484,6400,4.1067014
637,12.0,61.751,1,40,8500,10,0,9.047821,1600,4.1231103
638,16.0,61.242,1,53,30000,0,0,10.308952,2809,4.1148334
639,6.0,60.826,0,82,12500,0,0,9.433484,6724,4.1080174
640,6.0,61.055,1,18,8500,11,0,9.047821,324,4.111775
641,8.0,61.081,0,46,12500,10,0,9.433484,2116,4.1122007
642,12.0,61.202,1,60,20000,0,0,9.903487,3600,4.11418
643,8.0,61.684,1,78,6500,0,0,8.779557,6084,4.1220245
644,12.0,60.947,1,47,30000,0,0,10.308952,2209,4.1100044
645,10.0,60.813,1,17,30000,0,0,10.308952,289,4.1078033
646,12.0,60.759,1,27,20000,2,0,9.903487,729,4.106915
647,18.0,61.242,1,48,30000,0,0,10.308952,2304,4.1148334
648,18.0,61.028,1,39,30000,0,0,10.308952,1521,4.111333
649,12.0,61.229,1,25,30000,0,0,10.308952,625,4.114621
650,12.0,61.885,1,30,3500,10,0,8.160519,900,4.125278
651,18.0,60.746,1,59,20000,0,0,9.903487,3481,4.1067014
652,16.0,61.041,1,47,30000,0,0,10.308952,2209,4.1115456
653,12.0,61.189,1,32,8500,20,0,9.047821,1024,4.1139674
654,10.0,61.189,1,17,20000,20,0,9.903487,289,4.1139674
655,13.5,60.786,1,23,30000,0,0,10.308952,529,4.1073594
656,12.0,61.256,1,20,12500,0,0,9.433484,400,4.1150618
657,13.5,60.974,1,32,20000,0,0,9.903487,1024,4.1104474
658,13.5,61.001,1,19,30000,10,0,10.308952,361,4.1108904
659,12.0,61.095,1,23,20000,0,0,9.903487,529,4.11243
660,10.0,61.229,1,18,6500,0,0,8.779557,324,4.114621
661,12.0,61.229,1,54,20000,30,0,9.903487,2916,4.114621
662,12.0,60.947,1,65,20000,20,0,9.903487,4225,4.1100044
663,8.0,60.974,1,55,6500,0,0,8.779557,3025,4.1104474
664,12.0,61.001,1,29,30000,30,0,10.308952,841,4.1108904
665,12.0,61.885,0,19,5500,8,0,8.612503,361,4.125278
666,16.0,60.786,1,27,12500,0,0,9.433484,729,4.1073594
667,12.0,61.256,1,26,12500,35,0,9.433484,676,4.1150618
668,10.0,61.189,1,59,30000,20,0,10.308952,3481,4.1139674
669,12.0,60.732,1,25,20000,0,0,9.903487,625,4.1064706
670,16.0,61.041,1,78,12500,0,0,9.433484,6084,4.1115456
671,6.0,60.826,1,69,6500,20,0,8.779557,4761,4.1080174
672,10.0,61.216,1,58,20000,0,0,9.903487,3364,4.1144085
673,15.0,51.0,1,24,12500,0,0,9.433484,576,3.9318256
674,12.0,51.0,1,54,12500,0,0,9.433484,2916,3.9318256
675,12.0,51.0,1,48,20000,0,0,9.903487,2304,3.9318256
676,12.0,51.04,1,59,30000,30,0,10.308952,3481,3.9326096
677,10.0,51.04,1,38,20000,40,0,9.903487,1444,3.9326096
678,16.0,50.919,1,29,30000,0,0,10.308952,841,3.930236
679,12.0,51.443,1,33,12500,50,0,9.433484,1089,3.9404745
680,6.0,51.0,1,32,2500,0,0,7.824046,1024,3.9318256
681,18.0,57.982,1,36,30000,0,0,10.308952,1296,4.0601325
682,6.0,59.996,0,49,30000,20,0,10.308952,2401,4.094278
683,16.0,58.04,1,69,20000,0,0,9.903487,4761,4.0611324
684,12.0,60.868,0,18,30000,20,0,10.308952,324,4.1087074
685,18.0,57.982,1,72,20000,0,0,9.903487,5184,4.0601325
686,18.0,60.803,1,35,12500,40,0,9.433484,1225,4.1076393
687,8.0,58.788,0,71,1500,0,0,7.3132205,5041,4.073938
688,13.5,58.615,1,47,30000,0,0,10.308952,2209,4.0709906
689,12.0,58.442,1,20,500,0,0,6.214608,400,4.0680346
690,12.0,60.168,1,43,20000,0,0,9.903487,1849,4.097141
691,12.0,60.347,1,65,4500,0,0,8.411833,4225,4.100111
692,8.0,60.226,1,23,2500,10,0,7.824046,529,4.098104
693,12.0,59.996,1,44,30000,40,0,10.308952,1936,4.094278
694,13.5,63.989,0,28,20000,0,0,9.903487,784,4.158711
695,18.0,64.235,1,67,20000,0,0,9.903487,4489,4.162548
696,13.5,62.858,1,32,12500,0,0,9.433484,1024,4.140878
697,8.0,63.519,1,37,20000,0,0,9.903487,1369,4.151339
698,13.5,63.928,1,32,12500,4,0,9.433484,1024,4.1577573
699,6.0,63.577,1,57,20000,0,0,9.903487,3249,4.1522517
700,10.0,63.145,1,55,20000,30,0,9.903487,3025,4.145434
701,12.0,63.663,1,31,30000,0,0,10.308952,961,4.1536036
702,12.0,63.088,1,57,30000,0,0,10.308952,3249,4.144531
703,13.5,63.744,0,54,30000,0,0,10.308952,2916,4.1548753
704,16.0,63.989,0,24,20000,25,0,9.903487,576,4.158711
705,13.5,63.692,1,33,12500,0,0,9.433484,1089,4.154059
706,16.0,62.829,1,49,30000,0,0,10.308952,2401,4.1404166
707,10.0,63.548,1,19,12500,0,0,9.433484,361,4.1517954
708,16.0,62.57,1,50,8500,20,0,9.047821,2500,4.136286
709,18.0,62.829,1,58,30000,0,0,10.308952,3364,4.1404166
710,10.0,62.973,1,65,20000,0,0,9.903487,4225,4.142706
711,10.0,64.235,1,18,8500,0,0,9.047821,324,4.162548
712,12.0,63.232,1,31,30000,20,0,10.308952,961,4.1468105
713,12.0,62.829,1,34,20000,0,0,9.903487,1156,4.1404166
714,12.0,63.49,1,55,30000,0,0,10.308952,3025,4.1508822
715,16.0,63.26,1,28,12500,0,0,9.433484,784,4.147253
716,12.0,62.541,1,65,8500,20,0,9.047821,4225,4.1358223
717,8.0,63.928,0,68,5500,15,0,8.612503,4624,4.1577573
718,13.5,62.829,1,29,30000,0,0,10.308952,841,4.1404166
719,12.0,62.656,0,29,20000,10,0,9.903487,841,4.1376595
720,12.0,62.858,1,61,8500,0,0,9.047821,3721,4.140878
721,16.0,63.375,1,45,30000,0,0,10.308952,2025,4.1490693
722,15.0,63.318,1,66,20000,0,0,9.903487,4356,4.1481695
723,12.0,63.548,1,18,30000,0,0,10.308952,324,4.1517954
724,16.0,62.685,1,44,30000,40,0,10.308952,1936,4.138122
725,12.0,62.742,1,41,20000,0,0,9.903487,1681,4.139031
726,6.0,62.829,1,31,8500,0,0,9.047821,961,4.1404166
727,12.0,63.577,1,61,4500,40,0,8.411833,3721,4.1522517
728,10.0,63.232,1,29,20000,0,0,9.903487,841,4.1468105
729,13.5,62.57,1,70,3500,12,0,8.160519,4900,4.136286
730,6.0,63.692,1,49,5500,20,0,8.612503,2401,4.154059
731,16.0,62.886,0,35,20000,0,0,9.903487,1225,4.1413236
732,12.0,63.203,1,28,20000,15,0,9.903487,784,4.146352
733,12.0,63.548,0,30,20000,0,0,9.903487,900,4.1517954
734,13.5,63.989,0,23,12500,0,0,9.433484,529,4.158711
735,12.0,62.771,1,35,20000,0,0,9.903487,1225,4.139493
736,12.0,63.26,1,24,8500,0,0,9.047821,576,4.147253
737,16.0,63.663,0,22,30000,0,0,10.308952,484,4.1536036
738,10.0,63.663,1,49,30000,0,0,10.308952,2401,4.1536036
739,12.0,63.232,1,38,30000,30,0,10.308952,1444,4.1468105
740,12.0,56.174,0,22,30000,0,1,10.308952,484,4.028454
741,16.0,56.51,0,45,20000,0,1,9.903487,2025,4.0344176
742,18.0,56.174,0,39,30000,0,1,10.308952,1521,4.028454
743,15.0,54.63,1,61,12500,0,1,9.433484,3721,4.000583
744,12.0,54.764,1,19,30000,0,1,10.308952,361,4.003033
745,18.0,56.174,1,36,20000,0,1,9.903487,1296,4.028454
746,10.0,54.764,1,21,30000,0,1,10.308952,441,4.003033
747,16.0,54.63,1,38,30000,0,1,10.308952,1444,4.000583
748,12.0,46.932,1,39,30000,0,0,10.308952,1521,3.8486998
749,18.0,47.035,1,29,20000,0,0,9.903487,841,3.850892
750,13.5,48.798,1,44,30000,0,0,10.308952,1936,3.8876894
751,12.0,46.31,1,46,30000,10,0,10.308952,2116,3.835358
752,13.5,47.657,1,26,30000,0,0,10.308952,676,3.8640296
753,13.5,48.071,1,30,20000,0,0,9.903487,900,3.872679
754,12.0,47.346,1,47,20000,40,0,9.903487,2209,3.8574824
755,6.0,48.545,1,64,20000,0,0,9.903487,4096,3.882491
756,12.0,47.501,1,18,20000,5,0,9.903487,324,3.8607507
757,12.0,47.346,1,37,12500,20,0,9.433484,1369,3.8574824
758,10.0,47.605,0,67,12500,0,0,9.433484,4489,3.8629377
759,10.0,47.812,1,29,20000,20,0,9.903487,841,3.8672767
760,18.0,46.466,1,60,30000,5,0,10.308952,3600,3.8387208
761,12.0,46.776,1,39,20000,0,0,9.903487,1521,3.8453703
762,13.5,46.31,1,59,20000,15,0,9.903487,3481,3.835358
763,6.0,46.518,1,75,1500,0,0,7.3132205,5625,3.8398395
764,12.0,48.545,1,19,30000,15,0,10.308952,361,3.882491
765,13.5,63.45,1,27,20000,6,0,9.903487,729,4.1502523
766,13.5,62.227,1,62,20000,0,0,9.903487,3844,4.130789
767,12.0,63.113,1,63,30000,20,0,10.308952,3969,4.1449265
768,12.0,63.408,1,60,30000,0,0,10.308952,3600,4.14959
769,12.0,62.86,1,46,30000,20,0,10.308952,2116,4.14091
770,12.0,62.227,1,28,6500,0,0,8.779557,784,4.130789
771,13.5,62.227,1,20,20000,15,0,9.903487,400,4.130789
772,12.0,63.366,1,50,20000,0,0,9.903487,2500,4.1489277
773,15.0,62.1,1,43,30000,0,0,10.308952,1849,4.128746
774,12.0,63.366,1,45,30000,55,0,10.308952,2025,4.1489277
775,12.0,63.282,1,62,6500,0,0,8.779557,3844,4.147601
776,6.0,63.282,1,70,4500,12,0,8.411833,4900,4.147601
777,12.0,64.161,1,58,12500,0,0,9.433484,3364,4.1613955
778,12.0,64.107,1,21,30000,0,0,10.308952,441,4.1605535
779,13.5,63.028,1,27,1500,0,0,7.3132205,729,4.143579
780,18.0,64.214,1,47,30000,0,0,10.308952,2209,4.1622214
781,10.0,63.999,1,68,12500,0,0,9.433484,4624,4.1588674
782,10.0,63.282,1,17,30000,2,0,10.308952,289,4.147601
783,16.0,62.227,1,35,20000,0,0,9.903487,1225,4.130789
784,12.0,62.691,1,37,30000,0,0,10.308952,1369,4.138218
785,16.0,63.838,1,30,20000,20,0,9.903487,900,4.1563487
786,10.0,63.408,1,19,30000,0,0,10.308952,361,4.14959
787,12.0,63.493,1,54,12500,30,0,9.433484,2916,4.1509295
788,12.0,63.838,1,41,30000,10,0,10.308952,1681,4.1563487
789,12.0,62.227,1,34,30000,0,0,10.308952,1156,4.130789
790,13.5,62.691,1,28,6500,20,0,8.779557,784,4.138218
791,13.5,62.185,1,26,20000,30,0,9.903487,676,4.1301136
792,12.0,62.48,1,18,30000,0,0,10.308952,324,4.1348467
793,12.0,62.868,1,19,20000,0,0,9.903487,361,4.1410375
794,6.0,61.251,1,29,20000,0,0,9.903487,841,4.11498
795,8.0,59.988,1,60,12500,15,0,9.433484,3600,4.0941443
796,18.0,61.393,1,50,20000,0,0,9.903487,2500,4.1172957
797,12.0,60.707,1,52,20000,40,0,9.903487,2704,4.106059
798,15.0,61.251,1,22,30000,5,0,10.308952,484,4.11498
799,10.0,60.036,1,38,20000,40,0,9.903487,1444,4.0949445
800,10.0,60.227,1,63,12500,0,0,9.433484,3969,4.0981207
801,16.0,60.995,1,23,12500,0,0,9.433484,529,4.1107917
802,18.0,61.818,0,52,30000,20,0,10.308952,2704,4.1241946
803,18.0,61.676,1,31,12500,0,0,9.433484,961,4.121895
804,16.0,60.707,1,30,20000,0,0,9.903487,900,4.106059
805,10.0,59.988,1,18,20000,0,0,9.903487,324,4.0941443
806,10.0,59.652,1,47,30000,20,0,10.308952,2209,4.0885277
