,date,sp500,divyld,i3,ip,pcsp,rsp500,pcip,ci3,ci3_1,ci3_2,pcip_1,pcip_2,pcip_3,pcsp_1,pcsp_2,pcsp_3
0,1947.01,15.21,4.49,0.38,22.4,,,,,,,,,,,,
1,1947.02,15.8,4.38,0.38,22.5,46.548332,50.928333,5.3571634,0.0,,,,,,,,
2,1947.03,15.16,4.61,0.38,22.6,-48.60762,-43.99762,5.333354,0.0,0.0,,5.3571634,,,46.548332,,
3,1947.04,14.6,4.75,0.38,22.5,-44.327137,-39.577137,-5.3097544,0.0,0.0,0.0,5.333354,5.3571634,,-48.60762,46.548332,
4,1947.05,14.34,5.05,0.38,22.6,-21.36988,-16.319881,5.333354,0.0,0.0,0.0,-5.3097544,5.333354,5.3571634,-44.327137,-48.60762,46.548332
5,1947.06,14.84,5.03,0.38,22.6,41.841003,46.871002,0.0,0.0,0.0,0.0,5.333354,-5.3097544,5.333354,-21.36988,-44.327137,-48.60762
6,1947.07,15.77,4.81,0.64,22.4,75.20218,80.01218,-10.619509,0.26,0.0,0.0,0.0,5.333354,-5.3097544,41.841003,-21.36988,-44.327137
7,1947.08,15.46,4.97,0.74,22.6,-23.589125,-18.619125,10.714327,0.100000024,0.26,0.0,-10.619509,0.0,5.333354,75.20218,41.841003,-21.36988
8,1947.09,15.06,5.16,0.79,22.7,-31.047836,-25.887836,5.3097544,0.050000012,0.100000024,0.26,10.714327,-10.619509,0.0,-23.589125,75.20218,41.841003
9,1947.1,15.45,5.1,0.84,22.9,31.075647,36.175648,10.572626,0.049999952,0.050000012,0.100000024,5.3097544,10.714327,-10.619509,-31.047836,-23.589125,75.20218
10,1947.11,15.27,5.24,0.92,23.3,-13.980532,-8.740532,20.96068,0.08000004,0.049999952,0.050000012,10.572626,5.3097544,10.714327,31.075647,-31.047836,-23.589125
11,1947.12,15.03,5.55,0.95,23.3,-18.860567,-13.310567,0.0,0.029999971,0.08000004,0.049999952,20.96068,10.572626,5.3097544,-13.980532,31.075647,-31.047836
12,1948.01,14.83,5.71,0.97,23.5,-15.968048,-10.258048,10.300468,0.02000004,0.029999971,0.08000004,0.0,20.96068,10.572626,-18.860567,-13.980532,31.075647
13,1948.02,14.1,6.01,0.99,23.5,-59.06942,-53.059418,0.0,0.01999998,0.02000004,0.029999971,10.300468,0.0,20.96068,-15.968048,-18.860567,-13.980532
14,1948.03,14.3,5.9,1.0,23.3,17.02126,22.921259,-10.212805,0.00999999,0.01999998,0.02000004,0.0,10.300468,0.0,-59.06942,-15.968048,-18.860567
15,1948.04,15.4,5.5,1.0,23.3,92.30765,97.80765,0.0,0.0,0.00999999,0.01999998,-10.212805,0.0,10.300468,17.02126,-59.06942,-15.968048
16,1948.05,16.15,5.32,1.0,23.7,58.44156,63.76156,20.600937,0.0,0.0,0.00999999,0.0,-10.212805,0.0,92.30765,17.02126,-59.06942
17,1948.06,16.82,5.02,1.0,24.0,49.783287,54.803288,15.189835,0.0,0.0,0.0,20.600937,0.0,-10.212805,58.44156,92.30765,17.02126
18,1948.07,16.42,4.96,1.0,24.0,-28.537428,-23.577427,0.0,0.0,0.0,0.0,15.189835,20.600937,0.0,49.783287,58.44156,92.30765
19,1948.08,15.94,5.17,1.03,23.9,-35.07921,-29.909208,-5.000019,0.029999971,0.0,0.0,0.0,15.189835,20.600937,-28.537428,49.783287,58.44156
20,1948.09,15.76,5.29,1.09,23.7,-13.550768,-8.260768,-10.041783,0.060000062,0.029999971,0.0,-5.000019,0.0,15.189835,-35.07921,-28.537428,49.783287
21,1948.1,16.19,5.29,1.12,23.9,32.741142,38.031143,10.126524,0.029999971,0.060000062,0.029999971,-10.041783,-5.000019,0.0,-13.550768,-35.07921,-28.537428
22,1948.11,15.29,6.09,1.14,23.6,-66.707886,-60.617886,-15.062723,0.01999998,0.029999971,0.060000062,10.126524,-10.041783,-5.000019,32.741142,-13.550768,-35.07921
23,1948.12,15.19,6.24,1.15,23.4,-7.8482966,-1.6082969,-10.169531,0.00999999,0.01999998,0.029999971,-15.062723,10.126524,-10.041783,-66.707886,32.741142,-13.550768
24,1949.01,15.36,6.2,1.16,23.2,13.429895,19.629894,-10.256351,0.00999999,0.00999999,0.01999998,-10.169531,-15.062723,10.126524,-7.8482966,-66.707886,32.741142
25,1949.02,14.77,6.54,1.16,22.9,-46.09369,-39.553688,-15.5173,0.0,0.00999999,0.00999999,-10.256351,-10.169531,-15.062723,13.429895,-7.8482966,-66.707886
26,1949.03,14.91,6.57,1.16,22.5,11.374358,17.944359,-20.96068,0.0,0.0,0.00999999,-15.5173,-10.256351,-10.169531,-46.09369,13.429895,-7.8482966
27,1949.04,14.89,6.65,1.16,22.4,-1.6096182,5.040382,-5.333354,0.0,0.0,0.0,-20.96068,-15.5173,-10.256351,11.374358,-46.09369,13.429895
28,1949.05,14.78,6.72,1.15,22.1,-8.865059,-2.145059,-16.071388,-0.00999999,0.0,0.0,-5.333354,-20.96068,-15.5173,-1.6096182,11.374358,-46.09369
29,1949.06,13.97,7.09,1.16,22.0,-65.7645,-58.674503,-5.429885,0.00999999,-0.00999999,0.0,-16.071388,-5.333354,-20.96068,-8.865059,-1.6096182,11.374358
30,1949.07,14.76,6.73,0.98,22.0,67.859695,74.5897,0.0,-0.17999995,0.00999999,-0.00999999,-5.429885,-16.071388,-5.333354,-65.7645,-8.865059,-1.6096182
31,1949.08,15.29,6.54,1.02,22.2,43.08941,49.62941,10.909133,0.03999996,-0.17999995,0.00999999,0.0,-5.429885,-16.071388,67.859695,-65.7645,-8.865059
32,1949.09,15.49,6.36,1.06,22.4,15.696519,22.056519,10.810749,0.03999996,0.03999996,-0.17999995,10.909133,0.0,-5.429885,43.08941,67.859695,-65.7645
33,1949.1,15.89,6.26,1.04,21.6,30.98778,37.24778,-42.8571,-0.01999998,0.03999996,0.03999996,10.810749,10.909133,0.0,15.696519,43.08941,67.859695
34,1949.11,16.11,6.61,1.06,22.2,16.614243,23.224243,33.333355,0.01999998,-0.01999998,0.03999996,-42.8571,10.810749,10.909133,30.98778,15.696519,43.08941
35,1949.12,16.54,6.75,1.1,22.6,32.029816,38.779816,21.621601,0.04000008,0.01999998,-0.01999998,33.333355,-42.8571,10.810749,16.614243,30.98778,15.696519
36,1950.01,16.88,6.65,1.09,22.9,24.667345,31.317345,15.929163,-0.00999999,0.04000008,0.01999998,21.621601,33.333355,-42.8571,32.029816,16.614243,30.98778
37,1950.02,17.21,6.62,1.13,23.0,23.459711,30.079712,5.240195,0.03999996,-0.00999999,0.04000008,15.929163,21.621601,33.333355,24.667345,32.029816,16.614243
38,1950.03,17.35,6.53,1.14,23.8,9.761858,16.291859,41.73909,0.00999999,0.03999996,-0.00999999,5.240195,15.929163,21.621601,23.459711,24.667345,32.029816
39,1950.04,17.84,6.36,1.16,24.6,33.890472,40.250473,40.336193,0.01999998,0.00999999,0.03999996,41.73909,5.240195,15.929163,9.761858,23.459711,24.667345
40,1950.05,18.44,6.16,1.17,25.2,40.35877,46.51877,29.26831,0.00999999,0.01999998,0.00999999,40.336193,41.73909,5.240195,33.890472,9.761858,23.459711
41,1950.06,18.74,6.12,1.17,25.9,19.522726,25.642727,33.33328,0.0,0.00999999,0.01999998,29.26831,40.336193,41.73909,40.35877,33.890472,9.761858
42,1950.07,17.38,6.63,1.17,26.7,-87.08649,-80.45649,37.06569,0.0,0.0,0.00999999,33.33328,29.26831,40.336193,19.522726,40.35877,33.890472
43,1950.08,18.43,6.54,1.21,27.6,72.49721,79.03721,40.44942,0.04000008,0.0,0.0,37.06569,33.33328,29.26831,-87.08649,19.522726,40.35877
44,1950.09,19.08,6.65,1.31,27.4,42.322273,48.972275,-8.695685,0.099999905,0.04000008,0.0,40.44942,37.06569,33.33328,72.49721,-87.08649,19.522726
45,1950.1,19.87,6.39,1.33,27.6,49.685593,56.075592,8.759157,0.0200001,0.099999905,0.04000008,-8.695685,40.44942,37.06569,42.322273,72.49721,-87.08649
46,1950.11,19.83,6.97,1.36,27.5,-2.4157572,4.5542426,-4.3478427,0.029999971,0.0200001,0.099999905,8.759157,-8.695685,40.44942,49.685593,42.322273,72.49721
47,1950.12,19.75,7.24,1.37,28.0,-4.841145,2.3988547,21.818182,0.00999999,0.029999971,0.0200001,-4.3478427,8.759157,-8.695685,-2.4157572,49.685593,42.322273
48,1951.01,21.21,6.34,1.39,28.1,88.7088,95.0488,4.2857304,0.01999998,0.00999999,0.029999971,21.818182,-4.3478427,8.759157,-4.841145,-2.4157572,49.685593
49,1951.02,22.0,6.2,1.39,28.3,44.69595,50.89595,8.540876,0.0,0.01999998,0.00999999,4.2857304,21.818182,-4.3478427,88.7088,-4.841145,-2.4157572
50,1951.03,21.63,6.34,1.42,28.4,-20.181864,-13.841864,4.2402987,0.029999971,0.0,0.01999998,8.540876,4.2857304,21.818182,44.69595,88.7088,-4.841145
51,1951.04,21.92,6.27,1.52,28.5,16.088818,22.358818,4.2253685,0.100000024,0.029999971,0.0,4.2402987,8.540876,4.2857304,-20.181864,44.69595,88.7088
52,1951.05,21.93,6.23,1.58,28.4,0.54745775,6.7774577,-4.2105427,0.060000062,0.100000024,0.029999971,4.2253685,4.2402987,8.540876,16.088818,-20.181864,44.69595
53,1951.06,21.55,6.3,1.5,28.2,-20.793491,-14.493491,-8.450656,-0.08000004,0.060000062,0.100000024,-4.2105427,4.2253685,4.2402987,0.54745775,16.088818,-20.181864
54,1951.07,21.93,6.25,1.59,27.8,21.160152,27.410152,-17.021341,0.09000003,-0.08000004,0.060000062,-8.450656,-4.2105427,4.2253685,-20.793491,0.54745775,16.088818
55,1951.08,22.89,5.96,1.64,27.5,52.530727,58.490726,-12.949608,0.049999952,0.09000003,-0.08000004,-17.021341,-8.450656,-4.2105427,21.160152,-20.793491,0.54745775
56,1951.09,23.48,5.75,1.65,27.7,30.930546,36.680546,8.727306,0.00999999,0.049999952,0.09000003,-12.949608,-17.021341,-8.450656,52.530727,21.160152,-20.793491
57,1951.1,23.36,5.77,1.61,27.7,-6.1328244,-0.36282444,0.0,-0.03999996,0.00999999,0.049999952,8.727306,-12.949608,-17.021341,30.930546,52.530727,21.160152
58,1951.11,22.71,6.18,1.61,27.9,-33.390488,-27.210487,8.66421,0.0,-0.03999996,0.00999999,0.0,8.727306,-12.949608,-6.1328244,30.930546,52.530727
59,1951.12,23.41,5.99,1.73,28.1,36.98815,42.97815,8.602183,0.120000005,0.0,-0.03999996,8.66421,0.0,8.727306,-33.390488,-6.1328244,30.930546
60,1952.01,24.19,5.82,1.69,28.4,39.98295,45.802948,12.811355,-0.03999996,0.120000005,0.0,8.602183,8.66421,0.0,36.98815,-33.390488,-6.1328244
61,1952.02,23.75,5.99,1.57,28.5,-21.827229,-15.837229,4.2253685,-0.120000005,-0.03999996,0.120000005,12.811355,8.602183,8.66421,39.98295,36.98815,-33.390488
62,1952.03,23.81,5.94,1.66,28.6,3.031552,8.971552,4.2105427,0.089999914,-0.120000005,-0.03999996,4.2253685,12.811355,8.602183,-21.827229,39.98295,36.98815
63,1952.04,23.74,5.96,1.62,28.4,-3.527914,2.432086,-8.39164,-0.03999996,0.089999914,-0.120000005,4.2105427,4.2253685,12.811355,3.031552,-21.827229,39.98295
64,1952.05,23.73,5.99,1.71,28.1,-0.50548756,5.4845123,-12.6760235,0.09000003,-0.03999996,0.089999914,-8.39164,4.2105427,4.2253685,-3.527914,3.031552,-21.827229
65,1952.06,24.38,5.83,1.7,27.8,32.869766,38.699768,-12.811436,-0.00999999,0.09000003,-0.03999996,-12.6760235,-8.39164,4.2105427,-0.50548756,-3.527914,3.031552
66,1952.07,25.08,5.65,1.82,27.4,34.45451,40.10451,-17.26617,0.120000005,-0.00999999,0.09000003,-12.811436,-12.6760235,-8.39164,32.869766,-0.50548756,-3.527914
67,1952.08,25.18,5.66,1.88,29.2,4.784707,10.444707,78.83217,0.059999943,0.120000005,-0.00999999,-17.26617,-12.811436,-12.6760235,34.45451,32.869766,-0.50548756
68,1952.09,24.78,5.74,1.79,30.2,-19.062729,-13.322729,41.095886,-0.09000003,0.059999943,0.120000005,78.83217,-17.26617,-12.811436,4.784707,34.45451,32.869766
69,1952.1,24.26,5.89,1.78,30.5,-25.18162,-19.29162,11.9205,-0.00999999,-0.09000003,0.059999943,41.095886,78.83217,-17.26617,-19.062729,4.784707,34.45451
70,1952.11,25.03,5.69,1.86,31.1,38.08741,43.77741,23.606571,0.08000004,-0.00999999,-0.09000003,11.9205,41.095886,78.83217,-25.18162,-19.062729,4.784707
71,1952.12,26.04,5.47,2.13,31.3,48.421906,53.891907,7.716998,0.2700001,0.08000004,-0.00999999,23.606571,11.9205,41.095886,38.08741,-25.18162,-19.062729
72,1953.01,26.18,5.45,2.04,31.4,6.451585,11.901585,3.8338804,-0.09000015,0.2700001,0.08000004,7.716998,23.606571,11.9205,48.421906,38.08741,-25.18162
73,1953.02,25.86,5.52,2.02,31.6,-14.667671,-9.147671,7.6433415,-0.01999998,-0.09000015,0.2700001,3.8338804,7.716998,23.606571,6.451585,48.421906,38.08741
74,1953.03,25.99,5.48,2.08,31.8,6.032443,11.512444,7.594893,0.059999943,-0.01999998,-0.09000015,7.6433415,3.8338804,7.716998,-14.667671,6.451585,48.421906
75,1953.04,24.71,5.75,2.18,32.0,-59.099686,-53.349686,7.5471992,0.10000014,0.059999943,-0.01999998,7.594893,7.6433415,3.8338804,6.032443,-14.667671,6.451585
76,1953.05,24.84,5.77,2.2,32.2,6.313286,12.083286,7.5000286,0.01999998,0.10000014,0.059999943,7.5471992,7.594893,7.6433415,-59.099686,6.032443,-14.667671
77,1953.06,23.95,5.99,2.23,32.0,-42.99514,-37.005142,-7.4534445,0.029999971,0.01999998,0.10000014,7.5000286,7.5471992,7.594893,6.313286,-59.099686,6.032443
78,1953.07,24.29,5.9,2.1,32.4,17.035498,22.935497,15.000057,-0.13000011,0.029999971,0.01999998,-7.4534445,7.5000286,7.5471992,-42.99514,6.313286,-59.099686
79,1953.08,24.39,5.87,2.09,32.2,4.9402294,10.810229,-7.4074354,-0.00999999,-0.13000011,0.029999971,15.000057,-7.4534445,7.5000286,17.035498,-42.99514,6.313286
80,1953.09,23.27,6.14,1.88,31.6,-55.1045,-48.9645,-22.360262,-0.20999992,-0.00999999,-0.13000011,-7.4074354,15.000057,-7.4534445,4.9402294,17.035498,-42.99514
81,1953.1,23.97,5.99,1.4,31.3,36.097923,42.08792,-11.392448,-0.48000002,-0.20999992,-0.00999999,-22.360262,-7.4074354,15.000057,-55.1045,4.9402294,17.035498
82,1953.11,24.5,5.92,1.43,30.6,26.533201,32.4532,-26.837017,0.029999971,-0.48000002,-0.20999992,-11.392448,-22.360262,-7.4074354,36.097923,-55.1045,4.9402294
83,1953.12,24.83,5.83,1.63,29.8,16.163261,21.993261,-31.372593,0.20000005,0.029999971,-0.48000002,-26.837017,-11.392448,-22.360262,26.533201,36.097923,-55.1045
84,1954.01,25.46,5.69,1.21,29.6,30.447,36.137,-8.053645,-0.41999996,0.20000005,0.029999971,-31.372593,-26.837017,-11.392448,16.163261,26.533201,36.097923
85,1954.02,26.02,5.62,0.98,29.7,26.39441,32.01441,4.0540695,-0.23000002,-0.41999996,0.20000005,-8.053645,-31.372593,-26.837017,30.447,16.163261,26.533201
86,1954.03,26.57,5.46,1.05,29.5,25.365068,30.82507,-8.080838,0.06999993,-0.23000002,-0.41999996,4.0540695,-8.053645,-31.372593,26.39441,30.447,16.163261
87,1954.04,27.63,5.24,1.01,29.3,47.873516,53.113518,-8.135624,-0.03999996,0.06999993,-0.23000002,-8.080838,4.0540695,-8.053645,25.365068,26.39441,30.447
88,1954.05,28.73,5.02,0.78,29.5,47.774178,52.794178,8.191158,-0.23000002,-0.03999996,0.06999993,-8.135624,-8.080838,4.0540695,47.873516,25.365068,26.39441
89,1954.06,28.96,4.99,0.65,29.6,9.606665,14.596664,4.067812,-0.13,-0.23000002,-0.03999996,8.191158,-8.135624,-8.080838,47.774178,47.873516,25.365068
90,1954.07,30.13,4.77,0.71,29.6,48.480667,53.250668,0.0,0.060000002,-0.13,-0.23000002,4.067812,8.191158,-8.135624,9.606665,47.774178,47.873516
91,1954.08,30.73,4.63,0.89,29.6,23.896463,28.526463,0.0,0.18,0.060000002,-0.13,0.0,4.067812,8.191158,48.480667,9.606665,47.774178
92,1954.09,31.45,4.57,1.01,29.6,28.115896,32.685898,0.0,0.120000005,0.18,0.060000002,0.0,0.0,4.067812,23.896463,48.480667,9.606665
93,1954.1,32.18,4.43,0.99,30.0,27.853718,32.28372,16.216202,-0.01999998,0.120000005,0.18,0.0,0.0,0.0,28.115896,23.896463,48.480667
94,1954.11,33.44,4.52,0.95,30.5,46.98564,51.505642,20.0,-0.04000002,-0.01999998,0.120000005,16.216202,0.0,0.0,27.853718,28.115896,23.896463
95,1954.12,34.97,4.45,1.17,30.9,54.904404,59.354404,15.73769,0.21999997,-0.04000002,-0.01999998,20.0,16.216202,0.0,46.98564,27.853718,28.115896
96,1955.01,35.6,4.38,1.26,31.6,21.618435,25.998436,27.184496,0.09000003,0.21999997,-0.04000002,15.73769,20.0,16.216202,54.904404,46.98564,27.853718
97,1955.02,36.79,4.32,1.18,32.0,40.112442,44.43244,15.189859,-0.08000004,0.09000003,0.21999997,27.184496,15.73769,20.0,21.618435,54.904404,46.98564
98,1955.03,36.5,4.33,1.33,32.7,-9.459122,-5.129122,26.250029,0.1500001,-0.08000004,0.09000003,15.189859,27.184496,15.73769,40.112442,21.618435,54.904404
99,1955.04,37.76,4.19,1.62,33.1,41.424603,45.6146,14.678814,0.28999996,0.1500001,-0.08000004,26.250029,15.189859,27.184496,-9.459122,40.112442,21.618435
100,1955.05,37.6,4.23,1.49,33.7,-5.084741,-0.8547411,21.75235,-0.13,0.28999996,0.1500001,14.678814,26.250029,15.189859,41.424603,-9.459122,40.112442
101,1955.06,39.78,4.01,1.43,33.7,69.57448,73.58448,0.0,-0.060000062,-0.13,0.28999996,21.75235,14.678814,26.250029,-5.084741,41.424603,-9.459122
102,1955.07,42.69,3.72,1.62,34.0,87.78281,91.50281,10.682466,0.19000006,-0.060000062,-0.13,0.0,21.75235,14.678814,69.57448,-5.084741,41.424603
103,1955.08,42.43,3.87,1.88,33.9,-7.308456,-3.438456,-3.529358,0.26,0.19000006,-0.060000062,10.682466,0.0,21.75235,87.78281,69.57448,-5.084741
104,1955.09,44.34,3.72,2.09,34.1,54.01838,57.73838,7.0795374,0.20999992,0.26,0.19000006,-3.529358,10.682466,0.0,-7.308456,87.78281,69.57448
105,1955.1,42.11,3.94,2.26,34.7,-60.351814,-56.411816,21.11445,0.17000008,0.20999992,0.26,7.0795374,-3.529358,10.682466,54.01838,-7.308456,87.78281
106,1955.11,44.95,4.05,2.23,34.8,80.9309,84.9809,3.4581604,-0.029999971,0.17000008,0.20999992,21.11445,7.0795374,-3.529358,-60.351814,54.01838,-7.308456
107,1955.12,45.37,4.15,2.56,34.9,11.212409,15.36241,3.4483547,0.32999992,-0.029999971,0.17000008,3.4581604,21.11445,7.0795374,80.9309,-60.351814,54.01838
108,1956.01,44.15,4.24,2.46,35.1,-32.267952,-28.027952,6.876685,-0.099999905,0.32999992,-0.029999971,3.4483547,3.4581604,21.11445,11.212409,80.9309,-60.351814
109,1956.02,44.43,4.24,2.37,34.8,7.6103854,11.850386,-10.256385,-0.09000015,-0.099999905,0.32999992,6.876685,3.4483547,3.4581604,-32.267952,11.212409,80.9309
110,1956.03,47.49,3.97,2.31,34.8,82.6469,86.6169,0.0,-0.059999943,-0.09000015,-0.099999905,-10.256385,6.876685,3.4483547,7.6103854,-32.267952,11.212409
111,1956.04,48.05,3.94,2.61,35.1,14.150285,18.090284,10.344802,0.29999995,-0.059999943,-0.09000015,0.0,-10.256385,6.876685,82.6469,7.6103854,-32.267952
112,1956.05,46.54,4.09,2.65,34.8,-37.71068,-33.620678,-10.256385,0.0400002,0.29999995,-0.059999943,10.344802,0.0,-10.256385,14.150285,82.6469,7.6103854
113,1956.06,46.27,4.09,2.53,34.5,-6.9617653,-2.8717651,-10.344802,-0.120000124,0.0400002,0.29999995,-10.256385,10.344802,0.0,-37.71068,14.150285,82.6469
114,1956.07,48.78,3.89,2.33,33.4,65.09613,68.98613,-38.26082,-0.20000005,-0.120000124,0.0400002,-10.344802,-10.256385,10.344802,-6.9617653,-37.71068,14.150285
115,1956.08,48.49,3.92,2.61,34.8,-7.134,-3.2139997,50.299316,0.27999997,-0.20000005,-0.120000124,-38.26082,-10.344802,-10.256385,65.09613,-6.9617653,-37.71068
116,1956.09,46.84,4.07,2.85,35.6,-40.8332,-36.7632,27.586182,0.24000001,0.27999997,-0.20000005,50.299316,-38.26082,-10.344802,-7.134,65.09613,-6.9617653
117,1956.1,46.24,4.12,2.96,35.9,-15.371438,-11.251438,10.112463,0.11000013,0.24000001,0.27999997,27.586182,50.299316,-38.26082,-40.8332,-7.134,65.09613
118,1956.11,45.76,4.27,3.0,35.6,-12.456834,-8.186834,-10.027957,0.03999996,0.11000013,0.24000001,10.112463,27.586182,50.299316,-15.371438,-40.8332,-7.134
119,1956.12,46.44,4.24,3.23,36.1,17.832176,22.072176,16.853933,0.23000002,0.03999996,0.11000013,-10.027957,10.112463,27.586182,-12.456834,-15.371438,-40.8332
120,1957.01,45.43,4.31,3.21,36.0,-26.098148,-21.788149,-3.324049,-0.01999998,0.23000002,0.03999996,16.853933,-10.027957,10.112463,17.832176,-12.456834,-15.371438
121,1957.02,43.47,4.54,3.17,36.3,-51.771935,-47.231934,9.999975,-0.03999996,-0.01999998,0.23000002,-3.324049,16.853933,-10.027957,-26.098148,17.832176,-12.456834
122,1957.03,44.03,4.47,3.14,36.3,15.45887,19.92887,0.0,-0.029999971,-0.03999996,-0.01999998,9.999975,-3.324049,16.853933,-51.771935,-26.098148,17.832176
123,1957.04,45.05,4.36,3.11,35.8,27.79924,32.15924,-16.528927,-0.03000021,-0.029999971,-0.03999996,0.0,9.999975,-3.324049,15.45887,-51.771935,-26.098148
124,1957.05,46.78,4.18,3.04,35.7,46.08212,50.26212,-3.3519044,-0.06999993,-0.03000021,-0.029999971,-16.528927,0.0,9.999975,27.79924,15.45887,-51.771935
125,1957.06,47.55,4.04,3.32,35.8,19.752043,23.792042,3.3612933,0.27999997,-0.06999993,-0.03000021,-3.3519044,-16.528927,0.0,46.08212,27.79924,15.45887
126,1957.07,48.51,3.95,3.17,36.0,24.227108,28.177109,6.703936,-0.14999986,0.27999997,-0.06999993,3.3612933,-3.3519044,-16.528927,19.752043,46.08212,27.79924
127,1957.08,45.84,4.17,3.4,36.0,-66.048195,-61.878197,0.0,0.23000002,-0.14999986,0.27999997,6.703936,3.3612933,-3.3519044,24.227108,19.752043,46.08212
128,1957.09,43.98,4.31,3.58,35.7,-48.691116,-44.381115,-9.999975,0.17999983,0.23000002,-0.14999986,0.0,6.703936,3.3612933,-66.048195,24.227108,19.752043
129,1957.1,41.24,4.54,3.59,35.1,-74.7612,-70.2212,-20.168144,0.00999999,0.17999983,0.23000002,-9.999975,0.0,6.703936,-48.691116,-66.048195,24.227108
130,1957.11,40.35,4.67,3.34,34.3,-25.897278,-21.227278,-27.350403,-0.25,0.00999999,0.17999983,-20.168144,-9.999975,0.0,-74.7612,-48.691116,-66.048195
131,1957.12,40.33,4.64,3.1,33.7,-0.5946957,4.0453043,-20.991201,-0.24000001,-0.25,0.00999999,-27.350403,-20.168144,-9.999975,-25.897278,-74.7612,-48.691116
132,1958.01,41.12,4.48,2.6,33.0,23.505987,27.985987,-24.925842,-0.5,-0.24000001,-0.25,-20.991201,-27.350403,-20.168144,-0.5946957,-25.897278,-74.7612
133,1958.02,41.26,4.47,1.56,32.3,4.0855856,8.555586,-25.454573,-1.04,-0.5,-0.24000001,-24.925842,-20.991201,-27.350403,23.505987,-0.5946957,-25.897278
134,1958.03,42.11,4.37,1.35,31.9,24.721348,29.091347,-14.860666,-0.20999992,-1.04,-0.5,-25.454573,-24.925842,-20.991201,4.0855856,23.505987,-0.5946957
135,1958.04,42.34,4.33,1.13,31.4,6.55425,10.88425,-18.808779,-0.22000003,-0.20999992,-1.04,-14.860666,-25.454573,-24.925842,24.721348,4.0855856,23.505987
136,1958.05,43.7,4.19,1.05,31.7,38.545128,42.735126,11.465013,-0.08000004,-0.22000003,-0.20999992,-18.808779,-14.860666,-25.454573,6.55425,24.721348,4.0855856
137,1958.06,44.75,4.08,0.88,32.6,28.832932,32.912933,34.069313,-0.16999996,-0.08000004,-0.22000003,11.465013,-18.808779,-14.860666,38.545128,6.55425,24.721348
138,1958.07,45.98,3.98,0.96,33.0,32.98323,36.96323,14.723983,0.07999998,-0.16999996,-0.08000004,34.069313,11.465013,-18.808779,28.832932,38.545128,6.55425
139,1958.08,47.7,3.78,1.69,33.7,44.889114,48.669113,25.454573,0.7300001,0.07999998,-0.16999996,14.723983,34.069313,11.465013,32.98323,28.832932,38.545128
140,1958.09,48.96,3.69,2.48,34.0,31.69807,35.38807,10.682466,0.78999996,0.7300001,0.07999998,25.454573,14.723983,34.069313,44.889114,32.98323,28.832932
141,1958.1,50.95,3.54,2.79,34.4,48.77455,52.314552,14.117701,0.30999994,0.78999996,0.7300001,10.682466,25.454573,14.723983,31.69807,44.889114,32.98323
142,1958.11,52.5,3.42,2.76,35.4,36.506363,39.92636,34.88372,-0.029999971,0.30999994,0.78999996,14.117701,10.682466,25.454573,48.77455,31.69807,44.889114
143,1958.12,53.49,3.33,2.81,35.5,22.62861,25.95861,3.3897786,0.049999952,-0.029999971,0.30999994,34.88372,14.117701,10.682466,36.506363,48.77455,31.69807
144,1959.01,55.62,3.24,2.84,36.0,47.78457,51.02457,16.90141,0.029999971,0.049999952,-0.029999971,3.3897786,34.88372,14.117701,22.62861,36.506363,48.77455
145,1959.02,54.77,3.32,2.71,36.7,-18.338696,-15.018696,23.333359,-0.12999988,0.029999971,0.049999952,16.90141,3.3897786,34.88372,47.78457,22.62861,36.506363
146,1959.03,56.15,3.25,2.85,37.2,30.235554,33.485554,16.348774,0.13999987,-0.12999988,0.029999971,23.333359,16.90141,3.3897786,-18.338696,47.78457,22.62861
147,1959.04,57.1,3.26,2.96,38.0,20.302694,23.562695,25.806427,0.11000013,0.13999987,-0.12999988,16.348774,23.333359,16.90141,30.235554,-18.338696,47.78457
148,1959.05,57.96,3.21,2.85,38.6,18.073568,21.28357,18.94732,-0.11000013,0.11000013,0.13999987,25.806427,16.348774,23.333359,20.302694,30.235554,-18.338696
149,1959.06,57.46,3.23,3.25,38.6,-10.351967,-7.121967,0.0,0.4000001,-0.11000013,0.11000013,18.94732,25.806427,16.348774,18.073568,20.302694,30.235554
150,1959.07,59.74,3.11,3.24,37.7,47.615788,50.72579,-27.979206,-0.00999999,0.4000001,-0.11000013,0.0,18.94732,25.806427,-10.351967,18.073568,20.302694
151,1959.08,59.4,3.14,3.36,36.4,-6.829598,-3.6895978,-41.379284,0.119999886,-0.00999999,0.4000001,-27.979206,0.0,18.94732,47.615788,-10.351967,18.073568
152,1959.09,57.05,3.26,4.0,36.4,-47.474792,-44.214794,0.0,0.6400001,0.119999886,-0.00999999,-41.379284,-27.979206,0.0,-6.829598,47.615788,-10.351967
153,1959.1,57.0,3.26,4.12,36.1,-1.051693,2.208307,-9.89021,0.119999886,0.6400001,0.119999886,0.0,-41.379284,-27.979206,-47.474792,-6.829598,47.615788
154,1959.11,57.23,3.24,4.21,36.3,4.842096,8.082096,6.648225,0.09000015,0.119999886,0.6400001,-9.89021,0.0,-41.379284,-1.051693,-47.474792,-6.829598
155,1959.12,59.06,3.18,4.57,38.6,38.37152,41.55152,76.033035,0.36000013,0.09000015,0.119999886,6.648225,-9.89021,0.0,4.842096,-1.051693,-47.474792
156,1960.01,58.03,3.27,4.44,39.6,-20.927921,-17.65792,31.088085,-0.13000011,0.36000013,0.09000015,76.033035,6.648225,-9.89021,38.37152,4.842096,-1.051693
157,1960.02,55.78,3.44,3.95,39.2,-46.52766,-43.08766,-12.121143,-0.49,-0.13000011,0.36000013,31.088085,76.033035,6.648225,-20.927921,38.37152,4.842096
158,1960.03,55.02,3.51,3.44,38.9,-16.34991,-12.8399105,-9.18365,-0.51,-0.49,-0.13000011,-12.121143,31.088085,76.033035,-46.52766,-20.927921,38.37152
159,1960.04,55.73,3.47,3.24,38.6,15.485258,18.955257,-9.254593,-0.20000005,-0.51,-0.49,-9.18365,-12.121143,31.088085,-16.34991,-46.52766,-20.927921
160,1960.05,55.22,3.51,3.39,38.5,-10.9814825,-7.4714823,-3.108761,0.1500001,-0.20000005,-0.51,-9.254593,-9.18365,-12.121143,15.485258,-16.34991,-46.52766
161,1960.06,57.26,3.4,2.64,38.1,44.3317,47.7317,-12.46758,-0.75,0.1500001,-0.20000005,-3.108761,-9.254593,-9.18365,-10.9814825,15.485258,-16.34991
162,1960.07,55.84,3.49,2.4,37.9,-29.758957,-26.268957,-6.299117,-0.24000001,-0.75,0.1500001,-12.46758,-3.108761,-9.254593,44.3317,-10.9814825,15.485258
163,1960.08,56.51,3.43,2.29,37.9,14.398241,17.828241,0.0,-0.11000013,-0.24000001,-0.75,-6.299117,-12.46758,-3.108761,-29.758957,44.3317,-10.9814825
164,1960.09,54.81,3.55,2.49,37.5,-36.09974,-32.54974,-12.664956,0.20000005,-0.11000013,-0.24000001,0.0,-6.299117,-12.46758,14.398241,-29.758957,44.3317
165,1960.1,53.73,3.6,2.43,37.4,-23.645359,-20.045359,-3.1999512,-0.059999943,0.20000005,-0.11000013,-12.664956,0.0,-6.299117,-36.09974,14.398241,-29.758957
166,1960.11,55.47,3.51,2.38,36.9,38.861008,42.371006,-16.04278,-0.049999952,-0.059999943,0.20000005,-3.1999512,-12.664956,0.0,-23.645359,-36.09974,14.398241
167,1960.12,56.8,3.41,2.27,36.2,28.772266,32.182266,-22.764252,-0.11000013,-0.049999952,-0.059999943,-16.04278,-3.1999512,-12.664956,38.861008,-23.645359,-36.09974
168,1961.01,59.72,3.28,2.3,36.3,61.690186,64.970184,3.3148663,0.029999971,-0.11000013,-0.049999952,-22.764252,-16.04278,-3.1999512,28.772266,38.861008,-23.645359
169,1961.02,62.17,3.13,2.41,36.2,49.22968,52.35968,-3.3057346,0.11000013,0.029999971,-0.11000013,3.3148663,-22.764252,-16.04278,61.690186,28.772266,38.861008
170,1961.03,64.12,3.03,2.42,36.4,37.638824,40.668823,6.629859,0.00999999,0.11000013,0.029999971,-3.3057346,3.3148663,-22.764252,49.22968,61.690186,28.772266
171,1961.04,65.83,2.95,2.33,37.2,32.002476,34.952477,26.3736,-0.09000015,0.00999999,0.11000013,6.629859,-3.3057346,3.3148663,37.638824,49.22968,61.690186
172,1961.05,66.5,2.92,2.29,37.7,12.2132435,15.133244,16.129032,-0.03999996,-0.09000015,0.00999999,26.3736,6.629859,-3.3057346,32.002476,37.638824,49.22968
173,1961.06,65.62,2.99,2.36,38.3,-15.87965,-12.88965,19.098095,0.06999993,-0.03999996,-0.09000015,16.129032,26.3736,6.629859,12.2132435,32.002476,37.638824
174,1961.07,65.44,2.99,2.27,38.7,-3.2916849,-0.30168486,12.532685,-0.089999914,0.06999993,-0.03999996,19.098095,16.129032,26.3736,-15.87965,12.2132435,32.002476
175,1961.08,67.79,2.91,2.4,39.1,43.09288,46.00288,12.403029,0.13000011,-0.089999914,0.06999993,12.532685,19.098095,16.129032,-3.2916849,-15.87965,12.2132435
176,1961.09,67.26,2.93,2.3,39.0,-9.381893,-6.451893,-3.0690072,-0.10000014,0.13000011,-0.089999914,12.403029,12.532685,19.098095,43.09288,-3.2916849,-15.87965
177,1961.1,68.0,2.91,2.35,39.8,13.202459,16.11246,24.61536,0.049999952,-0.10000014,0.13000011,-3.0690072,12.403029,12.532685,-9.381893,43.09288,-3.2916849
178,1961.11,71.08,2.83,2.46,40.4,54.352974,57.182976,18.09052,0.11000013,0.049999952,-0.10000014,24.61536,-3.0690072,12.403029,13.202459,-9.381893,43.09288
179,1961.12,71.74,2.85,2.62,40.7,11.142307,13.992308,8.910869,0.15999985,0.11000013,0.049999952,18.09052,24.61536,-3.0690072,54.352974,13.202459,-9.381893
180,1962.01,69.07,2.97,2.75,40.4,-44.661247,-41.691246,-8.845186,0.13000011,0.15999985,0.11000013,8.910869,18.09052,24.61536,11.142307,54.352974,13.202459
181,1962.02,70.22,2.95,2.75,41.1,19.979757,22.929758,20.791988,0.0,0.13000011,0.15999985,-8.845186,8.910869,18.09052,-44.661247,11.142307,54.352974
182,1962.03,70.29,2.95,2.72,41.3,1.1962352,4.1462355,5.8394384,-0.029999971,0.0,0.13000011,20.791988,-8.845186,8.910869,19.979757,-44.661247,11.142307
183,1962.04,68.05,3.05,2.73,41.4,-38.241535,-35.191536,2.9056356,0.00999999,-0.029999971,0.0,5.8394384,20.791988,-8.845186,1.1962352,19.979757,-44.661247
184,1962.05,62.99,3.32,2.69,41.3,-89.22853,-85.90853,-2.898617,-0.03999996,0.00999999,-0.029999971,2.9056356,5.8394384,20.791988,-38.241535,1.1962352,19.979757
185,1962.06,55.63,3.78,2.72,41.2,-140.21274,-136.43274,-2.9055247,0.029999971,-0.03999996,0.00999999,-2.898617,2.9056356,5.8394384,-89.22853,-38.241535,1.1962352
186,1962.07,56.97,3.68,2.94,41.6,28.90527,32.58527,11.650419,0.22000003,0.029999971,-0.03999996,-2.9055247,-2.898617,2.9056356,-140.21274,-89.22853,-38.241535
187,1962.08,58.52,3.57,2.84,41.7,32.648746,36.218746,2.8846815,-0.10000014,0.22000003,0.029999971,11.650419,-2.9055247,-2.898617,28.90527,-140.21274,-89.22853
188,1962.09,58.0,3.6,2.79,41.9,-10.663031,-7.0630307,5.755418,-0.049999952,-0.10000014,0.22000003,2.8846815,11.650419,-2.9055247,32.648746,28.90527,-140.21274
189,1962.1,56.17,3.71,2.75,42.0,-37.862106,-34.152107,2.8639178,-0.03999996,-0.049999952,-0.10000014,5.755418,2.8846815,11.650419,-10.663031,32.648746,28.90527
190,1962.11,60.04,3.5,2.8,42.2,82.67764,86.17764,5.714308,0.049999952,-0.03999996,-0.049999952,2.8639178,5.755418,2.8846815,-37.862106,-10.663031,32.648746
191,1962.12,62.64,3.4,2.86,42.2,51.965324,55.365326,0.0,0.059999943,0.049999952,-0.03999996,5.714308,2.8639178,5.755418,82.67764,-37.862106,-10.663031
192,1963.01,65.06,3.31,2.91,42.5,46.36012,49.67012,8.530784,0.05000019,0.059999943,0.049999952,0.0,5.714308,2.8639178,51.965324,82.67764,-37.862106
193,1963.02,65.92,3.27,2.92,42.9,15.862292,19.132292,11.294161,0.00999999,0.05000019,0.059999943,8.530784,0.0,5.714308,46.36012,51.965324,82.67764
194,1963.03,65.67,3.28,2.9,43.2,-4.550971,-1.2709711,8.391587,-0.01999998,0.00999999,0.05000019,11.294161,8.530784,0.0,15.862292,46.36012,51.965324
195,1963.04,68.76,3.15,2.91,43.6,56.46421,59.614212,11.111048,0.00999999,-0.01999998,0.00999999,8.391587,11.294161,8.530784,-4.550971,15.862292,46.36012
196,1963.05,70.14,3.13,2.92,44.1,24.083721,27.213722,13.761469,0.00999999,0.00999999,-0.01999998,11.111048,8.391587,11.294161,56.46421,-4.550971,15.862292
197,1963.06,70.11,3.16,3.0,44.3,-0.5132383,2.646762,5.442198,0.07999992,0.00999999,0.00999999,13.761469,11.111048,8.391587,24.083721,56.46421,-4.550971
198,1963.07,69.07,3.2,3.14,44.1,-17.800613,-14.600614,-5.4176283,0.1400001,0.07999992,0.00999999,5.442198,13.761469,11.111048,-0.5132383,24.083721,56.46421
199,1963.08,70.98,3.13,3.32,44.2,33.18379,36.31379,2.7211509,0.17999983,0.1400001,0.07999992,-5.4176283,5.442198,13.761469,-17.800613,-0.5132383,24.083721
200,1963.09,72.85,3.06,3.38,44.6,31.614456,34.674458,10.859667,0.06000018,0.17999983,0.1400001,2.7211509,-5.4176283,5.442198,33.18379,-17.800613,-0.5132383
201,1963.1,73.03,3.05,3.45,44.9,2.9650016,6.0150013,8.071831,0.06999993,0.06000018,0.17999983,10.859667,2.7211509,-5.4176283,31.614456,33.18379,-17.800613
202,1963.11,72.62,3.14,3.52,45.1,-6.736892,-3.596892,5.34513,0.06999993,0.06999993,0.06000018,8.071831,10.859667,2.7211509,2.9650016,31.614456,33.18379
203,1963.12,74.17,3.13,3.52,45.1,25.612701,28.742702,0.0,0.0,0.06999993,0.06999993,5.34513,8.071831,10.859667,-6.736892,2.9650016,31.614456
204,1964.01,76.45,3.06,3.53,45.5,36.88821,39.94821,10.643056,0.00999999,0.0,0.06999993,0.0,5.34513,8.071831,25.612701,-6.736892,2.9650016
205,1964.02,77.39,3.05,3.53,45.8,14.75478,17.80478,7.9120684,0.0,0.00999999,0.0,10.643056,0.0,5.34513,36.88821,25.612701,-6.736892
206,1964.03,78.8,3.03,3.55,45.8,21.863346,24.893347,0.0,0.01999998,0.0,0.00999999,7.9120684,10.643056,0.0,14.75478,36.88821,25.612701
207,1964.04,79.94,3.0,3.48,46.5,17.360395,20.360395,18.340631,-0.06999993,0.01999998,0.0,0.0,7.9120684,10.643056,21.863346,14.75478,36.88821
208,1964.05,80.72,3.01,3.48,46.8,11.708763,14.718763,7.7419157,0.0,-0.06999993,0.01999998,18.340631,0.0,7.9120684,17.360395,21.863346,14.75478
209,1964.06,80.24,3.05,3.48,46.9,-7.1358275,-4.085828,2.5641613,0.0,0.0,-0.06999993,7.7419157,18.340631,0.0,11.708763,17.360395,21.863346
210,1964.07,83.22,2.96,3.48,47.2,44.566353,47.526352,7.675886,0.0,0.0,0.0,2.5641613,7.7419157,18.340631,-7.1358275,11.708763,17.360395
211,1964.08,82.0,3.03,3.51,47.5,-17.591942,-14.561942,7.627099,0.029999971,0.0,0.0,7.675886,2.5641613,7.7419157,44.566353,-7.1358275,11.708763
212,1964.09,83.41,3.0,3.53,47.7,20.6342,23.6342,5.052651,0.01999998,0.029999971,0.0,7.627099,7.675886,2.5641613,-17.591942,44.566353,-7.1358275
213,1964.1,84.85,2.95,3.58,47.0,20.716866,23.666866,-17.61008,0.049999952,0.01999998,0.029999971,5.052651,7.627099,7.675886,20.6342,-17.591942,44.566353
214,1964.11,85.44,2.96,3.62,48.5,8.3441925,11.304193,38.297874,0.03999996,0.049999952,0.01999998,-17.61008,5.052651,7.627099,20.716866,20.6342,-17.591942
215,1964.12,83.96,3.05,3.86,49.1,-20.786564,-17.736565,14.845324,0.24000001,0.03999996,0.049999952,38.297874,-17.61008,5.052651,8.3441925,20.716866,20.6342
216,1965.01,86.12,2.99,3.83,49.6,30.871897,33.861897,12.219959,-0.029999971,0.24000001,0.03999996,14.845324,38.297874,-17.61008,-20.786564,8.3441925,20.716866
217,1965.02,86.75,2.99,3.93,49.9,8.77841,11.76841,7.2581387,0.10000014,-0.029999971,0.24000001,12.219959,14.845324,38.297874,30.871897,-20.786564,8.3441925
218,1965.03,86.83,2.99,3.94,50.6,1.1066536,4.0966535,16.833593,0.00999999,0.10000014,-0.029999971,7.2581387,12.219959,14.845324,8.77841,30.871897,-20.786564
219,1965.04,87.97,2.95,3.93,50.8,15.754915,18.704916,4.743101,-0.00999999,0.00999999,0.10000014,16.833593,7.2581387,12.219959,1.1066536,8.77841,30.871897
220,1965.05,89.28,2.92,3.9,51.2,17.869694,20.789694,9.448855,-0.029999971,-0.00999999,0.00999999,4.743101,16.833593,7.2581387,15.754915,1.1066536,8.77841
221,1965.06,85.04,3.07,3.81,51.6,-56.98922,-53.91922,9.374947,-0.09000015,-0.029999971,-0.00999999,9.448855,4.743101,16.833593,17.869694,15.754915,1.1066536
222,1965.07,84.91,3.09,3.83,52.1,-1.8343921,1.2556078,11.627908,0.01999998,-0.09000015,-0.029999971,9.374947,9.448855,4.743101,-56.98922,17.869694,15.754915
223,1965.08,86.49,3.06,3.84,52.3,22.329443,25.389442,4.6065435,0.00999999,0.01999998,-0.09000015,11.627908,9.374947,9.448855,-1.8343921,-56.98922,17.869694
224,1965.09,89.38,2.98,3.91,52.4,40.097115,43.077114,2.2945077,0.07000017,0.00999999,0.01999998,4.6065435,11.627908,9.374947,22.329443,-1.8343921,-56.98922
225,1965.1,91.39,2.91,4.03,52.9,26.985931,29.895931,11.450381,0.120000124,0.07000017,0.00999999,2.2945077,4.6065435,11.627908,40.097115,22.329443,-1.8343921
226,1965.11,92.15,2.96,4.08,53.2,9.9792385,12.939239,6.805276,0.049999714,0.120000124,0.07000017,11.450381,2.2945077,4.6065435,26.985931,40.097115,22.329443
227,1965.12,91.73,3.06,4.36,53.8,-5.4693193,-2.4093194,13.5338,0.2800002,0.049999714,0.120000124,6.805276,11.450381,2.2945077,9.9792385,26.985931,40.097115
228,1966.01,93.32,3.02,4.6,54.4,20.800125,23.820126,13.382952,0.23999977,0.2800002,0.049999714,13.5338,6.805276,11.450381,-5.4693193,9.9792385,26.985931
229,1966.02,92.69,3.06,4.67,54.7,-8.101122,-5.041122,6.61763,0.07000017,0.23999977,0.2800002,13.382952,13.5338,6.805276,20.800125,-5.4693193,9.9792385
230,1966.03,88.88,3.23,4.63,55.5,-49.325775,-46.095776,17.550257,-0.03999996,0.07000017,0.23999977,6.61763,13.382952,13.5338,-8.101122,20.800125,-5.4693193
231,1966.04,91.6,3.15,4.61,55.5,36.72369,39.87369,0.0,-0.01999998,-0.03999996,0.07000017,17.550257,6.61763,13.382952,-49.325775,-8.101122,20.800125
232,1966.05,86.78,3.3,4.64,56.1,-63.144104,-59.844105,12.9729395,0.029999733,-0.01999998,-0.03999996,0.0,17.550257,6.61763,36.72369,-49.325775,-8.101122
233,1966.06,86.06,3.36,4.54,56.3,-9.956228,-6.5962286,4.2780914,-0.099999905,0.029999733,-0.01999998,12.9729395,0.0,17.550257,-63.144104,36.72369,-49.325775
234,1966.07,85.84,3.37,4.86,56.6,-3.0676441,0.30235577,6.3942995,0.32000017,-0.099999905,0.029999733,4.2780914,12.9729395,0.0,-9.956228,-63.144104,36.72369
235,1966.08,80.65,3.6,4.93,56.7,-72.55351,-68.953514,2.12019,0.069999695,0.32000017,-0.099999905,6.3942995,4.2780914,12.9729395,-3.0676441,-9.956228,-63.144104
236,1966.09,77.81,3.75,5.36,57.2,-42.25672,-38.50672,10.58201,0.4300003,0.069999695,0.32000017,2.12019,6.3942995,4.2780914,-72.55351,-3.0676441,-9.956228
237,1966.1,77.13,3.76,5.39,57.6,-10.487089,-6.727089,8.391561,0.029999733,0.4300003,0.069999695,10.58201,2.12019,6.3942995,-42.25672,-72.55351,-3.0676441
238,1966.11,80.99,3.66,5.34,57.2,60.054462,63.714462,-8.333286,-0.049999714,0.029999733,0.4300003,8.391561,10.58201,2.12019,-10.487089,-42.25672,-72.55351
239,1966.12,81.33,3.59,5.01,57.3,5.037718,8.627718,2.09787,-0.32999992,-0.049999714,0.029999733,-8.333286,8.391561,10.58201,60.054462,-10.487089,-42.25672
240,1967.01,84.45,3.51,4.76,57.6,46.0346,49.544598,6.282707,-0.25,-0.32999992,-0.049999714,2.09787,-8.333286,8.391561,5.037718,60.054462,-10.487089
241,1967.02,87.36,3.36,4.55,57.0,41.349964,44.709965,-12.499968,-0.21000004,-0.25,-0.32999992,6.282707,2.09787,-8.333286,46.0346,5.037718,60.054462
242,1967.03,89.42,3.29,4.29,56.6,28.296669,31.58667,-8.421085,-0.26000023,-0.21000004,-0.25,-12.499968,6.282707,2.09787,41.349964,46.0346,5.037718
243,1967.04,90.96,3.24,3.85,57.2,20.66653,23.90653,12.720896,-0.44000006,-0.26000023,-0.21000004,-8.421085,-12.499968,6.282707,28.296669,41.349964,46.0346
244,1967.05,92.59,3.19,3.64,56.7,21.503922,24.693922,-10.48951,-0.2099998,-0.44000006,-0.26000023,12.720896,-8.421085,-12.499968,20.66653,28.296669,41.349964
245,1967.06,91.43,3.19,3.48,56.7,-15.03397,-11.843969,0.0,-0.16000009,-0.2099998,-0.44000006,-10.48951,12.720896,-8.421085,21.503922,20.66653,28.296669
246,1967.07,93.01,3.15,4.31,56.5,20.7372,23.8872,-4.23282,0.8299999,-0.16000009,-0.2099998,0.0,-10.48951,12.720896,-15.03397,21.503922,20.66653
247,1967.08,94.49,3.11,4.28,57.6,19.094666,22.204666,23.3628,-0.029999733,0.8299999,-0.16000009,-4.23282,0.0,-10.48951,20.7372,-15.03397,21.503922
248,1967.09,95.81,3.07,4.45,57.5,16.763676,19.833675,-2.0833015,0.1699996,-0.029999733,0.8299999,23.3628,-4.23282,0.0,19.094666,20.7372,-15.03397
249,1967.1,95.66,3.07,4.59,58.0,-1.8786418,1.1913581,10.434782,0.14000034,0.1699996,-0.029999733,-2.0833015,23.3628,-4.23282,16.763676,19.094666,20.7372
250,1967.11,92.66,3.18,4.76,58.8,-37.633286,-34.453285,16.551708,0.17000008,0.14000034,0.1699996,10.434782,-2.0833015,23.3628,-1.8786418,16.763676,19.094666
251,1967.12,95.3,3.09,5.01,59.5,34.189503,37.279503,14.28573,0.25,0.17000008,0.14000034,16.551708,10.434782,-2.0833015,-37.633286,-1.8786418,16.763676
252,1968.01,95.04,3.13,5.08,59.4,-3.2738986,-0.14389849,-2.016776,0.069999695,0.25,0.17000008,14.28573,16.551708,10.434782,34.189503,-37.633286,-1.8786418
253,1968.02,90.75,3.28,4.97,59.6,-54.16668,-50.88668,4.0403423,-0.11000013,0.069999695,0.25,-2.016776,14.28573,16.551708,-3.2738986,34.189503,-37.633286
254,1968.03,89.09,3.34,5.14,59.8,-21.950462,-18.610462,4.026861,0.17000008,-0.11000013,0.069999695,4.0403423,-2.016776,14.28573,-54.16668,-3.2738986,34.189503
255,1968.04,95.67,3.12,5.37,59.9,88.6295,91.749504,2.0067348,0.23000002,0.17000008,-0.11000013,4.026861,4.0403423,-2.016776,-21.950462,-54.16668,-3.2738986
256,1968.05,97.87,3.07,5.62,60.6,27.594915,30.664915,14.023312,0.25,0.23000002,0.17000008,2.0067348,4.026861,4.0403423,88.6295,-21.950462,-54.16668
257,1968.06,100.53,3.0,5.54,60.8,32.614643,35.614643,3.960411,-0.07999992,0.25,0.23000002,14.023312,2.0067348,4.026861,27.594915,88.6295,-21.950462
258,1968.07,100.3,3.0,5.38,60.7,-2.745398,0.25460196,-1.9736542,-0.15999985,-0.07999992,0.25,3.960411,14.023312,2.0067348,32.614643,27.594915,88.6295
259,1968.08,98.11,3.09,5.09,60.9,-26.201426,-23.111425,3.9538865,-0.28999996,-0.15999985,-0.07999992,-1.9736542,3.960411,14.023312,-2.745398,32.614643,27.594915
260,1968.09,101.34,3.01,5.2,61.1,39.506622,42.51662,3.9408264,0.10999966,-0.28999996,-0.15999985,3.9538865,-1.9736542,3.960411,-26.201426,-2.745398,32.614643
261,1968.1,103.76,2.94,5.33,61.2,28.65608,31.59608,1.9640384,0.13000011,0.10999966,-0.28999996,3.9408264,3.9538865,-1.9736542,39.506622,-26.201426,-2.745398
262,1968.11,105.4,2.92,5.49,62.0,18.966839,21.886839,15.686259,0.15999985,0.13000011,0.10999966,1.9640384,3.9408264,3.9538865,28.65608,39.506622,-26.201426
263,1968.12,106.48,2.93,5.92,62.2,12.296036,15.226036,3.8709826,0.4300003,0.15999985,0.13000011,15.686259,1.9640384,3.9408264,18.966839,28.65608,39.506622
264,1969.01,102.04,3.06,6.18,62.6,-50.03759,-46.97759,7.716998,0.25999975,0.4300003,0.15999985,3.8709826,15.686259,1.9640384,12.296036,18.966839,28.65608
265,1969.02,101.46,3.1,6.16,63.0,-6.820876,-3.7208762,7.667761,-0.01999998,0.25999975,0.4300003,7.716998,3.8709826,15.686259,-50.03759,12.296036,18.966839
266,1969.03,99.3,3.17,6.08,63.5,-25.546967,-22.376966,9.523809,-0.07999992,-0.01999998,0.25999975,7.667761,7.716998,3.8709826,-6.820876,-50.03759,12.296036
267,1969.04,101.26,3.11,6.15,63.2,23.685787,26.795788,-5.6692767,0.07000017,-0.07999992,-0.01999998,9.523809,7.667761,7.716998,-25.546967,-6.820876,-50.03759
268,1969.05,104.62,3.02,6.08,63.0,39.818295,42.838295,-3.797483,-0.07000017,0.07000017,-0.07999992,-5.6692767,9.523809,7.667761,23.685787,-25.546967,-6.820876
269,1969.06,99.14,3.18,6.49,63.6,-62.856087,-59.676086,11.428542,0.40999985,-0.07000017,0.07000017,-3.797483,-5.6692767,9.523809,39.818295,23.685787,-25.546967
270,1969.07,94.71,3.34,7.0,63.9,-53.621143,-50.281143,5.660435,0.5100002,0.40999985,-0.07000017,11.428542,-3.797483,-5.6692767,-62.856087,39.818295,23.685787
271,1969.08,94.18,3.37,7.01,64.1,-6.7152205,-3.3452206,3.7558112,0.010000229,0.5100002,0.40999985,5.660435,11.428542,-3.797483,-53.621143,-62.856087,39.818295
272,1969.09,94.51,3.33,7.13,64.1,4.2047377,7.5347376,0.0,0.119999886,0.010000229,0.5100002,3.7558112,5.660435,11.428542,-6.7152205,-53.621143,-62.856087
273,1969.1,95.52,3.33,7.04,64.1,12.823971,16.15397,0.0,-0.09000015,0.119999886,0.010000229,0.0,3.7558112,5.660435,4.2047377,-6.7152205,-53.621143
274,1969.11,96.21,3.31,7.19,63.5,8.668372,11.978373,-11.232421,0.1500001,-0.09000015,0.119999886,0.0,0.0,3.7558112,12.823971,4.2047377,-6.7152205
275,1969.12,91.11,3.52,7.72,63.3,-63.610832,-60.09083,-3.779542,0.52999973,0.1500001,-0.09000015,-11.232421,0.0,0.0,8.668372,12.823971,4.2047377
276,1970.01,90.31,3.56,7.91,62.1,-10.536755,-6.9767547,-22.74883,0.19000006,0.52999973,0.1500001,-3.779542,-11.232421,0.0,-63.610832,8.668372,12.823971
277,1970.02,87.16,3.68,7.16,62.1,-41.85575,-38.17575,0.0,-0.75,0.19000006,0.52999973,-22.74883,-3.779542,-11.232421,-10.536755,-63.610832,8.668372
278,1970.03,88.65,3.6,6.71,62.0,20.513966,24.113966,-1.9323378,-0.4499998,-0.75,0.19000006,0.0,-22.74883,-3.779542,-41.85575,-10.536755,-63.610832
279,1970.04,85.95,3.7,6.48,61.9,-36.548283,-32.84828,-1.9354544,-0.23000002,-0.4499998,-0.75,-1.9323378,0.0,-22.74883,20.513966,-41.85575,-10.536755
280,1970.05,76.06,4.2,7.04,61.8,-138.08028,-133.88028,-1.9386549,0.55999994,-0.23000002,-0.4499998,-1.9354544,-1.9323378,0.0,-36.548283,20.513966,-41.85575
281,1970.06,75.59,4.17,6.74,61.6,-7.415218,-3.2452178,-3.88351,-0.3000002,0.55999994,-0.23000002,-1.9386549,-1.9354544,-1.9323378,-138.08028,-36.548283,20.513966
282,1970.07,75.72,4.2,6.47,61.7,2.0638428,6.2638426,1.9480966,-0.26999998,-0.3000002,0.55999994,-3.88351,-1.9386549,-1.9354544,-7.415218,-138.08028,-36.548283
283,1970.08,77.92,4.07,6.41,61.6,34.865242,38.93524,-1.9449391,-0.059999943,-0.26999998,-0.3000002,1.9480966,-3.88351,-1.9386549,2.0638428,-7.415218,-138.08028
284,1970.09,82.58,3.82,6.24,61.2,71.765976,75.585976,-7.7921634,-0.17000008,-0.059999943,-0.26999998,-1.9449391,1.9480966,-3.88351,34.865242,2.0638428,-7.415218
285,1970.1,84.37,3.74,5.93,60.0,26.011154,29.751154,-23.529427,-0.30999994,-0.17000008,-0.059999943,-7.7921634,-1.9449391,1.9480966,71.765976,34.865242,2.0638428
286,1970.11,84.28,3.72,5.29,59.6,-1.2801323,2.4398677,-8.0000305,-0.63999987,-0.30999994,-0.17000008,-23.529427,-7.7921634,-1.9449391,26.011154,71.765976,34.865242
287,1970.12,90.05,3.46,4.86,61.0,82.154785,85.614784,28.18795,-0.42999983,-0.63999987,-0.30999994,-8.0000305,-23.529427,-7.7921634,-1.2801323,26.011154,71.765976
288,1971.01,93.49,3.32,4.49,61.5,45.84113,49.16113,9.836065,-0.37000036,-0.42999983,-0.63999987,28.18795,-8.0000305,-23.529427,82.154785,-1.2801323,26.011154
289,1971.02,97.11,3.18,3.77,61.3,46.464897,49.644897,-3.902454,-0.7199998,-0.37000036,-0.42999983,9.836065,28.18795,-8.0000305,45.84113,82.154785,-1.2801323
290,1971.03,99.6,3.1,3.32,61.3,30.769203,33.8692,0.0,-0.45000005,-0.7199998,-0.37000036,-3.902454,9.836065,28.18795,46.464897,45.84113,82.154785
291,1971.04,103.04,2.99,3.78,61.6,41.445816,44.435818,5.872742,0.46000004,-0.45000005,-0.7199998,0.0,-3.902454,9.836065,30.769203,46.464897,45.84113
292,1971.05,101.64,3.04,4.14,61.9,-16.304367,-13.264367,5.8442154,0.3599999,0.46000004,-0.45000005,5.872742,0.0,-3.902454,41.445816,30.769203,46.464897
293,1971.06,99.72,3.1,4.7,62.2,-22.66822,-19.56822,5.815817,0.55999994,0.3599999,0.46000004,5.8442154,5.872742,0.0,-16.304367,41.445816,30.769203
294,1971.07,99.0,3.13,5.41,62.0,-8.664274,-5.534274,-3.8585353,0.71000004,0.55999994,0.3599999,5.815817,5.8442154,5.872742,-22.66822,-16.304367,41.445816
295,1971.08,97.24,3.18,5.08,61.7,-21.333359,-18.153358,-5.8064365,-0.32999992,0.71000004,0.55999994,-3.8585353,5.815817,5.8442154,-8.664274,-22.66822,-16.304367
296,1971.09,99.4,3.09,4.67,62.7,26.655743,29.745743,19.448946,-0.40999985,-0.32999992,0.71000004,-5.8064365,-3.8585353,5.815817,-21.333359,-8.664274,-22.66822
297,1971.1,97.29,3.16,4.49,63.1,-25.472843,-22.312843,7.6554585,-0.1800003,-0.40999985,-0.32999992,19.448946,-5.8064365,-3.8585353,26.655743,-21.333359,-8.664274
298,1971.11,92.78,3.31,4.19,63.4,-55.627533,-52.31753,5.705288,-0.2999997,-0.1800003,-0.40999985,7.6554585,19.448946,-5.8064365,-25.472843,26.655743,-21.333359
299,1971.12,99.17,3.1,4.02,64.1,82.64711,85.74711,13.249153,-0.17000008,-0.2999997,-0.1800003,5.705288,7.6554585,19.448946,-55.627533,-25.472843,26.655743
300,1972.01,103.3,2.96,3.4,65.6,49.97485,52.93485,28.081123,-0.6199999,-0.17000008,-0.2999997,13.249153,5.705288,7.6554585,82.64711,-55.627533,-25.472843
301,1972.02,105.24,2.92,3.18,66.0,22.53624,25.45624,7.3171015,-0.22000003,-0.6199999,-0.17000008,28.081123,13.249153,5.705288,49.97485,82.64711,-55.627533
302,1972.03,107.69,2.86,3.72,66.5,27.9362,30.7962,9.090909,0.53999996,-0.22000003,-0.6199999,7.3171015,28.081123,13.249153,22.53624,49.97485,82.64711
303,1972.04,108.81,2.83,3.72,67.6,12.480213,15.310213,19.849598,0.0,0.53999996,-0.22000003,9.090909,7.3171015,28.081123,27.9362,22.53624,49.97485
304,1972.05,107.65,2.88,3.65,67.5,-12.792898,-9.912898,-1.7751207,-0.06999993,0.0,0.53999996,19.849598,9.090909,7.3171015,12.480213,27.9362,22.53624
305,1972.06,108.01,2.87,3.87,67.7,4.013012,6.883012,3.5555012,0.21999979,-0.06999993,0.0,-1.7751207,19.849598,9.090909,-12.792898,12.480213,27.9362
306,1972.07,107.21,2.9,4.06,67.6,-8.8881,-5.9880996,-1.7724988,0.19000006,0.21999979,-0.06999993,3.5555012,-1.7751207,19.849598,4.013012,-12.792898,12.480213
307,1972.08,111.01,2.8,4.01,68.5,42.53338,45.333378,15.976358,-0.049999714,0.19000006,0.21999979,-1.7724988,3.5555012,-1.7751207,-8.8881,4.013012,-12.792898
308,1972.09,109.39,2.83,4.65,69.2,-17.511965,-14.681965,12.26272,0.63999987,-0.049999714,0.19000006,15.976358,-1.7724988,3.5555012,42.53338,-8.8881,4.013012
309,1972.1,109.56,2.82,4.72,70.2,1.864867,4.684867,17.341042,0.069999695,0.63999987,-0.049999714,12.26272,15.976358,-1.7724988,-17.511965,42.53338,-8.8881
310,1972.11,115.05,2.73,4.77,71.1,60.1315,62.8615,15.384642,0.05000019,0.069999695,0.63999987,17.341042,12.26272,15.976358,1.864867,-17.511965,42.53338
311,1972.12,117.5,2.7,5.06,71.7,25.554073,28.254074,10.126556,0.28999996,0.05000019,0.069999695,15.384642,17.341042,12.26272,60.1315,1.864867,-17.511965
312,1973.01,118.42,2.69,5.31,71.8,9.395726,12.085726,1.6737424,0.25,0.28999996,0.05000019,10.126556,15.384642,17.341042,25.554073,60.1315,1.864867
313,1973.02,114.16,2.8,5.56,72.8,-43.168327,-40.36833,16.713093,0.25,0.25,0.28999996,1.6737424,10.126556,15.384642,9.395726,25.554073,60.1315
314,1973.03,112.42,2.83,6.05,72.8,-18.290176,-15.460176,0.0,0.49000025,0.25,0.25,16.713093,1.6737424,10.126556,-43.168327,9.395726,25.554073
315,1973.04,110.27,2.9,6.29,73.0,-22.949669,-20.04967,3.296653,0.23999977,0.49000025,0.25,0.0,16.713093,1.6737424,-18.290176,-43.168327,9.395726
316,1973.05,107.22,3.01,6.35,73.4,-33.191208,-30.181208,6.5753675,0.059999943,0.23999977,0.49000025,3.296653,0.0,16.713093,-22.949669,-18.290176,-43.168327
317,1973.06,104.75,3.06,7.19,73.9,-27.644112,-24.584112,8.174387,0.84000015,0.059999943,0.23999977,6.5753675,3.296653,0.0,-33.191208,-22.949669,-18.290176
318,1973.07,105.83,3.04,8.02,74.4,12.372336,15.412336,8.11908,0.8300004,0.84000015,0.059999943,8.174387,6.5753675,3.296653,-27.644112,-33.191208,-22.949669
319,1973.08,103.8,3.16,8.67,74.3,-23.018034,-19.858034,-1.6128786,0.6499996,0.8300004,0.84000015,8.11908,8.174387,6.5753675,12.372336,-27.644112,-33.191208
320,1973.09,105.61,3.13,8.48,74.9,20.924828,24.054829,9.690419,-0.19000053,0.6499996,0.8300004,-1.6128786,8.11908,8.174387,-23.018034,12.372336,-27.644112
321,1973.1,109.84,3.05,7.16,75.2,48.063583,51.113583,4.806335,-1.3199997,-0.19000053,0.6499996,9.690419,-1.6128786,8.11908,20.924828,-23.018034,12.372336
322,1973.11,102.03,3.36,7.87,75.2,-85.32408,-81.96408,0.0,0.71000004,-1.3199997,-0.19000053,4.806335,9.690419,-1.6128786,48.063583,20.924828,-23.018034
323,1973.12,94.78,3.7,7.36,74.0,-85.26904,-81.569046,-19.148888,-0.50999975,0.71000004,-1.3199997,0.0,4.806335,9.690419,-85.32408,48.063583,20.924828
324,1974.01,96.11,3.64,7.75,73.0,16.839018,20.479017,-16.216217,0.38999987,-0.50999975,0.71000004,-19.148888,0.0,4.806335,-85.26904,-85.32408,48.063583
325,1974.02,93.45,3.81,7.06,72.7,-33.21199,-29.40199,-4.931557,-0.69000006,0.38999987,-0.50999975,-16.216217,-19.148888,0.0,16.839018,-85.26904,-85.32408
326,1974.03,97.44,3.65,7.99,73.0,51.23603,54.886032,4.9519076,0.9299998,-0.69000006,0.38999987,-4.931557,-16.216217,-19.148888,-33.21199,16.839018,-85.26904
327,1974.04,92.46,3.86,8.23,72.9,-61.33009,-57.47009,-1.6438105,0.23999977,0.9299998,-0.69000006,4.9519076,-4.931557,-16.216217,51.23603,-33.21199,16.839018
328,1974.05,89.67,4.0,8.43,73.8,-36.210266,-32.210266,14.81484,0.20000076,0.23999977,0.9299998,-1.6438105,4.9519076,-4.931557,-61.33009,51.23603,-33.21199
329,1974.06,89.79,4.02,8.14,74.0,1.6059251,5.625925,3.2519827,-0.28999996,0.20000076,0.23999977,14.81484,-1.6438105,4.9519076,-36.210266,-61.33009,51.23603
330,1974.07,82.82,4.42,7.75,73.6,-93.1507,-88.730705,-6.486511,-0.39000034,-0.28999996,0.20000076,3.2519827,14.81484,-1.6438105,1.6059251,-36.210266,-61.33009
331,1974.08,76.03,4.9,8.74,73.4,-98.38204,-93.48204,-3.26082,0.9899998,-0.39000034,-0.28999996,-6.486511,3.2519827,14.81484,-93.1507,1.6059251,-36.210266
332,1974.09,68.12,5.45,8.36,73.7,-124.8454,-119.3954,4.904557,-0.3800001,0.9899998,-0.39000034,-3.26082,-6.486511,3.2519827,-98.38204,-93.1507,1.6059251
333,1974.1,69.44,5.38,7.24,73.2,23.253077,28.633076,-8.141113,-1.1199999,-0.3800001,0.9899998,4.904557,-3.26082,-6.486511,-124.8454,-98.38204,-93.1507
334,1974.11,71.74,5.13,7.58,71.1,39.746464,44.876465,-34.426205,0.34000015,-1.1199999,-0.3800001,-8.141113,4.904557,-3.26082,23.253077,-124.8454,-98.38204
335,1974.12,67.07,5.43,7.18,68.1,-78.11539,-72.68539,-50.63291,-0.4000001,0.34000015,-1.1199999,-34.426205,-8.141113,4.904557,39.746464,23.253077,-124.8454
336,1975.01,72.56,5.07,6.49,66.3,98.22569,103.29569,-31.717981,-0.69000006,-0.4000001,0.34000015,-50.63291,-34.426205,-8.141113,-78.11539,39.746464,23.253077
337,1975.02,80.1,4.61,5.58,65.3,124.69682,129.30682,-18.099546,-0.90999985,-0.69000006,-0.4000001,-31.717981,-50.63291,-34.426205,98.22569,-78.11539,39.746464
338,1975.03,83.78,4.42,5.54,64.1,55.131096,59.551094,-22.05215,-0.03999996,-0.90999985,-0.69000006,-18.099546,-31.717981,-50.63291,124.69682,98.22569,-78.11539
339,1975.04,84.72,4.34,5.69,64.7,13.463869,17.80387,11.232421,0.1500001,-0.03999996,-0.90999985,-22.05215,-18.099546,-31.717981,55.131096,124.69682,98.22569
340,1975.05,90.1,4.08,5.32,64.5,76.203926,80.28393,-3.7093716,-0.3699999,0.1500001,-0.03999996,11.232421,-22.05215,-18.099546,13.463869,55.131096,124.69682
341,1975.06,92.4,4.02,5.19,65.3,30.632671,34.65267,14.883778,-0.13000011,-0.3699999,0.1500001,-3.7093716,11.232421,-22.05215,76.203926,13.463869,55.131096
342,1975.07,92.49,4.02,6.16,65.7,1.1687835,5.1887836,7.3505764,0.9699998,-0.13000011,-0.3699999,14.883778,-3.7093716,11.232421,30.632671,76.203926,13.463869
343,1975.08,85.71,4.36,6.46,66.9,-87.966255,-83.606255,21.917892,0.3000002,0.9699998,-0.13000011,7.3505764,14.883778,-3.7093716,1.1687835,30.632671,76.203926
344,1975.09,84.67,4.39,6.38,67.6,-14.560741,-10.170742,12.555998,-0.07999992,0.3000002,0.9699998,21.917892,7.3505764,14.883778,-87.966255,1.1687835,30.632671
345,1975.1,88.57,4.22,6.08,67.9,55.273438,59.49344,5.325498,-0.3000002,-0.07999992,0.3000002,12.555998,21.917892,7.3505764,-14.560741,-87.966255,1.1687835
346,1975.11,90.07,4.07,5.47,68.6,20.322908,24.392908,12.37108,-0.61000013,-0.3000002,-0.07999992,5.325498,12.555998,21.917892,55.273438,-14.560741,-87.966255
347,1975.12,88.7,4.14,5.5,69.1,-18.252506,-14.112507,8.746356,0.03000021,-0.61000013,-0.3000002,12.37108,5.325498,12.555998,20.322908,55.273438,-14.560741
348,1976.01,96.86,3.8,4.96,69.9,110.39464,114.19464,13.8929615,-0.53999996,0.03000021,-0.61000013,8.746356,12.37108,5.325498,-18.252506,20.322908,55.273438
349,1976.02,100.64,3.67,4.85,71.1,46.830463,50.500465,20.600805,-0.11000013,-0.53999996,0.03000021,13.8929615,8.746356,12.37108,110.39464,-18.252506,20.322908
350,1976.03,101.08,3.65,5.05,70.9,5.246452,8.896452,-3.375476,0.20000029,-0.11000013,-0.53999996,20.600805,13.8929615,8.746356,46.830463,110.39464,-18.252506
351,1976.04,101.93,3.66,4.88,71.2,10.090999,13.7509985,5.0774965,-0.17000008,0.20000029,-0.11000013,-3.375476,20.600805,13.8929615,5.246452,46.830463,110.39464
352,1976.05,101.16,3.76,5.18,72.0,-9.065005,-5.305005,13.483198,0.2999997,-0.17000008,0.20000029,5.0774965,-3.375476,20.600805,10.090999,5.246452,46.830463
353,1976.06,101.77,3.75,5.44,72.1,7.235978,10.985978,1.6666412,0.26000023,0.2999997,-0.17000008,13.483198,5.0774965,-3.375476,-9.065005,10.090999,5.246452
354,1976.07,104.2,3.64,5.28,72.5,28.652851,32.29285,6.657446,-0.15999985,0.26000023,0.2999997,1.6666412,13.483198,5.0774965,7.235978,-9.065005,10.090999
355,1976.08,103.29,3.74,5.15,72.9,-10.479801,-6.7398014,6.6207147,-0.13000011,-0.15999985,0.26000023,6.657446,1.6666412,13.483198,28.652851,7.235978,-9.065005
356,1976.09,105.45,3.71,5.08,73.1,25.094347,28.804348,3.292131,-0.07000017,-0.13000011,-0.15999985,6.6207147,6.657446,1.6666412,-10.479801,28.652851,7.235978
357,1976.1,101.89,3.85,4.93,73.4,-40.512066,-36.662067,4.924811,-0.1500001,-0.07000017,-0.13000011,3.292131,6.6207147,6.657446,25.094347,-10.479801,28.652851
358,1976.11,101.19,4.04,4.81,74.6,-8.244149,-4.2041492,19.618477,-0.119999886,-0.1500001,-0.07000017,4.924811,3.292131,6.6207147,-40.512066,25.094347,-10.479801
359,1976.12,104.66,3.93,4.36,75.2,41.150326,45.080326,9.65145,-0.4499998,-0.119999886,-0.1500001,19.618477,4.924811,3.292131,-8.244149,-40.512066,25.094347
360,1977.01,103.81,3.99,4.6,75.5,-9.745913,-5.755913,4.787283,0.23999977,-0.4499998,-0.119999886,9.65145,19.618477,4.924811,41.150326,-8.244149,-40.512066
361,1977.02,100.96,4.21,4.66,75.9,-32.944786,-28.734787,6.3576403,0.059999943,0.23999977,-0.4499998,4.787283,9.65145,19.618477,-9.745913,41.150326,-8.244149
362,1977.03,100.57,4.37,4.61,76.6,-4.635492,-0.26549196,11.067144,-0.049999714,0.059999943,0.23999977,6.3576403,4.787283,9.65145,-32.944786,-9.745913,41.150326
363,1977.04,99.05,4.47,4.54,77.7,-18.136581,-13.666582,17.232351,-0.07000017,-0.049999714,0.059999943,11.067144,6.3576403,4.787283,-4.635492,-32.944786,-9.745913
364,1977.05,98.76,4.57,4.94,78.3,-3.5133882,1.056612,9.266503,0.4000001,-0.07000017,-0.049999714,17.232351,11.067144,6.3576403,-18.136581,-4.635492,-32.944786
365,1977.06,99.29,4.6,5.0,78.9,6.4398394,11.039839,9.195378,0.059999943,0.4000001,-0.07000017,9.266503,17.232351,11.067144,-3.5133882,-18.136581,-4.635492
366,1977.07,100.18,4.59,5.15,78.9,10.756363,15.346363,0.0,0.1500001,0.059999943,0.4000001,9.195378,9.266503,17.232351,6.4398394,-3.5133882,-18.136581
367,1977.08,97.75,4.72,5.5,79.0,-29.107609,-24.38761,1.5208893,0.3499999,0.1500001,0.059999943,0.0,9.195378,9.266503,10.756363,6.4398394,-3.5133882
368,1977.09,96.23,4.82,5.77,79.4,-18.659805,-13.839806,6.0759726,0.26999998,0.3499999,0.1500001,1.5208893,0.0,9.195378,-29.107609,10.756363,6.4398394
369,1977.1,93.74,4.97,6.19,79.4,-31.050676,-26.080677,0.0,0.42000008,0.26999998,0.3499999,6.0759726,1.5208893,0.0,-18.659805,-29.107609,10.756363
370,1977.11,94.28,5.02,6.16,79.5,6.9127493,11.932749,1.511312,-0.03000021,0.42000008,0.26999998,0.0,6.0759726,1.5208893,-31.050676,-18.659805,-29.107609
371,1977.12,93.82,5.11,6.06,79.1,-5.8548884,-0.7448883,-6.037759,-0.099999905,-0.03000021,0.42000008,1.511312,0.0,6.0759726,6.9127493,-31.050676,-18.659805
372,1978.01,90.25,5.32,6.45,78.8,-45.661903,-40.341904,-4.5511312,0.38999987,-0.099999905,-0.03000021,-6.037759,1.511312,0.0,-5.8548884,6.9127493,-31.050676
373,1978.02,88.98,5.49,6.46,79.0,-16.886383,-11.396383,3.0456386,0.010000229,0.38999987,-0.099999905,-4.5511312,-6.037759,1.511312,-45.661903,-5.8548884,6.9127493
374,1978.03,88.82,5.68,6.32,80.0,-2.1578374,3.5221624,15.189873,-0.13999987,0.010000229,0.38999987,3.0456386,-4.5511312,-6.037759,-16.886383,-45.661903,-5.8548884
375,1978.04,92.71,5.42,6.31,82.0,52.55572,57.975723,30.0,-0.010000229,-0.13999987,0.010000229,15.189873,3.0456386,-4.5511312,-2.1578374,-16.886383,-45.661903
376,1978.05,97.41,5.2,6.43,82.3,60.834923,66.03492,4.390289,0.119999886,-0.010000229,-0.13999987,30.0,15.189873,3.0456386,52.55572,-2.1578374,-16.886383
377,1978.06,97.66,5.19,6.71,83.1,3.0797658,8.269766,11.664575,0.2800002,0.119999886,-0.010000229,4.390289,30.0,15.189873,60.834923,52.55572,-2.1578374
378,1978.07,97.19,5.25,7.07,83.3,-5.775153,-0.52515316,2.8881528,0.36000013,0.2800002,0.119999886,11.664575,4.390289,30.0,3.0797658,60.834923,52.55572
379,1978.08,103.92,4.93,7.04,83.6,83.09492,88.02492,4.3216624,-0.03000021,0.36000013,0.2800002,2.8881528,11.664575,4.390289,-5.775153,3.0797658,60.834923
380,1978.09,103.86,4.97,7.84,84.1,-0.6928125,4.2771873,7.1770334,0.8000002,-0.03000021,0.36000013,4.3216624,2.8881528,11.664575,83.09492,-5.775153,3.0797658
381,1978.1,100.58,5.11,8.13,84.5,-37.897156,-32.787155,5.707513,0.28999996,0.8000002,-0.03000021,7.1770334,4.3216624,2.8881528,-0.6928125,83.09492,-5.775153
382,1978.11,94.71,5.45,8.79,85.2,-70.03384,-64.58384,9.940785,0.65999985,0.28999996,0.8000002,5.707513,7.1770334,4.3216624,-37.897156,-0.6928125,83.09492
383,1978.12,96.11,5.39,9.12,85.4,17.738379,23.128378,2.816966,0.32999992,0.65999985,0.28999996,9.940785,5.707513,7.1770334,-70.03384,-37.897156,-0.6928125
384,1979.01,99.71,5.29,9.35,85.1,44.948475,50.238476,-4.2154994,0.2300005,0.32999992,0.65999985,2.816966,9.940785,5.707513,17.738379,-70.03384,-37.897156
385,1979.02,98.23,5.43,9.27,85.8,-17.811604,-12.381603,9.870806,-0.07999992,0.2300005,0.32999992,-4.2154994,2.816966,9.940785,44.948475,17.738379,-70.03384
386,1979.03,100.11,5.36,9.46,86.1,22.966473,28.326473,4.1957397,0.18999958,-0.07999992,0.2300005,9.870806,-4.2154994,2.816966,-17.811604,44.948475,17.738379
387,1979.04,102.07,5.35,9.49,85.2,23.494144,28.844145,-12.543575,0.029999733,0.18999958,-0.07999992,4.1957397,9.870806,-4.2154994,22.966473,-17.811604,44.948475
388,1979.05,99.73,5.58,9.58,86.2,-27.51049,-21.93049,14.084507,0.09000015,0.029999733,0.18999958,-12.543575,4.1957397,9.870806,23.494144,22.966473,-17.811604
389,1979.06,101.73,5.53,9.04,86.1,24.064974,29.594975,-1.3920902,-0.53999996,0.09000015,0.029999733,14.084507,-12.543575,4.1957397,-27.51049,23.494144,22.966473
390,1979.07,102.71,5.5,9.26,85.6,11.559961,17.059961,-6.9686413,0.22000027,-0.53999996,0.09000015,-1.3920902,14.084507,-12.543575,24.064974,-27.51049,23.494144
391,1979.08,107.36,5.3,9.45,85.3,54.327736,59.627735,-4.2055435,0.18999958,0.22000027,-0.53999996,-6.9686413,-1.3920902,14.084507,11.559961,24.064974,-27.51049
392,1979.09,108.6,5.31,10.18,85.5,13.859886,19.169886,2.8135562,0.7300005,0.18999958,0.22000027,-4.2055435,-6.9686413,-1.3920902,54.327736,11.559961,24.064974
393,1979.1,104.47,5.56,11.47,86.0,-45.63533,-40.07533,7.017544,1.29,0.7300005,0.18999958,2.8135562,-4.2055435,-6.9686413,13.859886,54.327736,11.559961
394,1979.11,103.66,5.71,11.87,85.7,-9.304078,-3.594078,-4.186089,0.39999962,1.29,0.7300005,7.017544,2.8135562,-4.2055435,-45.63533,13.859886,54.327736
395,1979.12,107.78,5.53,12.07,85.6,47.69433,53.224327,-1.400212,0.19999981,0.39999962,1.29,-4.186089,7.017544,2.8135562,-9.304078,-45.63533,13.859886
396,1980.01,110.87,5.41,12.04,85.9,34.403458,39.813457,4.2056503,-0.029999733,0.19999981,0.39999962,-1.400212,-4.186089,7.017544,47.69433,-9.304078,-45.63533
397,1980.02,115.34,5.24,12.81,86.2,48.380917,53.62092,4.190856,0.77000046,-0.029999733,0.19999981,4.2056503,-1.400212,-4.186089,34.403458,47.69433,-9.304078
398,1980.03,104.69,5.87,15.53,86.2,-110.80278,-104.93278,0.0,2.7199993,0.77000046,-0.029999733,4.190856,4.2056503,-1.400212,48.380917,34.403458,47.69433
399,1980.04,102.97,6.05,14.0,84.5,-19.715363,-13.665362,-23.665852,-1.5299997,2.7199993,0.77000046,0.0,4.190856,4.2056503,-110.80278,48.380917,34.403458
400,1980.05,107.69,5.77,9.15,82.5,55.006325,60.776325,-28.402367,-4.8500004,-1.5299997,2.7199993,-23.665852,0.0,4.190856,-19.715363,-110.80278,48.380917
401,1980.06,114.55,5.39,7.0,81.5,76.44164,81.83164,-14.545455,-2.1499996,-4.8500004,-1.5299997,-28.402367,-23.665852,0.0,55.006325,-19.715363,-110.80278
402,1980.07,119.83,5.2,8.13,81.2,55.312077,60.512077,-4.417223,1.1300001,-2.1499996,-4.8500004,-14.545455,-28.402367,-23.665852,76.44164,55.006325,-19.715363
403,1980.08,123.5,5.06,9.26,82.4,36.752045,41.812046,17.734058,1.1300001,1.1300001,-2.1499996,-4.417223,-14.545455,-28.402367,55.312077,76.44164,55.006325
404,1980.09,126.51,4.9,10.32,83.5,29.246984,34.146984,16.019396,1.0599995,1.1300001,1.1300001,17.734058,-4.417223,-14.545455,36.752045,55.312077,76.44164
405,1980.1,130.22,4.8,11.58,84.0,35.190887,39.990887,7.185629,1.2600002,1.0599995,1.1300001,16.019396,17.734058,-4.417223,29.246984,36.752045,55.312077
406,1980.11,135.65,4.63,13.89,85.5,50.03833,54.66833,21.428572,2.3100004,1.2600002,1.0599995,7.185629,16.019396,17.734058,35.190887,29.246984,36.752045
407,1980.12,133.48,4.74,15.66,85.9,-19.196445,-14.456446,5.6140566,1.7699995,2.3100004,1.2600002,21.428572,7.185629,16.019396,50.03833,35.190887,29.246984
408,1981.01,132.97,4.8,14.72,85.2,-4.5849075,0.21509266,-9.778876,-0.9399996,1.7699995,2.3100004,5.6140566,21.428572,7.185629,-19.196445,50.03833,35.190887
409,1981.02,128.4,5.0,14.9,85.4,-41.242455,-36.242455,2.816966,0.17999935,-0.9399996,1.7699995,-9.778876,5.6140566,21.428572,-4.5849075,-19.196445,50.03833
410,1981.03,133.19,4.88,13.48,85.7,44.766438,49.64644,4.215392,-1.4200001,0.17999935,-0.9399996,2.816966,-9.778876,5.6140566,-41.242455,-4.5849075,-19.196445
411,1981.04,134.43,4.86,13.63,85.0,11.171922,16.031921,-9.801592,0.15000057,-1.4200001,0.17999935,4.215392,2.816966,-9.778876,44.766438,-41.242455,-4.5849075
412,1981.05,131.73,4.98,16.3,85.6,-24.101738,-19.121738,8.470567,2.6699991,0.15000057,-1.4200001,-9.801592,4.215392,2.816966,11.171922,44.766438,-41.242455
413,1981.06,132.28,5.03,14.56,86.1,5.0102763,10.040277,7.009346,-1.7399988,2.6699991,0.15000057,8.470567,-9.801592,4.215392,-24.101738,11.171922,44.766438
414,1981.07,129.13,5.18,14.7,87.1,-28.575695,-23.395695,13.937283,0.13999939,-1.7399988,2.6699991,7.009346,8.470567,-9.801592,5.0102763,-24.101738,11.171922
415,1981.08,129.63,5.16,15.61,86.9,4.64648,9.80648,-2.7554116,0.90999985,0.13999939,-1.7399988,13.937283,7.009346,8.470567,-28.575695,5.0102763,-24.101738
416,1981.09,118.27,5.69,14.95,86.5,-105.16092,-99.47092,-5.5236115,-0.65999985,0.90999985,0.13999939,-2.7554116,13.937283,7.009346,4.64648,-28.575695,5.0102763
417,1981.1,119.8,5.65,13.87,85.8,15.523868,21.173868,-9.71094,-1.0799999,-0.65999985,0.90999985,-5.5236115,-2.7554116,13.937283,-105.16092,4.64648,-28.575695
418,1981.11,122.92,5.54,11.27,84.8,31.252037,36.792038,-13.986013,-2.5999994,-1.0799999,-0.65999985,-9.71094,-5.5236115,-2.7554116,15.523868,-105.16092,4.64648
419,1981.12,123.79,5.57,10.93,84.1,8.493356,14.063356,-9.905725,-0.34000015,-2.5999994,-1.0799999,-13.986013,-9.71094,-5.5236115,31.252037,15.523868,-105.16092
420,1982.01,117.28,5.95,12.41,82.4,-63.106895,-57.156895,-24.256794,1.4799995,-0.34000015,-2.5999994,-9.905725,-13.986013,-9.71094,8.493356,31.252037,15.523868
421,1982.02,114.5,6.06,13.78,84.2,-28.444736,-22.384737,26.213524,1.3699999,1.4799995,-0.34000015,-24.256794,-9.905725,-13.986013,-63.106895,8.493356,31.252037
422,1982.03,110.84,6.28,12.49,83.7,-38.358116,-32.078117,-7.125891,-1.29,1.3699999,1.4799995,26.213524,-24.256794,-9.905725,-28.444736,-63.106895,8.493356
423,1982.04,116.31,5.99,12.82,83.2,59.220512,65.21051,-7.168459,0.32999992,-1.29,1.3699999,-7.125891,26.213524,-24.256794,-38.358116,-28.444736,-63.106895
424,1982.05,116.35,5.97,12.15,82.7,0.4126997,6.3826995,-7.211539,-0.6700001,0.32999992,-1.29,-7.168459,-7.125891,26.213524,59.220512,-38.358116,-28.444736
425,1982.06,109.7,6.28,12.11,82.4,-68.58618,-62.306183,-4.353017,-0.03999996,-0.6700001,0.32999992,-7.211539,-7.168459,-7.125891,0.4126997,59.220512,-38.358116
426,1982.07,109.38,6.31,11.91,82.0,-3.5004525,2.8095474,-5.825265,-0.19999981,-0.03999996,-0.6700001,-4.353017,-7.211539,-7.168459,-68.58618,0.4126997,59.220512
427,1982.08,109.65,6.32,9.01,81.6,2.9621973,9.282198,-5.8536806,-2.8999996,-0.19999981,-0.03999996,-5.825265,-4.353017,-7.211539,-3.5004525,-68.58618,0.4126997
428,1982.09,122.43,5.63,8.2,81.0,139.86319,145.4932,-8.823507,-0.8100004,-2.8999996,-0.19999981,-5.8536806,-5.825265,-4.353017,2.9621973,-3.5004525,-68.58618
429,1982.1,132.66,5.12,7.75,80.3,100.26958,105.38958,-10.370325,-0.4499998,-0.8100004,-2.8999996,-8.823507,-5.8536806,-5.825265,139.86319,2.9621973,-3.5004525
430,1982.11,138.1,4.92,8.04,80.0,49.208527,54.128525,-4.4832335,0.28999996,-0.4499998,-0.8100004,-10.370325,-8.823507,-5.8536806,100.26958,139.86319,2.9621973
431,1982.12,139.37,4.93,8.01,79.3,11.035385,15.965385,-10.499954,-0.029999733,0.28999996,-0.4499998,-4.4832335,-10.370325,-8.823507,49.208527,100.26958,139.86319
432,1983.01,144.27,4.79,7.81,80.8,42.189934,46.979935,22.698612,-0.20000029,-0.029999733,0.28999996,-10.499954,-4.4832335,-10.370325,11.035385,49.208527,100.26958
433,1983.02,146.8,4.74,8.13,80.7,21.043865,25.783865,-1.485239,0.32000017,-0.20000029,-0.029999733,22.698612,-10.499954,-4.4832335,42.189934,11.035385,49.208527
434,1983.03,151.88,4.59,8.3,81.3,41.5259,46.115902,8.922024,0.17000008,0.32000017,-0.20000029,-1.485239,22.698612,-10.499954,21.043865,42.189934,11.035385
435,1983.04,157.71,4.44,8.25,82.3,46.06269,50.50269,14.760147,-0.05000019,0.17000008,0.32000017,8.922024,-1.485239,22.698612,41.5259,21.043865,42.189934
436,1983.05,164.1,4.27,8.19,83.2,48.62088,52.89088,13.122633,-0.06000042,-0.05000019,0.17000008,14.760147,8.922024,-1.485239,46.06269,41.5259,21.043865
437,1983.06,166.39,4.26,8.82,83.7,16.745836,21.005836,7.211539,0.6300001,-0.06000042,-0.05000019,13.122633,14.760147,8.922024,48.62088,46.06269,41.5259
438,1983.07,166.96,4.21,9.12,85.3,4.110877,8.320877,22.939157,0.3000002,0.6300001,-0.06000042,7.211539,13.122633,14.760147,16.745836,48.62088,46.06269
439,1983.08,162.42,4.35,9.39,86.5,-32.63063,-28.28063,16.88155,0.27000046,0.3000002,0.6300001,22.939157,7.211539,13.122633,4.110877,16.745836,48.62088
440,1983.09,167.16,4.24,9.05,87.9,35.02036,39.26036,19.421988,-0.34000015,0.27000046,0.3000002,16.88155,22.939157,7.211539,-32.63063,4.110877,16.745836
441,1983.1,167.65,4.25,8.71,88.6,3.517518,7.767518,9.5562725,-0.34000015,-0.34000015,0.27000046,19.421988,16.88155,22.939157,35.02036,-32.63063,4.110877
442,1983.11,165.23,4.31,8.71,88.8,-17.321789,-13.011789,2.7088656,0.0,-0.34000015,-0.34000015,9.5562725,19.421988,16.88155,3.517518,35.02036,-32.63063
443,1983.12,164.36,4.32,8.96,89.2,-6.31843,-1.9984298,5.405323,0.25,0.0,-0.34000015,2.7088656,9.5562725,19.421988,-17.321789,3.517518,35.02036
444,1984.01,166.39,4.27,8.93,91.0,14.8211155,19.091116,24.21529,-0.029999733,0.25,0.0,5.405323,2.7088656,9.5562725,-6.31843,-17.321789,3.517518
445,1984.02,157.25,4.59,9.03,90.9,-65.91742,-61.32742,-1.3186612,0.09999943,-0.029999733,0.25,24.21529,5.405323,2.7088656,14.8211155,-6.31843,-17.321789
446,1984.03,157.44,4.63,9.44,91.9,1.4499391,6.0799394,13.201319,0.40999985,0.09999943,-0.029999733,-1.3186612,24.21529,5.405323,-65.91742,14.8211155,-6.31843
447,1984.04,157.6,4.64,9.69,92.4,1.2195401,5.85954,6.528836,0.25,0.40999985,0.09999943,13.201319,-1.3186612,24.21529,1.4499391,-65.91742,14.8211155
448,1984.05,156.55,4.72,9.9,93.0,-7.994947,-3.2749472,7.7921877,0.21000004,0.25,0.40999985,6.528836,13.201319,-1.3186612,1.2195401,1.4499391,-65.91742
449,1984.06,153.12,4.86,9.94,93.5,-26.29198,-21.43198,6.4516134,0.03999996,0.21000004,0.25,7.7921877,6.528836,13.201319,-7.994947,1.2195401,1.4499391
450,1984.07,151.08,4.93,10.13,93.9,-15.98741,-11.057409,5.1337094,0.19000053,0.03999996,0.21000004,6.4516134,7.7921877,6.528836,-26.29198,-7.994947,1.2195401
451,1984.08,164.42,4.62,10.49,94.0,105.95708,110.57708,1.2779357,0.35999966,0.19000053,0.03999996,5.1337094,6.4516134,7.7921877,-15.98741,-26.29198,-7.994947
452,1984.09,166.11,4.54,10.41,93.9,12.334284,16.874283,-1.2765763,-0.07999992,0.35999966,0.19000053,1.2779357,5.1337094,6.4516134,105.95708,-15.98741,-26.29198
453,1984.1,164.82,4.62,9.97,93.2,-9.319077,-4.6990767,-8.945745,-0.43999958,-0.07999992,0.35999966,-1.2765763,1.2779357,5.1337094,12.334284,105.95708,-15.98741
454,1984.11,166.27,4.61,8.79,93.3,10.556949,15.166948,1.2876322,-1.1800003,-0.43999958,-0.07999992,-8.945745,-1.2765763,1.2779357,-9.319077,12.334284,105.95708
455,1984.12,164.48,4.68,8.16,92.8,-12.918808,-8.238808,-6.430868,-0.6300001,-1.1800003,-0.43999958,1.2876322,-8.945745,-1.2765763,10.556949,-9.319077,12.334284
456,1985.01,171.61,4.51,7.76,93.1,52.018517,56.52852,3.879251,-0.39999962,-0.6300001,-1.1800003,-6.430868,1.2876322,-8.945745,-12.918808,10.556949,-9.319077
457,1985.02,180.88,4.3,8.22,93.8,64.82143,69.12143,9.022615,0.46000004,-0.39999962,-0.6300001,3.879251,-6.430868,1.2876322,52.018517,-12.918808,10.556949
458,1985.03,179.42,4.37,8.57,94.1,-9.686024,-5.316024,3.8378944,0.34999943,0.46000004,-0.39999962,9.022615,3.879251,-6.430868,64.82143,52.018517,-12.918808
459,1985.04,180.62,4.37,8.0,94.5,8.025841,12.395841,5.100976,-0.5699997,0.34999943,0.46000004,3.8378944,9.022615,3.879251,-9.686024,64.82143,52.018517
460,1985.05,184.9,4.31,7.56,94.7,28.43538,32.74538,2.5396438,-0.44000006,-0.5699997,0.34999943,5.100976,3.8378944,9.022615,8.025841,-9.686024,64.82143
461,1985.06,188.89,4.21,7.01,94.4,25.895115,30.105114,-3.8014205,-0.5499997,-0.44000006,-0.5699997,2.5396438,5.100976,3.8378944,28.43538,8.025841,-9.686024
462,1985.07,192.54,4.14,7.05,94.1,23.18806,27.32806,-3.8135982,0.03999996,-0.5499997,-0.44000006,-3.8014205,2.5396438,5.100976,25.895115,28.43538,8.025841
463,1985.08,188.31,4.23,7.18,94.5,-26.363327,-22.133327,5.100976,0.12999964,0.03999996,-0.5499997,-3.8135982,-3.8014205,2.5396438,23.18806,25.895115,28.43538
464,1985.09,184.06,4.32,7.08,95.0,-27.083,-22.763,6.3492064,-0.099999905,0.12999964,0.03999996,5.100976,-3.8135982,-3.8014205,-26.363327,23.18806,25.895115
465,1985.1,186.18,4.28,7.17,94.2,13.821548,18.10155,-10.105302,0.09000015,-0.099999905,0.12999964,6.3492064,5.100976,-3.8135982,-27.083,-26.363327,23.18806
466,1985.11,197.45,4.06,7.2,94.6,72.63941,76.69941,5.095561,0.029999733,0.09000015,-0.099999905,-10.105302,6.3492064,5.100976,13.821548,-27.083,-26.363327
467,1985.12,207.26,3.88,7.07,95.6,59.62014,63.50014,12.684989,-0.12999964,0.029999733,0.09000015,5.095561,-10.105302,6.3492064,72.63941,13.821548,-27.083
468,1986.01,208.19,3.9,7.04,96.1,5.3845873,9.284588,6.2761507,-0.03000021,-0.12999964,0.029999733,12.684989,5.095561,-10.105302,59.62014,72.63941,13.821548
469,1986.02,219.37,3.72,7.03,95.5,64.44109,68.161095,-7.4921765,-0.009999752,-0.03000021,-0.12999964,6.2761507,12.684989,5.095561,5.3845873,59.62014,72.63941
470,1986.03,232.33,3.5,6.59,94.6,70.89397,74.39397,-11.30892,-0.44000006,-0.009999752,-0.03000021,-7.4921765,6.2761507,12.684989,64.44109,5.3845873,59.62014
471,1986.04,237.98,3.43,6.06,94.8,29.182598,32.6126,2.537056,-0.5300002,-0.44000006,-0.009999752,-11.30892,-7.4921765,6.2761507,70.89397,64.44109,5.3845873
472,1986.05,238.46,3.42,6.12,94.7,2.4204268,5.840427,-1.2659,0.059999943,-0.5300002,-0.44000006,2.537056,-11.30892,-7.4921765,29.182598,70.89397,64.44109
473,1986.06,245.3,3.36,6.21,94.3,34.420845,37.780846,-5.0685606,0.09000015,0.059999943,-0.5300002,-1.2659,2.537056,-11.30892,2.4204268,29.182598,70.89397
474,1986.07,240.18,3.43,5.84,94.8,-25.046932,-21.616932,6.362672,-0.3699999,0.09000015,0.059999943,-5.0685606,-1.2659,2.537056,34.420845,2.4204268,29.182598
475,1986.08,245.0,3.36,5.57,94.9,24.081978,27.441978,1.2658035,-0.26999998,-0.3699999,0.09000015,6.362672,-5.0685606,-1.2659,-25.046932,34.420845,2.4204268
476,1986.09,238.27,3.43,5.19,95.0,-32.963245,-29.533245,1.2644696,-0.3800001,-0.26999998,-0.3699999,1.2658035,6.362672,-5.0685606,24.081978,-25.046932,34.420845
477,1986.1,237.36,3.49,5.18,95.6,-4.5830545,-1.0930545,7.578928,-0.010000229,-0.3800001,-0.26999998,1.2644696,1.2658035,6.362672,-32.963245,24.081978,-25.046932
478,1986.11,245.09,3.4,5.35,96.3,39.079857,42.47986,8.786669,0.17000008,-0.010000229,-0.3800001,7.578928,1.2644696,1.2658035,-4.5830545,-32.963245,24.081978
479,1986.12,248.61,3.38,5.49,96.8,17.234507,20.614506,6.230529,0.13999987,0.17000008,-0.010000229,8.786669,7.578928,1.2644696,39.079857,-4.5830545,-32.963245
480,1987.01,264.51,3.17,5.45,96.5,76.74676,79.916756,-3.7190459,-0.03999996,0.13999987,0.17000008,6.230529,8.786669,7.578928,17.234507,39.079857,-4.5830545
481,1987.02,280.93,3.02,5.59,97.9,74.49238,77.512375,17.409346,0.14000034,-0.03999996,0.13999987,-3.7190459,6.230529,8.786669,76.74676,17.234507,39.079857
482,1987.03,292.47,2.93,5.56,98.2,49.293457,52.223457,3.6771655,-0.03000021,0.14000034,-0.03999996,17.409346,-3.7190459,6.230529,74.49238,76.74676,17.234507
483,1987.04,289.32,2.99,5.76,98.8,-12.924377,-9.934378,7.3320503,0.20000029,-0.03000021,0.14000034,3.6771655,17.409346,-3.7190459,49.293457,74.49238,76.74676
484,1987.05,289.12,3.02,5.75,99.4,-0.829582,2.190418,7.2874303,-0.010000229,0.20000029,-0.03000021,7.3320503,3.6771655,17.409346,-12.924377,49.293457,74.49238
485,1987.06,301.38,2.92,5.69,100.3,50.885483,53.80548,10.86521,-0.059999943,-0.010000229,0.20000029,7.2874303,7.3320503,3.6771655,-0.829582,-12.924377,49.293457
486,1987.07,310.09,2.83,5.78,100.6,34.680435,37.510437,3.5891771,0.09000015,-0.059999943,-0.010000229,10.86521,7.2874303,7.3320503,50.885483,-0.829582,-12.924377
487,1987.08,329.36,2.69,6.0,100.9,74.57186,77.26186,3.5785654,0.21999979,0.09000015,-0.059999943,3.5891771,10.86521,7.2874303,34.680435,50.885483,-0.829582
488,1987.09,318.66,2.78,6.32,100.7,-38.984634,-36.204636,-2.378647,0.32000017,0.21999979,0.09000015,3.5785654,3.5891771,10.86521,74.57186,34.680435,50.885483
489,1987.1,280.16,3.25,6.4,102.1,-144.98212,-141.73212,16.683235,0.07999992,0.32000017,0.21999979,-2.378647,3.5785654,3.5891771,-38.984634,74.57186,34.680435
490,1987.11,245.01,3.66,5.81,102.2,-150.55685,-146.89685,1.1753004,-0.59000015,0.07999992,0.32000017,16.683235,-2.378647,3.5785654,-144.98212,-38.984634,74.57186
491,1987.12,240.96,3.71,5.8,102.8,-19.835865,-16.125866,7.0450816,-0.009999752,-0.59000015,0.07999992,1.1753004,16.683235,-2.378647,-150.55685,-144.98212,-38.984634
492,1988.01,250.48,3.66,5.9,103.2,47.4103,51.0703,4.6691895,0.099999905,-0.009999752,-0.59000015,7.0450816,1.1753004,16.683235,-19.835865,-150.55685,-144.98212
493,1988.02,258.13,3.56,5.69,103.4,36.649677,40.20968,2.3256347,-0.21000004,0.099999905,-0.009999752,4.6691895,7.0450816,1.1753004,47.4103,-19.835865,-150.55685
494,1988.03,265.74,3.48,5.69,103.4,35.377453,38.857452,0.0,0.0,-0.21000004,0.099999905,2.3256347,4.6691895,7.0450816,36.649677,47.4103,-19.835865
495,1988.04,262.61,3.57,5.92,104.3,-14.134138,-10.564138,10.444892,0.23000002,0.0,-0.21000004,0.0,2.3256347,4.6691895,35.377453,36.649677,47.4103
496,1988.05,256.12,3.8,6.27,104.0,-29.656101,-25.856102,-3.4516172,0.3499999,0.23000002,0.0,10.444892,0.0,2.3256347,-14.134138,35.377453,36.649677
497,1988.06,270.68,3.59,6.5,104.0,68.21802,71.808014,0.0,0.23000002,0.3499999,0.23000002,-3.4516172,10.444892,0.0,-29.656101,-14.134138,35.377453
498,1988.07,269.05,3.65,6.73,104.6,-7.226267,-3.5762668,6.923059,0.23000002,0.23000002,0.3499999,0.0,-3.4516172,10.444892,68.21802,-29.656101,-14.134138
499,1988.08,263.73,3.75,7.02,105.2,-23.727829,-19.977829,6.883348,0.28999996,0.23000002,0.23000002,6.923059,0.0,-3.4516172,-7.226267,68.21802,-29.656101
500,1988.09,267.97,3.69,7.23,104.7,19.292412,22.982412,-5.703422,0.21000004,0.28999996,0.23000002,6.883348,6.923059,0.0,-23.727829,-7.226267,68.21802
501,1988.1,277.4,3.61,7.34,105.0,42.228577,45.838577,3.4384308,0.11000013,0.21000004,0.28999996,-5.703422,6.883348,6.923059,19.292412,-23.727829,-7.226267
502,1988.11,271.02,3.7,7.68,105.6,-27.599155,-23.899155,6.8571253,0.33999968,0.11000013,0.21000004,3.4384308,-5.703422,6.883348,42.228577,19.292412,-23.727829
503,1988.12,276.51,3.68,8.09,106.3,24.308262,27.988262,7.9545975,0.41000032,0.33999968,0.11000013,6.8571253,3.4384308,-5.703422,-27.599155,42.228577,19.292412
504,1989.01,285.41,3.64,8.29,106.6,38.624252,42.26425,3.3865895,0.19999981,0.41000032,0.33999968,7.9545975,6.8571253,3.4384308,24.308262,-27.599155,42.228577
505,1989.02,294.01,3.59,8.48,106.2,36.158535,39.748535,-4.5028315,0.18999958,0.19999981,0.41000032,3.3865895,7.9545975,6.8571253,38.624252,24.308262,-27.599155
506,1989.03,292.71,3.68,8.83,107.1,-5.306017,-1.6260169,10.169509,0.35000038,0.18999958,0.19999981,-4.5028315,3.3865895,7.9545975,36.158535,38.624252,24.308262
507,1989.04,302.25,3.59,8.7,107.1,39.11042,42.70042,0.0,-0.13000011,0.35000038,0.18999958,10.169509,-4.5028315,3.3865895,-5.306017,36.158535,38.624252
508,1989.05,313.93,3.52,8.4,106.7,46.372177,49.892178,-4.48181,-0.3000002,-0.13000011,0.35000038,0.0,10.169509,-4.5028315,39.11042,-5.306017,36.158535
509,1989.06,323.73,3.44,8.22,106.4,37.46065,40.90065,-3.3738942,-0.17999935,-0.3000002,-0.13000011,-4.48181,0.0,10.169509,46.372177,39.11042,-5.306017
510,1989.07,331.93,3.38,7.92,105.3,30.39563,33.77563,-12.405998,-0.3000002,-0.17999935,-0.3000002,-3.3738942,-4.48181,0.0,37.46065,46.372177,39.11042
511,1989.08,346.61,3.28,7.91,105.8,53.071404,56.351402,5.6980057,-0.010000229,-0.3000002,-0.17999935,-12.405998,-3.3738942,-4.48181,30.39563,37.46065,46.372177
512,1989.09,347.33,3.29,7.72,105.4,2.4927197,5.7827196,-4.5368795,-0.19000006,-0.010000229,-0.3000002,5.6980057,-12.405998,-3.3738942,53.071404,30.39563,37.46065
513,1989.1,347.4,3.29,7.59,105.0,0.24187025,3.5318701,-4.554097,-0.12999964,-0.19000006,-0.010000229,-4.5368795,5.6980057,-12.405998,2.4927197,53.071404,30.39563
514,1989.11,345.99,3.39,7.67,105.4,-4.870479,-1.480479,4.5714464,0.07999992,-0.12999964,-0.19000006,-4.554097,-4.5368795,5.6980057,0.24187025,2.4927197,53.071404
515,1989.12,348.57,3.32,7.64,106.1,8.948295,12.268294,7.9696045,-0.03000021,0.07999992,-0.12999964,4.5714464,-4.554097,-4.5368795,-4.870479,0.24187025,2.4927197
516,1990.01,339.97,3.41,7.64,105.5,-29.606697,-26.196697,-6.7860336,0.0,-0.03000021,0.07999992,7.9696045,4.5714464,-4.554097,8.948295,-4.870479,0.24187025
517,1990.02,330.45,3.54,7.76,106.1,-33.60293,-30.062927,6.824627,0.12000036,0.0,-0.03000021,-6.7860336,7.9696045,4.5714464,-29.606697,8.948295,-4.870479
518,1990.03,338.47,3.49,7.87,106.4,29.12388,32.61388,3.3930597,0.10999966,0.12000036,0.0,6.824627,-6.7860336,7.9696045,-33.60293,-29.606697,8.948295
519,1990.04,338.18,3.51,7.78,105.7,-1.0281863,2.4818137,-7.8947883,-0.089999676,0.10999966,0.12000036,3.3930597,6.824627,-6.7860336,29.12388,-33.60293,-29.606697
520,1990.05,350.25,3.44,7.78,106.5,42.829292,46.26929,9.082343,0.0,-0.089999676,0.10999966,-7.8947883,3.3930597,6.824627,-1.0281863,29.12388,-33.60293
521,1990.06,360.39,3.36,7.74,106.7,34.74095,38.100952,2.2534866,-0.04000044,0.0,-0.089999676,9.082343,-7.8947883,3.3930597,42.829292,-1.0281863,29.12388
522,1990.07,360.03,3.37,7.66,106.5,-1.1987542,2.1712456,-2.2492628,-0.07999992,-0.04000044,0.0,2.2534866,9.082343,-7.8947883,34.74095,42.829292,-1.0281863
523,1990.08,330.75,3.65,7.44,106.8,-97.59186,-93.94186,3.3803163,-0.21999979,-0.07999992,-0.04000044,-2.2492628,2.2534866,9.082343,-1.1987542,34.74095,42.829292
524,1990.09,315.41,3.85,7.38,106.8,-55.65531,-51.805313,0.0,-0.059999943,-0.21999979,-0.07999992,3.3803163,-2.2492628,2.2534866,-97.59186,-1.1987542,34.74095
525,1990.1,307.12,4.01,7.19,106.3,-31.539932,-27.529932,-5.617977,-0.19000006,-0.059999943,-0.21999979,0.0,3.3803163,-2.2492628,-55.65531,-97.59186,-1.1987542
526,1990.11,315.29,3.91,7.07,105.0,31.922428,35.832428,-14.675482,-0.119999886,-0.19000006,-0.059999943,-5.617977,0.0,3.3803163,-31.539932,-55.65531,-97.59186
527,1990.12,328.75,3.74,6.81,104.5,51.22899,54.96899,-5.714286,-0.26000023,-0.119999886,-0.19000006,-14.675482,-5.617977,0.0,31.922428,-31.539932,-55.65531
528,1991.01,325.49,3.82,6.3,104.4,-11.899655,-8.079656,-1.1483078,-0.50999975,-0.26000023,-0.119999886,-5.714286,-14.675482,-5.617977,51.22899,31.922428,-31.539932
529,1991.02,362.26,3.35,5.95,103.2,135.56184,138.91185,-13.793156,-0.35000038,-0.50999975,-0.26000023,-1.1483078,-5.714286,-14.675482,-11.899655,51.22899,31.922428
530,1991.03,372.28,3.26,5.91,102.5,33.191593,36.45159,-8.1395,-0.03999996,-0.35000038,-0.50999975,-13.793156,-1.1483078,-5.714286,135.56184,-11.899655,51.22899
531,1991.04,379.68,3.19,5.67,102.6,23.852995,27.042995,1.1707139,-0.23999977,-0.03999996,-0.35000038,-8.1395,-13.793156,-1.1483078,33.191593,135.56184,-11.899655
532,1991.05,377.99,3.23,5.51,103.3,-5.3413477,-2.1113477,8.187188,-0.15999985,-0.23999977,-0.03999996,1.1707139,-8.1395,-13.793156,23.852995,33.191593,135.56184
533,1991.06,378.29,3.23,5.6,104.4,0.95246434,4.1824646,12.778297,0.089999676,-0.15999985,-0.23999977,8.187188,1.1707139,-8.1395,-5.3413477,23.852995,33.191593
534,1991.07,380.33,3.2,5.58,104.5,6.471156,9.671156,1.1494077,-0.01999998,0.089999676,-0.15999985,12.778297,8.187188,1.1707139,0.95246434,-5.3413477,23.852995
535,1991.08,389.4,3.1,5.39,104.6,28.617275,31.717276,1.1483078,-0.19000006,-0.01999998,0.089999676,1.1494077,12.778297,8.187188,6.471156,0.95246434,-5.3413477
536,1991.09,387.2,3.15,5.25,105.3,-6.7796044,-3.6296043,8.030645,-0.13999987,-0.19000006,-0.01999998,1.1483078,1.1494077,12.778297,28.617275,6.471156,0.95246434
537,1991.1,386.88,3.14,5.03,105.1,-0.9917582,2.148242,-2.2792544,-0.21999979,-0.13999987,-0.19000006,8.030645,1.1483078,1.1494077,-6.7796044,28.617275,6.471156
538,1991.11,385.92,3.15,4.6,105.0,-2.9776409,0.17235923,-1.1417524,-0.4300003,-0.21999979,-0.13999987,-2.2792544,8.030645,1.1483078,-0.9917582,-6.7796044,28.617275
539,1991.12,388.51,3.11,4.12,104.7,8.053471,11.16347,-3.4286063,-0.48000002,-0.4300003,-0.21999979,-1.1417524,-2.2792544,8.030645,-2.9776409,-0.9917582,-6.7796044
540,1992.01,416.08,2.9,3.84,104.5,85.15604,88.05604,-2.2922287,-0.27999997,-0.48000002,-0.4300003,-3.4286063,-1.1417524,-2.2792544,8.053471,-2.9776409,-0.9917582
541,1992.02,412.56,2.94,3.84,105.3,-10.151863,-7.211863,9.186638,0.0,-0.27999997,-0.48000002,-2.2922287,-3.4286063,-1.1417524,85.15604,8.053471,-2.9776409
542,1992.03,407.36,3.01,4.05,105.6,-15.125109,-12.1151085,3.4187512,0.21000028,0.0,-0.27999997,9.186638,-2.2922287,-3.4286063,-10.151863,85.15604,8.053471
543,1992.04,407.41,3.02,3.81,106.3,0.14734381,3.1673439,7.9545975,-0.24000025,0.21000028,0.0,3.4187512,9.186638,-2.2922287,-15.125109,-10.151863,85.15604
544,1992.05,414.81,2.99,3.66,106.7,21.796207,24.786207,4.5154533,-0.14999986,-0.24000025,0.21000028,7.9545975,3.4187512,9.186638,0.14734381,-15.125109,-10.151863
545,1992.06,408.27,3.06,3.7,106.0,-18.919529,-15.8595295,-7.872506,0.03999996,-0.14999986,-0.24000025,4.5154533,7.9545975,3.4187512,21.796207,0.14734381,-15.125109
546,1992.07,415.05,3.0,3.28,106.8,19.927986,22.927986,9.056639,-0.42000008,0.03999996,-0.14999986,-7.872506,4.5154533,7.9545975,-18.919529,21.796207,0.14734381
547,1992.08,417.93,2.97,3.14,106.6,8.326722,11.296722,-2.2472425,-0.13999987,-0.42000008,0.03999996,9.056639,-7.872506,4.5154533,19.927986,-18.919529,21.796207
548,1992.09,418.48,3.0,2.97,106.2,1.5792644,4.5792646,-4.5028315,-0.17000008,-0.13999987,-0.42000008,-2.2472425,9.056639,-7.872506,8.326722,19.927986,-18.919529
549,1992.1,412.5,3.07,2.84,107.5,-17.147804,-14.077805,14.689301,-0.13000011,-0.17000008,-0.13999987,-4.5028315,-2.2472425,9.056639,1.5792644,8.326722,19.927986
550,1992.11,422.84,2.98,3.14,108.4,30.079988,33.05999,10.046529,0.3000002,-0.13000011,-0.17000008,14.689301,-4.5028315,-2.2472425,-17.147804,1.5792644,8.326722
551,1992.12,435.64,2.9,3.25,108.9,36.32585,39.225853,5.535055,0.109999895,0.3000002,-0.13000011,10.046529,14.689301,-4.5028315,30.079988,-17.147804,1.5792644
552,1993.01,435.23,2.88,3.06,109.3,-1.1293828,1.7506173,4.40773,-0.19000006,0.109999895,0.3000002,5.535055,10.046529,14.689301,36.32585,30.079988,-17.147804
553,1993.02,441.7,2.81,2.95,109.9,17.838848,20.648848,6.5873575,-0.109999895,-0.19000006,0.109999895,4.40773,5.535055,10.046529,-1.1293828,36.32585,30.079988
554,1993.03,450.16,2.76,2.97,110.1,22.983902,25.743902,2.1837702,0.01999998,-0.109999895,-0.19000006,6.5873575,4.40773,5.535055,17.838848,-1.1293828,36.32585
555,1993.04,443.08,2.82,2.89,110.4,-18.873335,-16.053335,3.269788,-0.07999992,0.01999998,-0.109999895,2.1837702,6.5873575,4.40773,22.983902,17.838848,-1.1293828
556,1993.05,445.25,2.8,2.96,110.3,5.877079,8.677079,-1.0869399,0.06999993,-0.07999992,0.01999998,3.269788,2.1837702,6.5873575,-18.873335,22.983902,17.838848
557,1993.06,448.06,2.81,3.1,110.1,7.5732665,10.383266,-2.1759336,0.13999987,0.06999993,-0.07999992,-1.0869399,3.269788,2.1837702,5.877079,-18.873335,22.983902
