,wage,educ,exper,tenure,nonwhite,female,married,numdep,smsa,northcen,south,west,construc,ndurman,trcommpu,trade,services,profserv,profocc,clerocc,servocc,lwage,expersq,tenursq
0,3.1,11,2,0,0,1,0,2,1,0,0,1,0,0,0,0,0,0,0,0,0,1.1314021,4,0
1,3.24,12,22,2,0,1,1,3,1,0,0,1,0,0,0,0,1,0,0,0,1,1.1755733,484,4
2,3.0,11,2,0,0,0,0,2,0,0,0,1,0,0,0,1,0,0,0,0,0,1.0986123,4,0
3,6.0,8,44,28,0,0,1,0,1,0,0,1,0,0,0,0,0,0,0,1,0,1.7917595,1936,784
4,5.3,12,7,2,0,0,1,1,0,0,0,1,0,0,0,0,0,0,0,0,0,1.6677068,49,4
5,8.75,16,9,8,0,0,1,0,1,0,0,1,0,0,0,0,0,1,1,0,0,2.1690538,81,64
6,11.25,18,15,7,0,0,0,0,1,0,0,1,0,0,0,1,0,0,1,0,0,2.4203682,225,49
7,5.0,12,5,3,0,1,0,0,1,0,0,1,0,0,0,0,0,0,1,0,0,1.609438,25,9
8,3.6,12,26,4,0,1,0,2,1,0,0,1,0,0,0,1,0,0,1,0,0,1.2809339,676,16
9,18.18,17,22,21,0,0,1,0,1,0,0,1,0,0,0,0,0,0,1,0,0,2.9003222,484,441
10,6.25,16,8,2,0,1,0,0,1,0,0,1,0,0,0,1,0,0,1,0,0,1.8325815,64,4
11,8.13,13,3,0,0,1,0,0,1,0,0,1,0,0,0,0,0,1,0,1,0,2.095561,9,0
12,8.77,12,15,0,0,0,1,2,1,0,0,1,0,0,0,0,0,0,0,0,0,2.171337,225,0
13,5.5,12,18,3,0,0,0,0,1,0,0,1,0,0,0,0,0,0,0,0,0,1.704748,324,9
14,22.2,12,31,15,0,0,1,1,1,0,0,1,0,0,0,0,0,0,1,0,0,3.1000924,961,225
15,17.33,16,14,0,0,0,1,1,1,0,0,1,0,0,0,0,0,1,1,0,0,2.8524392,196,0
16,7.5,12,10,0,0,1,1,0,1,0,0,1,0,0,0,0,0,0,0,1,0,2.014903,100,0
17,10.63,13,16,10,0,1,0,0,1,0,0,1,0,0,0,0,0,1,1,0,0,2.3636801,256,100
18,3.6,12,13,0,0,1,1,3,1,0,0,1,0,0,0,0,0,0,0,0,0,1.2809339,169,0
19,4.5,12,36,6,0,1,1,0,1,0,0,1,0,0,0,0,0,1,0,0,1,1.5040774,1296,36
20,6.88,12,11,4,0,1,0,0,1,0,0,1,0,0,0,0,0,1,1,0,0,1.9286187,121,16
21,8.48,12,29,13,0,0,1,3,1,0,0,1,0,0,0,0,0,0,0,0,0,2.1377103,841,169
22,6.33,16,9,9,0,1,0,0,1,0,0,1,0,0,0,0,0,0,1,0,0,1.8453002,81,81
23,0.53,12,3,1,0,1,0,0,1,0,0,1,0,0,0,0,1,0,0,0,1,-0.63487834,9,1
24,6.0,11,37,8,1,1,0,0,1,0,0,1,0,0,0,0,1,0,0,0,0,1.7917595,1369,64
25,9.56,16,3,3,1,0,1,1,1,0,0,1,0,1,0,0,0,0,1,0,0,2.2575877,9,9
26,7.78,16,11,10,0,0,1,1,1,0,0,1,0,0,1,0,0,0,0,0,0,2.0515563,121,100
27,12.5,16,31,0,0,0,1,0,1,0,0,1,0,0,0,0,0,0,1,0,0,2.5257287,961,0
28,12.5,15,30,0,0,0,1,2,1,0,0,1,0,0,0,0,0,0,1,0,0,2.5257287,900,0
29,3.25,8,9,1,0,1,1,2,1,0,0,1,0,0,0,0,0,0,0,0,0,1.178655,81,1
30,13.0,14,23,5,0,0,1,2,1,0,0,1,0,0,0,0,0,1,1,0,0,2.5649493,529,25
31,4.5,14,2,5,0,1,0,2,1,0,0,1,0,0,0,1,0,0,0,0,0,1.5040774,4,25
32,9.68,13,16,16,0,1,0,0,1,0,0,1,0,0,0,0,0,0,1,0,0,2.270062,256,256
33,5.0,12,7,3,0,1,0,0,1,0,0,1,0,0,0,0,0,0,0,1,0,1.609438,49,9
34,4.68,12,3,0,0,1,0,0,1,0,0,1,0,0,0,0,1,0,0,1,0,1.5432981,9,0
35,4.27,16,22,4,1,1,1,1,1,0,0,1,0,0,0,1,0,0,1,0,0,1.4516138,484,16
36,6.15,12,15,6,1,1,1,1,1,0,0,1,0,0,0,0,1,0,0,0,1,1.8164521,225,36
37,3.51,4,39,15,0,0,1,5,1,0,0,1,0,0,0,1,0,0,0,0,0,1.2556161,1521,225
38,3.0,14,3,3,0,1,1,0,1,0,0,1,0,0,0,0,0,1,0,1,0,1.0986123,9,9
39,6.25,12,11,0,0,1,0,0,1,0,0,1,0,0,0,0,0,1,0,1,0,1.8325815,121,0
40,7.81,12,3,0,0,1,1,0,1,0,0,1,0,0,0,0,1,0,0,0,1,2.055405,9,0
41,10.0,12,20,5,1,1,1,4,1,0,0,1,0,0,0,0,0,1,0,1,0,2.3025851,400,25
42,4.5,14,16,0,0,1,1,1,1,0,0,1,0,0,0,0,0,1,0,1,0,1.5040774,256,0
43,4.0,11,45,12,0,1,1,0,1,0,0,1,0,0,0,0,0,1,0,0,1,1.3862944,2025,144
44,6.38,13,11,4,0,1,0,0,1,0,0,1,0,0,0,0,0,0,0,0,0,1.8531681,121,16
45,13.7,15,20,13,0,0,1,2,1,0,0,1,0,0,0,0,0,1,1,0,0,2.6173959,400,169
46,1.67,10,1,0,0,0,0,1,1,0,0,1,0,0,0,0,1,0,0,0,0,0.5128236,1,0
47,2.93,12,36,2,0,1,1,1,1,0,0,1,0,0,0,1,0,0,1,0,0,1.0750024,1296,4
48,3.65,14,9,2,0,0,0,0,1,0,0,1,0,0,0,1,0,0,1,0,0,1.2947272,81,4
49,2.9,12,15,1,0,1,1,2,1,0,0,1,0,0,0,0,1,0,0,0,1,1.0647107,225,1
50,1.63,12,18,0,0,1,0,2,0,0,0,0,0,0,0,0,1,0,0,0,1,0.48858002,324,0
51,8.6,16,3,2,0,1,0,0,1,0,0,0,0,0,0,0,0,1,1,0,0,2.1517622,9,4
52,5.0,12,15,5,0,0,1,1,1,0,0,0,0,0,0,1,0,0,0,1,0,1.609438,225,25
53,6.0,12,7,7,0,0,1,0,1,0,0,0,0,0,0,0,0,0,0,0,0,1.7917595,49,49
54,2.5,12,2,0,0,0,0,2,0,0,0,0,0,0,0,0,0,0,0,0,0,0.91629076,4,0
55,3.25,15,3,0,0,0,0,1,0,0,0,0,0,0,0,1,0,0,0,0,1,1.178655,9,0
56,3.4,16,1,1,0,1,0,1,0,0,0,0,0,0,0,1,0,0,0,0,1,1.2237755,1,1
57,10.0,8,13,0,1,0,0,0,1,0,0,0,0,0,0,1,0,0,0,0,0,2.3025851,169,0
58,21.63,18,8,8,0,1,0,0,1,0,0,0,0,0,0,0,0,1,1,0,0,3.0740812,64,64
59,4.38,16,7,0,0,0,0,0,1,0,0,0,0,0,0,1,0,0,0,0,1,1.4770488,49,0
60,11.71,13,40,20,0,1,0,0,1,0,0,0,0,1,0,0,0,0,1,0,0,2.4604433,1600,400
61,12.39,14,42,5,0,0,0,0,1,0,0,0,0,0,0,0,0,1,1,0,0,2.5168898,1764,25
62,6.25,10,36,8,0,0,0,0,1,0,0,0,0,0,0,1,0,0,0,0,1,1.8325815,1296,64
63,3.71,10,13,0,1,1,0,4,1,0,0,0,0,0,0,0,0,1,0,1,0,1.3110319,169,0
64,7.78,14,9,3,0,0,0,0,1,0,0,0,0,0,0,0,0,1,1,0,0,2.0515563,81,9
65,19.98,14,26,23,0,0,1,2,1,0,0,0,0,0,0,0,0,0,1,0,0,2.9947317,676,529
66,6.25,16,7,4,1,1,1,3,1,0,0,0,0,0,0,0,0,1,1,0,0,1.8325815,49,16
67,10.0,12,25,3,0,0,1,3,1,0,0,0,0,0,0,0,0,1,1,0,0,2.3025851,625,9
68,5.71,16,10,5,0,0,1,1,1,0,0,0,0,0,0,0,0,1,1,0,0,1.742219,100,25
69,2.0,12,3,2,0,1,0,4,1,0,0,0,0,0,0,0,1,0,0,0,0,0.6931472,9,4
70,5.71,16,3,0,0,1,0,0,1,0,0,0,0,0,0,1,0,0,0,1,0,1.742219,9,0
71,13.08,17,17,2,1,0,1,3,1,0,0,0,0,0,0,0,0,1,1,0,0,2.5710843,289,4
72,4.91,12,17,8,0,0,1,2,1,0,0,0,0,0,0,0,0,0,0,0,0,1.5912739,289,64
73,2.91,12,20,34,0,1,1,2,1,0,0,0,0,0,0,0,1,0,0,1,0,1.0681531,400,1156
74,3.75,12,7,0,0,1,1,0,1,0,0,0,1,0,0,0,0,0,0,1,0,1.3217559,49,0
75,11.9,13,24,19,0,0,1,2,1,0,0,0,0,0,0,0,0,1,1,0,0,2.4765384,576,361
76,4.0,12,28,0,0,1,1,1,1,0,0,0,0,0,0,0,0,1,0,1,0,1.3862944,784,0
77,3.1,12,2,1,0,1,0,1,1,0,0,0,0,0,0,1,0,0,0,1,0,1.1314021,4,1
78,8.45,12,19,13,0,0,1,4,1,0,0,0,0,0,0,0,0,0,0,0,0,2.1341665,361,169
79,7.14,18,13,0,0,0,1,2,1,0,0,0,0,0,0,0,0,1,1,0,0,1.9657128,169,0
80,4.5,9,22,5,0,0,1,4,1,0,0,0,0,0,0,0,0,0,0,0,0,1.5040774,484,25
81,4.65,16,3,1,0,0,0,0,1,0,0,0,0,1,0,0,0,0,0,0,0,1.5368673,9,1
82,2.9,10,4,0,0,1,0,1,1,0,0,0,0,0,0,0,0,1,0,0,1,1.0647107,16,0
83,6.67,12,7,5,0,0,0,0,1,0,0,0,0,0,0,0,0,0,1,0,0,1.8976198,49,25
84,3.5,12,6,2,1,1,0,1,1,0,0,0,0,0,0,0,0,1,0,0,1,1.2527629,36,4
85,3.26,12,13,3,0,1,1,1,1,0,0,0,0,0,0,1,0,0,1,0,0,1.1817272,169,9
86,3.25,12,14,0,0,1,1,1,1,0,0,0,0,0,0,0,0,1,0,1,0,1.178655,196,0
87,8.0,12,14,4,0,1,0,1,1,0,0,0,0,0,0,0,0,1,1,0,0,2.0794415,196,16
88,9.85,8,40,24,1,0,1,2,1,0,0,0,0,0,0,0,0,0,0,0,0,2.2874715,1600,576
89,7.5,12,11,7,0,0,1,1,1,0,0,0,0,0,0,0,0,0,0,0,0,2.014903,121,49
90,5.91,12,14,6,0,0,1,2,0,0,0,0,0,0,1,0,0,0,0,0,0,1.7766458,196,36
91,11.76,14,40,39,0,0,1,0,1,0,0,0,0,0,1,0,0,0,1,0,0,2.464704,1600,1521
92,3.0,12,1,0,0,1,0,2,1,0,0,0,0,0,0,1,0,0,1,0,0,1.0986123,1,0
93,4.81,12,2,0,0,1,0,0,1,0,0,0,0,0,0,0,0,1,0,0,1,1.5706971,4,0
94,6.5,12,4,1,0,1,0,0,1,0,0,0,0,0,0,0,0,1,1,0,0,1.8718022,16,1
95,4.0,9,19,1,0,1,1,1,1,0,0,0,0,0,0,0,1,0,0,0,1,1.3862944,361,1
96,3.5,13,1,0,0,0,0,1,1,0,0,0,0,1,0,0,0,0,1,0,0,1.2527629,1,0
97,13.16,12,34,22,0,0,1,0,1,0,0,0,0,0,0,1,0,0,1,0,0,2.5771818,1156,484
98,4.25,14,5,2,0,0,1,2,1,0,0,0,0,0,0,1,0,0,0,0,0,1.446919,25,4
99,3.5,12,3,0,0,0,0,0,1,0,0,0,0,0,0,1,0,0,0,0,1,1.2527629,9,0
100,5.13,15,6,6,0,1,0,0,1,0,0,0,0,1,0,0,0,0,1,0,0,1.6351057,36,36
101,3.75,12,14,0,0,1,1,3,1,0,0,0,0,0,0,0,1,0,0,0,1,1.3217559,196,0
102,4.5,12,35,12,0,1,1,0,1,0,0,0,0,0,0,0,0,1,0,1,0,1.5040774,1225,144
103,7.63,12,8,4,0,1,0,0,1,0,0,0,0,0,1,0,0,0,0,1,0,2.0320878,64,16
104,15.0,14,7,7,1,0,1,1,1,0,0,0,0,0,0,0,0,0,0,0,0,2.7080503,49,49
105,6.85,15,11,3,0,1,1,2,1,0,0,0,0,0,0,0,0,1,1,0,0,1.9242487,121,9
106,13.33,12,14,11,0,0,1,2,1,0,0,0,0,0,0,1,0,0,1,0,0,2.590017,196,121
107,6.67,12,35,10,0,0,0,0,1,0,0,0,0,0,0,0,0,0,0,0,0,1.8976198,1225,100
108,2.53,12,46,0,0,1,0,0,1,0,0,0,0,0,0,1,0,0,1,0,0,0.9282193,2116,0
109,9.8,17,7,0,0,0,1,0,1,0,0,0,0,0,0,0,1,0,1,0,0,2.2823825,49,0
110,3.37,11,45,12,0,0,1,0,1,0,0,0,0,0,0,1,0,0,1,0,0,1.2149127,2025,144
111,24.98,18,29,25,0,0,1,0,1,0,0,0,0,0,0,0,0,0,1,0,0,3.2180755,841,625
112,5.4,12,6,3,0,0,1,0,1,0,0,0,0,0,0,0,1,0,0,0,0,1.686399,36,9
113,6.11,14,15,0,0,0,1,2,1,0,0,0,0,0,0,1,0,0,1,0,0,1.8099267,225,0
114,4.2,14,33,16,0,1,1,0,1,0,0,0,0,0,0,0,0,1,1,0,0,1.4350845,1089,256
115,3.75,10,15,0,0,0,0,0,1,0,0,0,0,0,0,1,0,0,0,0,0,1.3217559,225,0
116,3.5,14,5,0,0,1,1,0,0,0,1,0,0,0,0,0,0,1,0,1,0,1.2527629,25,0
117,3.64,12,7,2,0,0,0,0,1,0,1,0,0,0,0,0,0,1,0,0,1,1.2919837,49,4
118,3.8,15,6,1,0,0,1,1,1,0,1,0,0,0,0,1,0,0,0,0,0,1.3350011,36,1
119,3.0,8,33,12,0,1,1,3,0,0,1,0,0,1,0,0,0,0,0,0,0,1.0986123,1089,144
120,5.0,16,2,1,0,1,1,0,0,0,1,0,0,0,0,1,0,0,1,0,0,1.609438,4,1
121,4.63,14,4,0,0,1,1,2,1,0,1,0,0,0,0,0,0,1,0,0,1,1.5325569,16,0
122,3.0,15,1,0,0,0,0,0,1,0,1,0,0,0,0,1,0,0,1,0,0,1.0986123,1,0
123,3.2,12,29,0,0,1,0,1,1,0,1,0,0,0,0,0,0,0,0,1,0,1.1631508,841,0
124,3.91,18,17,3,0,0,1,2,0,0,1,0,0,0,0,0,0,1,1,0,0,1.3635374,289,9
125,6.43,16,17,3,0,1,1,2,0,0,1,0,0,0,0,0,0,1,1,0,0,1.8609746,289,9
126,5.48,10,36,3,0,1,1,0,1,0,1,0,0,0,0,0,0,0,0,0,0,1.7011051,1296,9
127,1.5,8,31,30,0,0,0,0,0,0,1,0,0,0,0,1,0,0,0,0,0,0.4054651,961,900
128,2.9,10,23,2,0,1,0,2,0,0,1,0,0,0,0,0,0,1,0,0,1,1.0647107,529,4
129,5.0,11,13,1,0,0,1,0,0,0,1,0,0,0,0,1,0,0,0,0,0,1.609438,169,1
130,8.92,18,3,3,0,0,1,0,1,0,1,0,0,0,0,1,0,0,1,0,0,2.1882958,9,9
131,5.0,15,15,0,0,0,0,0,1,0,1,0,0,0,0,1,0,0,1,0,0,1.609438,225,0
132,3.52,12,48,1,0,0,1,0,0,0,1,0,0,0,0,0,0,1,0,0,0,1.258461,2304,1
133,2.9,11,6,0,0,1,0,1,0,0,1,0,0,1,0,0,0,0,0,0,0,1.0647107,36,0
134,4.5,12,12,0,0,0,1,3,1,0,1,0,0,0,0,1,0,0,0,0,0,1.5040774,144,0
135,2.25,12,5,0,0,1,0,2,1,0,1,0,0,0,0,1,0,0,0,0,1,0.8109302,25,0
136,5.0,14,19,5,0,0,1,4,1,0,1,0,0,0,0,1,0,0,0,0,0,1.609438,361,25
137,10.0,16,9,3,1,0,1,2,1,0,1,0,0,0,0,0,0,0,1,0,0,2.3025851,81,9
138,3.75,2,39,13,0,0,1,0,1,0,1,0,0,0,0,0,0,1,0,0,1,1.3217559,1521,169
139,10.0,14,28,11,0,1,1,0,1,0,1,0,0,1,0,0,0,0,1,0,0,2.3025851,784,121
140,10.95,16,23,20,0,0,1,4,1,0,1,0,0,1,0,0,0,0,1,0,0,2.3933394,529,400
141,7.9,12,2,0,0,0,0,0,1,0,1,0,1,0,0,0,0,0,0,0,0,2.0668628,4,0
142,4.72,12,15,1,0,1,0,0,1,0,1,0,0,0,0,0,0,0,0,0,0,1.5518087,225,1
143,5.84,13,5,0,0,1,1,1,1,0,1,0,0,0,0,0,0,1,0,1,0,1.7647308,25,0
144,3.83,12,18,2,0,1,0,3,1,0,1,0,0,0,0,0,0,0,0,1,0,1.3428648,324,4
145,3.2,15,2,2,0,1,0,2,1,0,1,0,0,0,1,0,0,0,0,0,0,1.1631508,4,4
146,2.0,10,3,0,1,1,0,5,1,0,1,0,0,0,0,1,0,0,0,0,1,0.6931472,9,0
147,4.5,12,31,4,0,1,1,3,1,0,1,0,0,0,0,0,0,1,0,1,0,1.5040774,961,16
148,11.55,16,20,5,0,1,1,3,1,0,1,0,1,0,0,0,0,0,0,1,0,2.4466856,400,25
149,2.14,13,34,15,1,1,1,0,1,0,1,0,0,0,0,0,1,0,0,0,0,0.7608059,1156,225
150,2.38,9,5,0,1,0,0,5,1,0,1,0,0,0,0,0,0,0,0,0,1,0.86710054,25,0
151,3.75,12,11,0,0,0,0,1,1,0,1,0,0,0,0,0,0,0,0,0,0,1.3217559,121,0
152,5.52,13,31,3,0,0,0,0,1,0,1,0,0,0,0,1,0,0,0,0,0,1.7083778,961,9
153,6.5,12,8,5,0,1,1,0,1,0,1,0,0,0,1,0,0,0,0,1,0,1.8718022,64,25
154,3.1,12,2,2,0,1,0,1,1,0,1,0,0,1,0,0,0,0,0,0,0,1.1314021,4,4
155,10.0,14,18,5,0,0,1,2,1,0,1,0,0,0,0,0,0,0,1,0,0,2.3025851,324,25
156,6.63,16,3,0,0,0,1,0,1,0,1,0,0,0,0,0,0,1,1,0,0,1.8916048,9,0
157,10.0,16,3,2,0,0,1,0,1,0,1,0,0,0,1,0,0,0,1,0,0,2.3025851,9,4
158,2.31,9,4,1,0,1,0,5,0,1,0,0,0,0,0,1,0,0,0,0,1,0.8372475,16,1
159,6.88,18,4,4,0,0,0,0,1,1,0,0,0,0,0,0,0,1,1,0,0,1.9286187,16,16
160,2.83,10,1,0,0,0,0,4,1,1,0,0,0,0,0,1,0,0,0,0,0,1.0402766,1,0
161,3.13,10,1,0,0,1,0,1,1,1,0,0,0,0,0,1,0,0,1,0,0,1.141033,1,0
162,8.0,13,28,5,0,0,1,1,1,1,0,0,0,0,0,0,1,0,1,0,0,2.0794415,784,25
163,4.5,12,47,4,0,1,1,0,1,1,0,0,0,0,0,1,0,0,0,1,0,1.5040774,2209,16
164,8.65,18,13,1,0,1,0,0,1,1,0,0,0,1,0,0,0,0,1,0,0,2.1575594,169,1
165,2.0,13,2,6,0,1,0,0,1,1,0,0,0,0,0,0,1,0,0,0,1,0.6931472,4,36
166,4.75,12,48,2,0,1,1,0,1,1,0,0,0,0,0,0,0,1,0,0,1,1.5581446,2304,4
167,6.25,13,6,5,0,1,1,1,1,1,0,0,0,0,0,0,0,1,1,0,0,1.8325815,36,25
168,6.0,13,8,0,0,0,1,2,1,1,0,0,0,0,0,0,0,1,0,0,1,1.7917595,64,0
169,15.38,13,25,21,0,0,1,2,1,1,0,0,0,0,0,0,0,1,1,0,0,2.733068,625,441
170,14.58,18,13,7,0,1,0,0,1,1,0,0,0,0,0,0,0,1,1,0,0,2.6796508,169,49
171,12.5,12,8,1,0,0,0,0,1,1,0,0,0,0,0,0,0,0,0,0,0,2.5257287,64,1
172,5.25,12,19,10,0,1,1,2,1,1,0,0,0,0,1,0,0,0,0,1,0,1.658228,361,100
173,2.17,13,1,4,0,1,0,1,1,1,0,0,0,1,0,0,0,0,0,0,1,0.7747272,1,16
174,7.14,12,43,5,0,1,0,0,1,1,0,0,0,0,0,0,0,0,0,0,0,1.9657128,1849,25
175,6.22,12,19,9,0,1,1,1,1,1,0,0,0,0,0,0,0,1,0,1,0,1.8277699,361,81
176,9.0,12,11,5,0,1,1,0,1,1,0,0,0,0,0,0,0,1,1,0,0,2.1972246,121,25
177,10.0,14,43,4,0,0,1,0,1,1,0,0,0,0,0,0,0,1,1,0,0,2.3025851,1849,16
178,5.77,10,44,3,0,0,1,0,1,1,0,0,0,0,0,0,0,1,1,0,0,1.7526721,1936,9
179,4.0,12,22,11,0,1,1,2,1,1,0,0,0,1,0,0,0,0,0,0,0,1.3862944,484,121
180,8.75,16,3,2,0,0,1,1,1,1,0,0,0,1,0,0,0,0,1,0,0,2.1690538,9,4
181,6.53,16,3,2,0,1,0,0,1,1,0,0,0,0,0,0,0,1,1,0,0,1.876407,9,4
182,7.6,12,41,11,0,1,0,0,1,1,0,0,0,0,0,0,0,1,1,0,0,2.0281482,1681,121
183,5.0,14,5,0,0,0,0,0,1,1,0,0,0,0,0,1,0,0,0,0,0,1.609438,25,0
184,5.0,12,14,11,0,1,0,0,1,1,0,0,0,0,0,0,0,1,0,0,1,1.609438,196,121
185,21.86,12,24,16,0,0,1,3,1,1,0,0,0,0,0,1,0,0,1,0,0,3.0846586,576,256
186,8.64,12,28,8,0,0,1,0,1,1,0,0,0,1,0,0,0,0,1,0,0,2.1564026,784,64
187,3.3,12,25,8,0,0,1,1,1,1,0,0,0,0,0,1,0,0,0,0,0,1.1939224,625,64
188,4.44,12,3,0,0,0,0,0,1,1,0,0,0,0,0,1,0,0,1,0,0,1.4906543,9,0
189,4.55,12,11,0,0,0,1,0,0,1,0,0,0,0,0,0,0,0,0,0,0,1.5151273,121,0
190,3.5,12,7,6,1,1,1,0,0,1,0,0,0,0,0,0,0,0,0,0,0,1.2527629,49,36
191,6.25,16,9,2,0,0,1,1,0,1,0,0,0,0,0,0,0,1,1,0,0,1.8325815,81,4
192,3.85,16,5,0,0,0,1,0,1,1,0,0,0,0,0,1,0,0,0,0,0,1.3480731,25,0
193,6.18,14,9,3,0,1,1,0,1,1,0,0,0,0,0,0,0,1,1,0,0,1.8213183,81,9
194,2.91,11,1,0,0,1,0,3,1,1,0,0,0,0,0,0,1,0,1,0,0,1.0681531,1,0
195,6.25,16,2,1,1,1,0,0,1,1,0,0,0,0,0,1,0,0,1,0,0,1.8325815,4,1
196,6.25,12,13,0,0,1,1,0,1,1,0,0,0,0,0,0,0,1,0,1,0,1.8325815,169,0
197,9.05,12,10,2,0,0,1,3,1,1,0,0,1,0,0,0,0,0,1,0,0,2.2027647,100,4
198,10.0,17,5,3,0,0,1,0,1,1,0,0,0,0,0,0,0,0,1,0,0,2.3025851,25,9
199,11.11,12,30,8,0,0,1,0,1,1,0,0,0,0,0,1,0,0,1,0,0,2.4078455,900,64
200,6.88,12,31,19,0,0,1,3,1,1,0,0,0,0,0,0,0,1,0,0,1,1.9286187,961,361
201,8.75,16,1,2,1,0,0,0,1,1,0,0,0,0,0,0,0,0,1,0,0,2.1690538,1,4
202,10.0,8,9,0,0,0,1,0,1,1,0,0,1,0,0,0,0,0,0,0,0,2.3025851,81,0
203,3.05,12,10,0,0,1,1,2,1,1,0,0,0,0,0,1,0,0,0,0,0,1.1151416,100,0
204,3.0,12,38,0,0,1,1,0,0,1,0,0,0,0,0,0,1,0,0,1,0,1.0986123,1444,0
205,5.8,12,19,6,0,1,1,2,0,1,0,0,0,1,0,0,0,0,0,0,0,1.7578579,361,36
206,4.1,16,5,0,0,1,1,0,1,1,0,0,0,0,0,0,0,1,1,0,0,1.4109869,25,0
207,8.0,12,26,2,0,0,1,1,1,1,0,0,0,0,0,0,0,0,0,0,0,2.0794415,676,4
208,6.15,12,35,12,0,1,0,0,1,1,0,0,0,0,0,1,0,0,0,0,0,1.8164521,1225,144
209,2.7,9,2,0,0,1,0,1,1,1,0,0,0,0,0,1,0,0,0,1,0,0.9932518,4,0
210,2.75,13,1,2,0,1,0,1,1,1,0,0,0,0,0,0,0,1,0,0,1,1.011601,1,4
211,3.0,16,19,10,0,1,1,0,1,1,0,0,0,0,0,1,0,0,0,1,0,1.0986123,361,100
212,3.0,14,3,2,0,1,0,0,1,1,0,0,0,0,0,0,0,1,0,0,1,1.0986123,9,4
213,7.36,8,36,24,0,0,1,3,1,1,0,0,0,0,0,0,0,0,0,0,0,1.9960599,1296,576
214,7.5,14,29,24,0,0,1,1,1,1,0,0,0,0,0,0,0,0,1,0,0,2.014903,841,576
215,3.5,13,1,2,0,0,0,3,1,1,0,0,0,0,0,1,0,0,0,0,0,1.2527629,1,4
216,8.1,12,38,3,0,1,1,1,1,1,0,0,0,0,0,0,0,1,1,0,0,2.091864,1444,9
217,3.75,18,1,2,0,0,0,1,1,1,0,0,0,0,0,0,0,1,1,0,0,1.3217559,1,4
218,3.25,9,29,0,1,0,1,1,1,1,0,0,0,0,0,0,0,0,0,0,0,1.178655,841,0
219,5.83,8,36,15,0,1,1,0,0,0,0,0,0,0,0,0,0,1,0,1,0,1.7630169,1296,225
220,3.5,8,4,0,0,0,0,3,1,0,0,0,0,0,0,1,0,0,0,0,1,1.2527629,16,0
221,3.33,12,45,4,0,1,1,0,0,0,0,0,0,0,0,1,0,0,0,0,0,1.2029723,2025,16
222,4.0,14,22,3,0,1,0,0,1,0,0,0,1,0,0,0,0,0,0,1,0,1.3862944,484,9
223,3.5,12,20,4,0,1,1,2,0,0,0,0,0,0,0,0,0,1,0,1,0,1.2527629,400,16
224,6.25,16,5,0,0,0,1,0,1,0,0,0,0,1,0,0,0,0,1,0,0,1.8325815,25,0
225,2.95,8,15,2,1,1,1,1,1,0,0,0,0,1,0,0,0,0,0,0,0,1.0818052,225,4
226,5.71,13,10,2,0,1,1,0,1,0,0,0,0,0,0,1,0,0,1,0,0,1.742219,100,4
227,3.0,9,3,0,0,1,0,0,1,0,0,0,0,0,0,0,1,0,0,0,0,1.0986123,9,0
228,22.86,16,16,7,0,0,1,2,1,0,0,0,0,0,0,0,0,0,1,0,0,3.1293886,256,49
229,9.0,12,38,1,0,0,1,0,1,0,0,0,0,0,0,0,0,1,1,0,0,2.1972246,1444,1
230,8.33,15,33,26,0,0,1,1,1,0,0,0,0,0,0,0,0,1,1,0,0,2.1198635,1089,676
231,3.0,11,2,0,0,0,0,0,1,0,0,0,0,0,0,1,0,0,0,0,0,1.0986123,4,0
232,5.75,14,6,5,0,0,1,0,1,0,0,0,0,0,0,1,0,0,1,0,0,1.7491999,36,25
233,6.76,12,19,3,1,0,1,2,1,0,0,0,0,1,0,0,0,0,0,0,0,1.9110229,361,9
234,10.0,12,29,0,0,0,1,2,1,0,0,0,0,0,0,0,0,1,0,1,0,2.3025851,841,0
235,3.0,12,2,0,0,0,0,0,1,0,0,0,1,0,0,0,0,0,0,0,0,1.0986123,4,0
236,3.5,18,3,1,0,1,0,0,1,0,0,0,0,0,1,0,0,0,1,0,0,1.2527629,9,1
237,3.25,12,4,0,0,0,0,0,1,0,0,0,0,0,0,0,1,0,0,0,0,1.178655,16,0
238,4.0,12,10,1,1,1,0,0,1,0,0,0,0,0,0,0,0,1,0,1,0,1.3862944,100,1
239,2.92,12,4,0,0,1,0,1,0,0,1,0,0,0,0,1,0,0,1,0,0,1.0715836,16,0
240,3.06,12,14,10,1,1,0,3,0,0,1,0,0,0,0,1,0,0,0,0,0,1.1184149,196,100
241,3.2,12,15,5,0,1,1,1,0,0,1,0,0,0,0,0,0,1,1,0,0,1.1631508,225,25
242,4.75,12,19,0,0,0,1,3,0,0,1,0,0,0,0,0,0,0,0,0,0,1.5581446,361,0
243,3.0,14,17,0,0,1,1,4,1,0,1,0,0,0,0,0,1,0,0,1,0,1.0986123,289,0
244,18.16,16,29,7,0,0,1,1,1,0,1,0,0,1,0,0,0,0,1,0,0,2.8992214,841,49
245,3.5,12,2,0,0,1,0,2,1,0,1,0,0,0,1,0,0,0,0,1,0,1.2527629,4,0
246,4.11,14,5,0,0,0,0,0,0,0,1,0,0,0,0,0,0,1,1,0,0,1.4134231,25,0
247,1.96,11,38,3,1,1,0,0,0,0,1,0,0,0,0,0,1,0,0,0,0,0.6729445,1444,9
248,4.29,12,3,0,0,1,0,0,0,0,1,0,0,0,0,1,0,0,0,0,1,1.4562867,9,0
249,3.0,10,47,0,0,0,0,0,0,0,1,0,0,0,0,0,1,0,0,0,1,1.0986123,2209,0
250,6.45,12,7,6,0,0,1,0,0,0,1,0,0,0,0,1,0,0,0,0,0,1.8640801,49,36
251,5.2,6,47,13,1,0,1,0,1,0,1,0,1,0,0,0,0,0,0,0,0,1.6486586,2209,169
252,4.5,13,23,2,1,1,0,0,1,0,1,0,0,0,0,1,0,0,1,0,0,1.5040774,529,4
253,3.88,12,12,3,0,0,1,3,1,0,1,0,0,0,0,1,0,0,0,1,0,1.3558352,144,9
254,3.45,10,11,0,0,1,0,2,1,0,1,0,0,0,0,1,0,0,0,0,1,1.2383742,121,0
255,10.91,12,25,23,0,0,0,0,1,0,1,0,0,0,1,0,0,0,0,0,0,2.3896797,625,529
256,4.1,14,6,0,0,1,1,0,1,0,1,0,0,0,0,0,1,0,0,0,1,1.4109869,36,0
257,3.0,13,3,1,0,0,0,0,1,0,1,0,0,0,0,1,0,0,0,0,0,1.0986123,9,1
258,5.9,12,14,7,1,0,1,2,1,0,1,0,0,0,0,0,1,0,0,0,0,1.7749524,196,49
259,18.0,18,13,0,0,1,0,0,1,0,1,0,0,0,0,0,0,1,1,0,0,2.8903718,169,0
260,4.0,12,9,0,0,0,0,0,1,0,1,0,0,0,0,0,0,1,1,0,0,1.3862944,81,0
261,3.0,12,1,0,1,0,0,0,1,0,1,0,0,0,0,0,1,0,0,0,0,1.0986123,1,0
262,3.55,12,6,0,0,1,1,1,0,0,0,0,0,0,0,0,0,0,0,0,0,1.2669476,36,0
263,3.0,12,11,1,0,1,1,2,0,0,0,0,0,0,0,0,1,0,0,0,1,1.0986123,121,1
264,8.75,12,47,44,0,0,1,0,0,0,0,0,0,0,0,0,0,0,0,0,0,2.1690538,2209,1936
265,2.9,8,49,6,0,1,0,1,0,0,0,0,0,1,0,0,0,0,0,0,0,1.0647107,2401,36
266,6.26,13,37,17,0,1,1,0,1,0,0,0,0,0,0,0,0,1,1,0,0,1.8341802,1369,289
267,3.5,13,2,0,0,1,0,0,1,0,0,0,0,0,0,1,0,0,1,0,0,1.2527629,4,0
268,4.6,14,7,0,0,1,1,0,1,0,0,0,0,0,0,1,0,0,0,1,0,1.5260563,49,0
269,6.0,12,22,8,0,0,0,2,1,0,0,0,0,0,0,1,0,0,1,0,0,1.7917595,484,64
270,2.89,10,8,0,0,1,0,1,1,0,0,0,0,0,0,0,0,0,0,0,0,1.0612565,64,0
271,5.58,16,1,1,0,0,1,0,1,0,0,0,0,0,0,0,0,1,0,1,0,1.7191888,1,1
272,4.0,12,43,6,0,1,1,0,0,0,0,0,0,0,1,0,0,0,0,0,0,1.3862944,1849,36
273,6.0,16,2,2,0,0,0,0,1,0,0,0,0,1,0,0,0,0,0,0,0,1.7917595,4,4
274,4.5,12,2,1,0,1,0,2,1,0,0,0,1,0,0,0,0,0,0,0,0,1.5040774,4,1
275,2.92,14,1,3,0,0,0,0,1,0,0,0,0,0,0,0,0,1,0,1,0,1.0715836,1,9
276,4.33,18,1,0,0,0,0,0,1,0,0,0,0,0,0,1,0,0,1,0,0,1.4655675,1,0
277,18.89,17,26,20,0,0,1,2,1,0,0,0,0,0,0,0,0,1,1,0,0,2.9386327,676,400
278,4.28,13,1,1,0,1,0,2,1,0,0,0,0,0,0,1,0,0,1,0,0,1.453953,1,1
279,4.57,14,37,7,0,1,1,0,1,0,0,0,0,0,0,0,1,0,0,0,1,1.5195132,1369,49
280,6.25,15,12,4,0,1,1,2,1,0,0,0,0,0,0,0,0,1,1,0,0,1.8325815,144,16
281,2.95,14,41,23,1,0,1,0,0,1,0,0,0,0,0,0,0,1,1,0,0,1.0818052,1681,529
282,8.75,12,24,1,0,0,0,0,1,1,0,0,0,1,0,0,0,0,1,0,0,2.1690538,576,1
283,8.5,8,38,26,0,0,0,0,1,1,0,0,0,0,0,0,0,0,0,0,0,2.1400661,1444,676
284,3.75,12,18,0,0,1,1,4,1,1,0,0,0,0,0,0,0,1,0,1,0,1.3217559,324,0
285,3.15,12,26,1,0,0,1,0,1,1,0,0,0,0,0,1,0,0,1,0,0,1.1474025,676,1
286,5.0,8,45,2,0,0,0,0,0,1,0,0,0,1,0,0,0,0,0,0,0,1.609438,2025,4
287,6.46,12,27,0,0,0,1,3,0,1,0,0,0,0,0,0,0,0,0,0,0,1.8656293,729,0
288,2.0,9,2,0,0,0,0,3,0,1,0,0,0,0,0,1,0,0,0,0,1,0.6931472,4,0
289,4.79,12,41,8,0,0,1,0,1,1,0,0,0,0,0,1,0,0,1,0,0,1.5665303,1681,64
290,5.78,16,11,4,0,0,1,2,1,1,0,0,0,1,0,0,0,0,1,0,0,1.7544037,121,16
291,3.18,12,5,0,0,1,1,0,1,1,0,0,0,0,0,0,0,1,0,0,1,1.1568812,25,0
292,4.68,16,3,1,0,1,0,0,1,1,0,0,0,0,0,0,0,1,1,0,0,1.5432981,9,1
293,4.1,12,3,2,0,1,0,0,1,1,0,0,0,0,0,0,0,1,0,0,1,1.4109869,9,4
294,2.91,12,4,0,0,0,1,0,1,0,1,0,0,0,0,1,0,0,0,0,0,1.0681531,16,0
295,6.0,13,21,13,0,0,1,4,0,0,1,0,0,1,0,0,0,0,0,0,0,1.7917595,441,169
296,3.6,10,34,26,0,1,1,0,0,0,1,0,0,1,0,0,0,0,0,0,0,1.2809339,1156,676
297,3.95,6,49,6,0,0,1,6,0,0,1,0,0,0,0,0,0,0,0,0,0,1.3737156,2401,36
298,7.0,12,6,5,1,0,1,1,0,0,1,0,1,0,0,0,0,0,0,0,0,1.9459101,36,25
299,3.0,12,26,9,0,1,1,0,0,0,1,0,0,0,0,0,1,0,0,0,1,1.0986123,676,81
300,6.08,16,9,0,0,0,0,0,0,0,1,0,0,0,0,0,1,0,1,0,0,1.8050047,81,0
301,8.63,12,23,9,0,0,1,1,0,0,1,0,0,1,0,0,0,0,0,0,0,2.1552446,529,81
302,3.0,8,33,2,0,0,1,0,0,0,1,0,0,1,0,0,0,0,0,0,0,1.0986123,1089,4
303,3.75,12,5,2,0,1,1,1,0,0,1,0,0,0,0,0,0,1,0,1,0,1.3217559,25,4
304,2.9,6,49,7,0,0,1,0,0,0,1,0,0,0,0,0,0,0,0,0,1,1.0647107,2401,49
305,3.0,4,48,0,1,0,1,0,0,0,1,0,0,1,0,0,0,0,0,0,0,1.0986123,2304,0
306,6.25,11,35,31,0,0,1,0,1,0,1,0,0,0,0,1,0,0,0,0,0,1.8325815,1225,961
307,3.5,11,23,2,1,1,0,2,0,0,1,0,0,1,0,0,0,0,0,0,0,1.2527629,529,4
308,3.0,7,26,1,0,1,0,3,0,0,1,0,0,0,0,1,0,0,0,0,1,1.0986123,676,1
309,3.24,12,16,0,0,1,1,2,1,0,1,0,0,0,0,1,0,0,0,1,0,1.1755733,256,0
310,8.02,18,23,3,0,1,1,1,1,0,1,0,0,0,0,0,0,1,1,0,0,2.0819385,529,9
311,3.33,12,36,8,0,1,1,1,1,0,1,0,0,0,0,0,0,1,0,1,0,1.2029723,1296,64
312,5.25,16,4,0,0,0,0,0,1,0,1,0,0,1,0,0,0,0,1,0,0,1.658228,16,0
313,6.25,12,10,0,0,0,1,3,1,0,1,0,1,0,0,0,0,0,0,0,0,1.8325815,100,0
314,3.5,14,18,2,0,0,1,1,0,1,0,0,0,0,0,1,0,0,1,0,0,1.2527629,324,4
315,2.95,12,3,1,0,0,0,1,0,1,0,0,0,0,0,1,0,0,0,0,0,1.0818052,9,1
316,3.0,10,7,0,0,1,1,2,0,1,0,0,0,0,0,0,0,1,0,0,1,1.0986123,49,0
317,4.69,10,7,7,0,0,0,0,0,1,0,0,0,0,0,0,0,0,0,0,0,1.5454326,49,49
318,3.73,9,33,2,0,1,0,1,0,1,0,0,0,0,0,0,0,0,0,0,0,1.3164083,1089,4
319,4.0,10,34,12,0,0,1,0,0,1,0,0,0,0,0,0,0,0,0,0,0,1.3862944,1156,144
320,4.0,12,8,0,0,1,1,2,0,1,0,0,0,0,0,1,0,0,1,0,0,1.3862944,64,0
321,2.9,12,17,1,0,1,1,2,0,1,0,0,0,1,0,0,0,0,0,0,0,1.0647107,289,1
322,3.05,12,2,0,0,1,0,1,0,1,0,0,0,0,0,0,0,1,0,0,1,1.1151416,4,0
323,5.05,10,5,0,0,1,0,0,1,1,0,0,0,0,0,0,0,1,0,1,0,1.6193882,25,0
324,13.95,16,41,16,0,0,1,0,1,1,0,0,0,1,0,0,0,0,1,0,0,2.6354795,1681,256
325,18.16,16,35,28,0,0,1,1,1,1,0,0,0,1,0,0,0,0,1,0,0,2.8992214,1225,784
326,6.25,16,11,4,0,0,0,0,1,1,0,0,0,0,0,0,1,0,1,0,0,1.8325815,121,16
327,5.25,12,4,0,1,0,0,0,1,1,0,0,0,1,0,0,0,0,0,1,0,1.658228,16,0
328,4.79,12,12,3,0,1,1,3,1,1,0,0,0,0,0,0,0,1,1,0,0,1.5665303,144,9
329,3.35,7,35,0,0,1,0,1,1,0,1,0,0,0,0,0,0,0,0,0,0,1.2089603,1225,0
330,3.0,8,33,0,0,0,1,1,1,0,1,0,0,0,1,0,0,0,0,0,0,1.0986123,1089,0
331,8.43,16,8,6,0,0,1,0,1,0,1,0,0,1,0,0,0,0,1,0,0,2.1317968,64,36
332,5.7,16,2,0,0,0,0,0,1,0,1,0,0,0,0,1,0,0,1,0,0,1.7404661,4,0
333,11.98,18,8,10,0,0,1,2,1,0,1,0,0,0,1,0,0,0,1,0,0,2.4832385,64,100
334,3.5,13,29,1,0,1,1,0,0,0,1,0,0,0,0,0,0,1,0,1,0,1.2527629,841,1
335,4.24,10,14,5,1,0,1,1,0,0,1,0,0,0,0,1,0,0,0,0,0,1.4445633,196,25
336,7.0,16,26,3,0,1,1,1,1,0,1,0,0,0,0,0,0,1,1,0,0,1.9459101,676,9
337,6.0,14,11,3,0,1,1,2,1,0,1,0,0,0,0,0,0,1,0,1,0,1.7917595,121,9
338,12.22,16,10,2,0,0,0,0,1,0,1,0,0,0,0,0,0,1,1,0,0,2.503074,100,4
339,4.5,12,13,0,0,0,1,0,1,0,1,0,0,0,0,1,0,0,0,0,0,1.5040774,169,0
340,3.0,9,23,20,0,1,1,2,0,0,1,0,0,1,0,0,0,0,0,0,0,1.0986123,529,400
341,2.9,11,1,2,1,0,0,2,0,0,1,0,0,0,0,1,0,0,0,0,1,1.0647107,1,4
342,15.0,11,35,31,0,0,1,0,0,0,1,0,0,1,0,0,0,0,0,0,0,2.7080503,1225,961
343,4.0,12,5,2,0,0,1,0,0,0,1,0,1,0,0,0,0,0,0,0,0,1.3862944,25,4
344,5.25,11,13,11,0,0,1,2,0,0,1,0,0,1,0,0,0,0,0,0,0,1.658228,169,121
345,4.0,12,22,3,0,0,1,3,0,0,1,0,0,1,0,0,0,0,0,0,0,1.3862944,484,9
346,3.3,12,21,9,0,1,1,2,0,0,1,0,0,0,0,1,0,0,1,0,0,1.1939224,441,81
347,5.05,12,19,0,0,1,1,3,0,0,1,0,0,0,0,0,0,1,0,1,0,1.6193882,361,0
348,3.58,12,13,0,0,0,0,0,1,0,1,0,0,0,0,0,1,0,0,0,0,1.2753627,169,0
349,5.0,14,15,5,0,0,1,2,0,0,1,0,0,0,0,1,0,0,1,0,0,1.609438,225,25
350,4.57,14,3,0,0,0,1,0,0,0,1,0,0,0,0,0,0,1,1,0,0,1.5195132,9,0
351,12.5,18,6,2,0,0,0,0,1,0,1,0,0,0,0,0,1,0,0,1,0,2.5257287,36,4
352,3.45,12,6,5,0,1,1,0,1,0,1,0,0,0,0,1,0,0,0,1,0,1.2383742,36,25
353,4.63,12,16,1,0,1,0,0,1,0,1,0,0,0,0,0,0,1,0,1,0,1.5325569,256,1
354,10.0,12,31,2,0,0,1,0,1,0,1,0,0,0,0,1,0,0,1,0,0,2.3025851,961,4
355,2.92,11,1,0,0,1,0,1,0,1,0,0,0,0,0,1,0,0,0,0,1,1.0715836,1,0
356,4.51,12,5,2,0,0,0,0,1,1,0,0,0,0,0,1,0,0,0,0,0,1.5062972,25,4
357,6.5,17,3,0,0,0,1,0,1,1,0,0,0,0,0,0,0,1,1,0,0,1.8718022,9,0
358,7.5,16,11,0,0,0,1,0,1,1,0,0,0,0,0,0,1,0,1,0,0,2.014903,121,0
359,3.54,13,6,7,0,1,1,0,0,1,0,0,0,0,0,0,0,1,0,1,0,1.2641267,36,49
360,4.2,13,11,3,0,1,1,2,1,1,0,0,0,0,0,1,0,0,0,1,0,1.4350845,121,9
361,3.51,12,7,2,0,1,1,0,1,1,0,0,0,0,0,1,0,0,0,1,0,1.2556161,49,4
362,4.5,14,5,0,0,0,1,0,1,1,0,0,1,0,0,0,0,0,1,0,0,1.5040774,25,0
363,3.35,14,5,4,0,1,1,0,1,1,0,0,0,0,0,1,0,0,1,0,0,1.2089603,25,16
364,2.91,11,2,2,0,0,0,2,1,1,0,0,0,0,0,1,0,0,0,0,1,1.0681531,4,4
365,5.25,10,44,7,0,0,1,1,1,1,0,0,0,0,0,0,0,0,0,0,0,1.658228,1936,49
366,4.05,8,44,25,0,0,1,0,1,1,0,0,0,1,0,0,0,0,0,0,1,1.3987169,1936,625
367,3.75,14,13,0,0,1,1,3,1,1,0,0,0,0,0,1,0,0,0,1,0,1.3217559,169,0
368,3.4,12,26,15,0,1,1,1,1,1,0,0,1,0,0,0,0,0,0,1,0,1.2237755,676,225
369,3.0,10,2,1,0,1,0,1,1,0,1,0,0,0,0,1,0,0,0,1,0,1.0986123,4,1
370,6.29,17,10,3,0,0,1,1,1,0,1,0,0,0,0,0,1,0,1,0,0,1.838961,100,9
371,2.54,9,2,0,0,1,0,1,1,0,1,0,0,0,0,1,0,0,0,0,1,0.9321641,4,0
372,4.5,12,35,0,0,1,1,1,1,0,1,0,0,0,0,1,0,0,0,1,0,1.5040774,1225,0
373,3.13,12,6,5,0,1,1,1,1,0,1,0,0,0,0,0,0,1,0,1,0,1.141033,36,25
374,6.36,14,8,1,0,0,1,0,1,0,1,0,0,0,0,1,0,0,1,0,0,1.8500284,64,1
375,4.68,16,1,0,0,0,0,0,1,0,1,0,0,1,0,0,0,0,1,0,0,1.5432981,1,0
376,6.8,12,14,10,0,0,1,2,0,0,1,0,0,1,0,0,0,0,0,0,0,1.9169227,196,100
377,8.53,10,14,6,0,0,1,0,0,0,1,0,0,0,0,0,0,0,0,0,0,2.1435893,196,36
378,4.17,0,22,10,0,1,0,0,0,0,1,0,0,0,0,0,1,0,0,0,0,1.427916,484,100
379,3.75,14,8,4,0,1,1,0,0,0,1,0,0,0,1,0,0,0,1,0,0,1.3217559,64,16
380,11.1,15,1,4,0,1,0,2,0,0,1,0,0,0,0,0,0,1,0,1,0,2.4069452,1,16
381,3.26,16,15,5,1,1,1,2,1,0,1,0,0,0,0,1,0,0,1,0,0,1.1817272,225,25
382,9.13,12,14,12,0,0,1,3,1,0,1,0,0,1,0,0,0,0,1,0,0,2.2115657,196,144
383,4.5,11,37,10,0,0,1,2,1,0,1,0,0,1,0,0,0,0,0,0,0,1.5040774,1369,100
384,3.0,11,1,1,0,1,0,1,1,0,1,0,0,0,0,0,0,1,0,0,1,1.0986123,1,1
385,8.75,12,4,4,0,0,1,0,1,0,1,0,0,0,0,0,0,1,0,1,0,2.1690538,16,16
386,4.14,13,29,0,0,1,1,0,1,0,1,0,0,0,0,1,0,0,0,1,0,1.4206958,841,0
387,2.87,12,45,8,0,1,1,0,0,1,0,0,0,0,0,1,0,0,1,0,0,1.054312,2025,64
388,3.35,13,22,0,0,1,0,2,0,1,0,0,0,0,0,1,0,0,0,1,0,1.2089603,484,0
389,6.08,16,42,10,0,0,0,0,0,1,0,0,0,0,0,1,0,0,1,0,0,1.8050047,1764,100
390,3.0,15,9,0,1,0,0,0,0,1,0,0,0,0,0,0,1,0,0,0,0,1.0986123,81,0
391,4.2,16,8,0,0,1,1,1,1,1,0,0,0,0,0,0,0,1,0,1,0,1.4350845,64,0
392,5.6,15,31,15,0,1,0,2,1,1,0,0,0,0,0,0,0,1,0,0,1,1.7227666,961,225
393,10.0,12,24,24,0,0,1,0,1,1,0,0,0,1,0,0,0,0,0,0,0,2.3025851,576,576
394,12.5,18,16,5,0,0,1,1,1,1,0,0,0,0,0,0,0,1,1,0,0,2.5257287,256,25
395,3.76,6,6,0,0,0,0,4,0,0,1,0,0,0,0,0,0,0,0,0,0,1.3244189,36,0
396,3.1,6,14,0,1,1,0,5,1,0,1,0,0,0,0,1,0,0,0,1,0,1.1314021,196,0
397,4.29,12,47,25,0,1,1,2,1,0,1,0,0,1,0,0,0,0,0,1,0,1.4562867,2209,625
398,10.92,12,34,5,0,0,1,0,0,0,1,0,0,0,0,0,0,1,1,0,0,2.390596,1156,25
399,7.5,16,6,2,0,1,1,1,1,0,1,0,0,0,0,0,0,1,1,0,0,2.014903,36,4
400,4.05,9,7,4,0,1,1,1,1,0,1,0,0,0,0,0,0,0,0,0,0,1.3987169,49,16
401,4.65,12,27,2,0,0,1,3,1,0,1,0,0,0,0,0,0,0,0,0,1,1.5368673,729,4
402,5.0,11,24,5,0,0,1,0,1,0,1,0,0,0,0,1,0,0,0,0,0,1.609438,576,25
403,2.9,10,18,0,0,1,1,2,0,0,1,0,0,0,0,1,0,0,0,1,0,1.0647107,324,0
404,8.0,12,12,3,1,1,0,1,0,0,1,0,0,0,0,0,0,0,0,0,0,2.0794415,144,9
405,8.43,8,27,3,0,0,1,3,1,0,1,0,0,1,0,0,0,0,0,0,0,2.1317968,729,9
406,2.92,9,49,0,0,1,0,0,1,0,1,0,0,0,0,0,1,0,0,0,0,1.0715836,2401,0
407,6.25,17,4,0,0,1,0,0,1,0,0,1,0,0,0,1,0,0,1,0,0,1.8325815,16,0
408,6.25,16,24,2,0,1,1,2,1,0,0,1,0,0,0,0,0,1,1,0,0,1.8325815,576,4
409,5.11,11,3,0,0,0,0,0,1,0,0,1,1,0,0,0,0,0,0,0,0,1.6311995,9,0
410,4.0,10,2,0,0,1,0,1,1,0,0,1,0,0,0,0,1,0,0,0,0,1.3862944,4,0
411,4.44,8,29,11,0,0,1,3,0,0,1,0,0,0,0,1,0,0,1,0,0,1.4906543,841,121
412,6.88,13,34,21,0,0,1,0,0,0,1,0,0,0,0,0,1,0,1,0,0,1.9286187,1156,441
413,5.43,14,10,3,1,0,1,1,1,0,1,0,0,0,0,1,0,0,1,0,0,1.6919391,100,9
414,3.0,13,5,0,0,1,0,1,1,0,1,0,0,0,0,0,0,1,0,0,1,1.0986123,25,0
415,2.9,11,2,0,0,1,0,2,1,0,1,0,0,0,0,1,0,0,1,0,0,1.0647107,4,0
416,6.25,7,39,21,1,0,1,0,1,0,1,0,0,0,0,1,0,0,0,0,0,1.8325815,1521,441
417,4.34,16,5,2,1,1,0,0,1,0,1,0,0,0,0,0,0,1,0,1,0,1.4678744,25,4
418,3.25,12,14,2,0,1,1,2,0,0,1,0,0,0,1,0,0,0,0,1,0,1.178655,196,4
419,7.26,13,8,2,0,0,0,0,1,0,1,0,0,0,0,1,0,0,1,0,0,1.9823799,64,4
420,6.35,14,10,1,0,1,1,2,1,0,1,0,0,0,0,0,0,0,0,0,0,1.8484548,100,1
421,5.63,16,2,2,0,0,1,0,1,0,0,0,0,0,0,1,0,0,0,0,1,1.7281095,4,4
422,8.75,14,9,3,0,0,1,1,1,0,0,0,0,1,0,0,0,0,1,0,0,2.1690538,81,9
423,3.2,11,1,0,0,0,0,0,0,0,0,0,0,0,0,1,0,0,0,0,1,1.1631508,1,0
424,3.0,8,45,1,0,1,1,0,0,0,0,0,0,0,0,0,0,0,0,0,0,1.0986123,2025,1
425,3.0,14,33,3,0,1,1,0,1,0,0,0,0,0,0,0,0,1,0,0,1,1.0986123,1089,9
426,12.5,17,21,18,0,0,1,3,1,0,0,0,0,0,0,0,0,0,1,0,0,2.5257287,441,324
427,2.88,10,2,0,0,1,0,3,1,0,0,0,0,0,0,1,0,0,0,1,0,1.0577903,4,0
428,3.35,12,9,1,0,0,1,0,1,1,0,0,0,0,0,1,0,0,0,0,0,1.2089603,81,1
429,6.5,12,33,2,0,0,1,0,0,1,0,0,0,0,0,0,0,0,0,0,0,1.8718022,1089,4
430,10.38,18,16,2,1,0,1,1,1,1,0,0,0,0,0,0,0,1,1,0,0,2.339881,256,4
431,4.5,14,10,0,0,0,1,0,1,1,0,0,0,0,0,0,0,1,0,0,0,1.5040774,100,0
432,10.0,18,9,8,0,0,0,0,0,1,0,0,0,0,1,0,0,0,1,0,0,2.3025851,81,64
433,3.81,12,8,1,0,1,1,2,0,1,0,0,0,0,0,0,1,0,0,0,1,1.3376292,64,1
434,8.8,16,9,1,0,0,1,0,0,0,1,0,0,0,0,0,0,1,1,0,0,2.1747518,81,1
435,9.42,14,23,0,0,1,1,2,0,0,1,0,0,0,0,0,1,0,0,0,0,2.242835,529,0
436,6.33,12,23,8,0,0,1,2,0,0,1,0,0,0,0,0,0,0,1,0,0,1.8453002,529,64
437,4.0,9,22,18,1,0,0,0,0,0,1,0,0,0,0,0,0,0,0,0,0,1.3862944,484,324
438,2.9,12,37,0,0,1,1,0,0,0,1,0,0,0,0,1,0,0,1,0,0,1.0647107,1369,0
439,20.0,12,22,4,0,0,1,1,0,0,1,0,0,0,0,1,0,0,1,0,0,2.9957323,484,16
440,11.25,17,28,25,0,0,1,1,1,0,1,0,0,1,0,0,0,0,0,0,0,2.4203682,784,625
441,3.5,12,14,0,1,1,0,2,1,0,1,0,1,0,0,0,0,0,0,0,0,1.2527629,196,0
442,6.0,15,19,4,0,1,1,2,1,0,1,0,0,0,0,0,0,1,0,0,1,1.7917595,361,16
443,14.38,17,10,9,1,0,1,1,0,0,1,0,0,1,0,0,0,0,1,0,0,2.6658382,100,81
444,6.36,16,25,0,0,0,1,1,1,0,1,0,0,1,0,0,0,0,1,0,0,1.8500284,625,0
445,3.55,12,21,0,0,1,1,1,0,0,1,0,0,1,0,0,0,0,0,0,0,1.2669476,441,0
446,3.0,15,32,0,0,0,1,0,1,0,1,0,0,0,0,0,1,0,0,0,1,1.0986123,1024,0
447,4.5,16,21,10,0,0,1,1,1,0,1,0,0,0,0,1,0,0,1,0,0,1.5040774,441,100
448,6.63,12,36,0,0,1,0,0,1,0,1,0,0,0,0,1,0,0,0,1,0,1.8916048,1296,0
449,9.3,15,2,2,0,0,1,0,1,0,1,0,0,0,0,1,0,0,0,0,0,2.2300143,4,4
450,3.0,12,11,0,0,1,1,2,1,0,1,0,0,0,0,1,0,0,1,0,0,1.0986123,121,0
451,3.25,12,40,2,0,1,0,0,0,1,0,0,0,0,0,1,0,0,0,0,1,1.178655,1600,4
452,1.5,12,11,1,0,1,1,2,0,1,0,0,0,0,0,0,0,1,0,0,1,0.4054651,121,1
453,5.9,12,9,7,0,1,1,1,1,1,0,0,0,0,0,0,0,0,0,0,0,1.7749524,81,49
454,8.0,16,23,4,0,0,0,0,1,1,0,0,0,0,0,1,0,0,1,0,0,2.0794415,529,16
455,2.9,11,1,0,0,1,0,1,1,1,0,0,0,0,0,1,0,0,1,0,0,1.0647107,1,0
456,3.29,14,30,13,0,0,0,0,1,1,0,0,0,0,0,1,0,0,1,0,0,1.1908876,900,169
457,6.5,14,41,33,0,0,1,0,1,1,0,0,0,0,0,1,0,0,1,0,0,1.8718022,1681,1089
458,4.0,13,6,0,0,1,0,1,1,1,0,0,1,0,0,0,0,0,0,1,0,1.3862944,36,0
459,6.0,14,11,0,0,0,1,0,0,1,0,0,0,0,0,1,0,0,0,0,0,1.7917595,121,0
460,4.08,12,43,17,0,1,1,0,1,1,0,0,0,0,0,0,0,1,0,1,0,1.4060969,1849,289
461,3.75,12,39,2,0,1,1,0,1,1,0,0,0,0,0,0,1,0,1,0,0,1.3217559,1521,4
462,3.05,8,50,24,0,1,0,0,0,0,1,0,0,1,0,0,0,0,0,0,0,1.1151416,2500,576
463,3.5,12,26,20,0,1,1,0,0,0,1,0,0,1,0,0,0,0,0,0,0,1.2527629,676,400
464,2.92,3,51,30,1,0,0,0,1,0,1,0,0,0,0,0,1,0,0,0,1,1.0715836,2601,900
465,4.5,11,3,9,0,0,0,0,1,0,1,0,1,0,0,0,0,0,0,0,0,1.5040774,9,81
466,3.35,15,3,1,0,1,1,2,1,0,1,0,0,0,0,0,1,0,0,1,0,1.2089603,9,1
467,5.95,11,15,9,1,0,1,1,0,0,1,0,1,0,0,0,0,0,0,0,0,1.7833912,225,81
468,8.0,12,17,6,0,0,1,2,0,0,1,0,0,0,0,1,0,0,1,0,0,2.0794415,289,36
469,3.0,4,36,0,0,0,1,1,0,0,1,0,1,0,0,0,0,0,0,0,0,1.0986123,1296,0
470,5.0,9,31,9,1,0,1,6,0,0,1,0,0,0,0,0,0,0,0,0,0,1.609438,961,81
471,5.5,12,9,4,0,0,1,1,0,0,1,0,0,0,0,1,0,0,0,0,0,1.704748,81,16
472,2.65,12,42,10,0,1,1,0,1,0,0,1,0,0,0,0,1,0,0,1,0,0.97455966,1764,100
473,3.0,11,3,0,0,1,0,2,1,0,0,1,0,0,0,1,0,0,0,0,0,1.0986123,9,0
474,4.5,12,37,14,0,1,1,0,0,0,0,1,0,0,0,0,0,1,0,1,0,1.5040774,1369,196
475,17.5,16,23,22,0,0,1,3,1,0,0,1,0,0,0,1,0,0,1,0,0,2.862201,529,484
476,8.18,13,21,5,0,0,0,0,1,0,0,1,0,0,0,1,0,0,1,0,0,2.1016922,441,25
477,9.09,15,11,12,0,0,1,1,1,0,0,1,0,0,1,0,0,0,1,0,0,2.207175,121,144
478,11.82,16,35,13,0,0,1,0,1,0,0,1,0,0,1,0,0,0,1,0,0,2.469793,1225,169
479,3.25,12,42,0,0,1,1,0,1,0,0,1,0,0,0,1,0,0,1,0,0,1.178655,1764,0
480,4.5,12,3,0,0,0,0,0,1,0,0,1,0,0,0,0,0,0,0,0,0,1.5040774,9,0
481,4.5,12,13,0,0,0,1,0,1,0,0,1,0,0,0,0,0,0,0,0,0,1.5040774,169,0
482,3.71,9,14,7,0,0,1,2,0,0,1,0,0,1,0,0,0,0,0,0,0,1.3110319,196,49
483,6.5,10,14,11,0,0,1,3,0,0,1,0,0,0,0,1,0,0,0,0,0,1.8718022,196,121
484,2.9,12,39,1,0,1,1,0,0,0,1,0,0,0,0,0,0,1,0,0,1,1.0647107,1521,1
485,5.6,11,11,8,0,0,1,2,0,0,1,0,0,0,0,0,0,0,0,1,0,1.7227666,121,64
486,2.23,8,28,3,0,0,1,4,0,0,1,0,0,0,0,0,0,1,1,0,0,0.8020016,784,9
487,5.0,6,18,0,0,1,1,3,1,0,0,1,0,0,0,1,0,0,0,0,1,1.609438,324,0
488,8.33,16,6,2,0,0,1,0,1,0,0,1,0,0,1,0,0,0,0,1,0,2.1198635,36,4
489,2.9,12,26,1,0,1,0,4,1,0,1,0,0,0,0,1,0,0,0,1,0,1.0647107,676,1
490,6.25,12,21,6,0,0,1,3,1,0,1,0,0,0,0,1,0,0,1,0,0,1.8325815,441,36
491,4.55,16,34,2,0,0,1,0,0,0,1,0,0,0,0,0,0,1,1,0,0,1.5151273,1156,4
492,3.28,12,17,2,0,1,0,0,0,0,1,0,0,0,0,0,0,1,0,0,1,1.1878434,289,4
493,2.3,10,2,0,0,1,0,4,1,1,0,0,0,0,0,1,0,0,0,0,1,0.8329091,4,0
494,3.3,13,5,0,0,1,0,0,1,1,0,0,0,0,0,0,0,1,1,0,0,1.1939224,25,0
495,3.15,13,1,0,0,1,0,4,1,1,0,0,0,0,1,0,0,0,0,1,0,1.1474025,1,0
496,12.5,14,40,30,0,0,1,0,1,1,0,0,0,0,0,0,0,0,1,0,0,2.5257287,1600,900
497,5.15,16,39,21,0,1,0,0,1,0,0,1,0,0,0,0,0,1,0,1,0,1.6389967,1521,441
498,3.13,10,1,1,0,0,0,2,1,0,0,1,0,0,0,1,0,0,0,0,1,1.141033,1,1
499,7.25,12,14,5,0,0,1,3,1,0,0,1,0,0,1,0,0,0,0,0,0,1.9810015,196,25
500,2.9,12,2,2,0,1,0,0,1,0,0,1,0,0,0,0,0,1,0,1,0,1.0647107,4,4
501,1.75,11,2,1,0,0,0,2,1,0,0,1,0,0,0,1,0,0,0,0,1,0.5596158,4,1
502,2.89,0,42,0,0,1,1,2,0,0,0,1,0,0,0,0,1,0,0,0,0,1.0612565,1764,0
503,2.9,5,34,0,0,1,1,5,0,0,0,1,0,1,0,0,0,0,0,0,0,1.0647107,1156,0
504,17.71,16,10,3,0,0,1,1,1,0,0,1,1,0,0,0,0,0,1,0,0,2.8741293,100,9
505,6.25,16,4,3,0,0,1,0,0,0,0,1,0,0,1,0,0,0,0,0,1,1.8325815,16,9
506,2.6,9,4,0,0,0,0,1,0,0,0,1,0,0,0,1,0,0,0,0,0,0.9555114,16,0
507,6.63,15,21,3,0,1,1,2,0,0,0,1,0,0,0,0,0,1,1,0,0,1.8916048,441,9
508,3.5,12,31,3,1,1,0,1,1,0,0,1,0,0,0,0,1,0,0,0,0,1.2527629,961,9
509,6.5,12,20,14,0,0,1,3,1,0,0,1,0,0,0,1,0,0,0,0,0,1.8718022,400,196
510,3.0,12,36,1,1,1,0,0,1,0,0,1,0,0,0,0,1,0,0,0,0,1.0986123,1296,1
511,4.38,13,7,0,1,0,1,1,1,0,0,1,0,1,0,0,0,0,0,0,0,1.4770488,49,0
512,10.0,12,15,0,0,0,0,1,0,0,0,0,0,0,0,0,1,0,1,0,0,2.3025851,225,0
513,4.95,7,25,17,0,0,1,5,0,0,0,0,1,0,0,0,0,0,0,0,0,1.5993875,625,289
514,9.0,17,7,0,0,1,1,2,0,0,0,0,0,0,0,0,0,1,1,0,0,2.1972246,49,0
515,1.43,12,17,0,0,1,1,2,0,0,0,0,0,0,0,1,0,0,0,0,0,0.35767442,289,0
516,3.08,12,3,1,0,0,0,0,0,0,0,0,0,0,0,0,0,1,1,0,0,1.1249295,9,1
517,9.33,14,12,11,0,0,1,3,0,0,0,0,0,0,0,0,0,1,1,0,0,2.2332351,144,121
518,7.5,12,18,5,0,0,1,2,0,0,0,1,0,0,0,1,0,0,0,0,0,2.014903,324,25
519,4.75,13,47,1,0,0,1,0,0,0,0,1,0,0,0,1,0,0,0,0,0,1.5581446,2209,1
520,5.65,12,2,0,0,0,0,0,0,0,0,1,1,0,0,0,0,0,0,0,0,1.7316556,4,0
521,15.0,16,14,2,0,1,1,2,0,0,0,1,0,0,0,0,0,1,1,0,0,2.7080503,196,4
522,2.27,10,2,0,0,1,0,3,0,0,0,1,0,0,0,1,0,0,1,0,0,0.8197798,4,0
523,4.67,15,13,18,0,0,1,3,0,0,0,1,1,0,0,0,0,0,1,0,0,1.541159,169,324
524,11.56,16,5,1,0,0,1,0,0,0,0,1,0,1,0,0,0,0,0,0,0,2.447551,25,1
525,3.5,14,5,4,1,1,0,2,0,0,0,1,0,0,0,0,0,1,0,1,0,1.2527629,25,16
